customer_id,account_age_days,total_transactions,successful_transactions,failed_transactions,historical_success_rate,average_transaction_value,median_transaction_value,total_spend,days_since_last_success,previous_recovery_attempts,previous_recoveries,customer_segment
C100000,446,28,26,2,0.9392,4120.78,3419.85,123209.86,71,0,0,regular
C100001,308,37,34,3,0.9104,3602.47,3228.38,118310.39,86,1,1,regular
C100002,653,25,22,3,0.8786,3015.6,2393.97,75141.49,112,2,1,regular
C100003,815,23,20,3,0.8766,4875.8,3990.36,101326.77,111,0,0,regular
C100004,71,2,2,0,0.8721,2222.14,2240.15,4759.49,82,0,0,new
C100005,910,35,32,3,0.9192,11247.27,10105.92,404946.19,66,0,0,high_value
C100006,788,14,14,0,0.976,5318.19,5198.76,81851.34,20,1,1,regular
C100007,249,42,39,3,0.9247,3014.87,2501.1,110125.25,105,0,0,regular
C100008,67,2,2,0,0.8822,1150.67,921.97,2554.89,57,0,0,new
C100009,109,11,10,1,0.941,3054.92,2955.12,30913.14,83,0,0,regular
C100010,805,44,38,6,0.8733,2183.01,1885.51,71626.88,88,0,0,regular
C100011,736,78,73,5,0.9423,50433.9,44903.98,3873656.85,1,0,0,high_value
C100012,805,14,12,2,0.8544,12537.87,12764.95,150440.85,44,1,1,regular
C100013,942,17,15,2,0.8697,8523.44,7295.79,129256.4,80,0,0,regular
C100014,843,27,23,4,0.8651,5490.98,4906.49,122940.47,56,0,0,regular
C100015,801,12,12,0,0.9689,3062.28,2855.13,31941.76,78,1,1,regular
C100016,1018,12,12,0,0.9682,3788.33,3035.88,41098.75,67,0,0,regular
C100017,51,2,2,0,0.8433,4738.6,4510.88,10206.34,0,1,0,new
C100018,987,14,12,2,0.8642,1144.75,1017.01,12641.72,36,2,1,regular
C100019,519,13,13,0,0.995,3618.72,2974.6,48846.01,49,0,0,regular
C100020,291,46,46,0,0.995,6990.46,6174.89,325599.54,46,0,0,regular
C100021,327,31,28,3,0.8961,2273.02,2024.26,58325.11,4,1,1,regular
C100022,952,76,74,2,0.9777,12307.94,11492.87,850832.02,2,0,0,high_value
C100023,666,9,9,0,0.9844,5642.18,5669.9,49005.92,35,2,2,regular
C100024,147,41,37,4,0.9065,1880.39,1811.97,77509.71,102,1,1,regular
C100025,17,1,1,0,0.8124,1602.4,1396.95,1814.54,118,3,3,new
C100026,1163,11,10,1,0.8724,3106.85,3146.36,30013.03,100,2,2,regular
C100027,15,3,3,0,0.878,1380.19,1338.51,3576.81,112,0,0,new
C100028,65,3,2,1,0.822,1142.53,898.84,2354.23,111,0,0,new
C100029,284,22,19,3,0.8674,5716.98,4619.21,105936.69,82,0,0,regular
C100030,133,38,32,6,0.8455,4700.33,3912.19,150063.81,14,1,0,regular
C100031,1459,60,57,3,0.9547,74541.95,59636.6,4174897.2,44,1,1,high_value
C100032,1036,9,7,2,0.8229,2222.07,1992.09,16275.77,88,0,0,regular
C100033,637,40,38,2,0.9584,4417.73,3807.08,158024.98,47,0,0,regular
C100034,954,46,43,3,0.939,2790.41,2828.08,134120.76,32,0,0,regular
C100035,26,4,3,1,0.8548,3416.85,3052.81,10008.37,4,0,0,new
C100036,83,2,1,1,0.6731,2946.71,2448.47,2806.74,40,1,1,new
C100037,744,30,25,5,0.8386,6768.76,6856.59,190690.16,40,1,1,regular
C100038,1153,33,32,1,0.955,12580.81,11364.64,385452.9,97,1,1,regular
C100039,558,8,7,1,0.9212,3691.71,2944.27,22609.73,94,0,0,regular
C100040,739,47,44,3,0.9257,3237.08,2587.76,127704.38,13,0,0,regular
C100041,1108,9,8,1,0.9401,3639.75,3428.9,30989.98,62,2,2,regular
C100042,484,17,15,2,0.8715,1720.71,1546.49,26293.21,108,1,1,regular
C100043,1017,48,39,9,0.8189,1803.86,1677.25,71081.05,57,0,0,regular
C100044,669,30,29,1,0.9674,6532.17,6427.12,165677.54,114,0,0,regular
C100045,1062,35,33,2,0.9513,1948.37,1838.35,57816.63,10,1,1,regular
C100046,593,27,24,3,0.8779,2361.11,2330.01,54902.18,38,0,0,regular
C100047,777,38,36,2,0.9345,4233.57,4056.8,150031.19,110,0,0,regular
C100048,428,8,8,0,0.9855,3513.95,3309.63,27070.76,85,0,0,regular
C100049,83,1,1,0,0.7927,7714.52,6266.72,7720.87,33,0,0,new
C100050,43,2,1,1,0.7127,921.7,825.73,986.28,107,0,0,new
C100051,19,3,2,1,0.776,3035.21,2682.95,6317.55,45,2,0,new
C100052,959,27,22,5,0.831,8061.16,7333.77,183266.26,95,0,0,regular
C100053,555,25,22,3,0.8913,6968.17,6089.3,155956.92,39,0,0,regular
C100054,549,11,11,0,0.995,1929.94,1792.73,19324.58,40,1,1,regular
C100055,427,40,35,5,0.8663,5235.37,4576.7,188989.94,39,1,1,regular
C100056,892,18,16,2,0.8742,2930.08,2677.59,42077.74,43,1,1,regular
C100057,734,43,38,5,0.873,2884.11,2522.93,116596.39,71,1,1,regular
C100058,28,2,2,0,0.8075,580.7,578.63,1144.78,97,0,0,new
C100059,60,1,1,0,0.6776,2265.85,1970.43,2321.22,75,0,0,new
C100060,185,18,15,3,0.8332,3949.36,3773.32,65688.08,3,1,1,regular
C100061,68,31,30,1,0.9751,4735.31,4391.04,136651.12,71,2,2,regular
C100062,1029,23,21,2,0.9013,7603.6,6634.33,140503.11,51,0,0,regular
C100063,1030,12,12,0,0.995,2953.87,2876.57,39608.47,8,0,0,regular
C100064,137,30,25,5,0.8396,3272.54,3281.1,78499.73,39,3,3,regular
C100065,112,48,48,0,0.995,6673.07,6422.94,311325.08,116,1,1,regular
C100066,950,11,11,0,0.9935,1811.66,1825.54,18708.8,41,1,1,regular
C100067,658,16,14,2,0.8853,8154.26,7214.18,111425.61,85,0,0,regular
C100068,9,4,3,1,0.7818,1925.9,1924.55,5814.05,23,1,1,new
C100069,761,37,32,5,0.8547,3883.04,3845.35,137054.82,105,1,1,regular
C100070,329,11,9,2,0.8554,1724.22,1660.38,16542.96,97,1,1,regular
C100071,285,15,14,1,0.91,2387.69,2341.01,33560.85,19,0,0,regular
C100072,478,15,14,1,0.9112,9802.89,9364.04,148103.64,82,0,0,regular
C100073,1081,32,26,6,0.8139,8421.2,7603.95,241795.96,111,2,1,regular
C100074,19,1,1,0,0.874,2889.62,2637.01,2506.58,108,0,0,new
C100075,276,34,30,4,0.8944,1886.43,1660.52,58158.65,86,0,0,regular
C100076,700,24,22,2,0.9139,2395.14,2250.07,45473.19,87,1,0,regular
C100077,1068,19,17,2,0.8724,5517.92,4734.1,88404.74,60,1,0,regular
C100078,1144,43,38,5,0.894,6912.06,6618.42,283336.07,17,0,0,regular
C100079,929,41,36,5,0.8885,2785.34,2510.22,109034.51,2,0,0,regular
C100080,206,41,37,4,0.9098,3179.5,2749.52,131187.78,35,1,1,regular
C100081,334,44,40,4,0.9091,2282.49,1861.0,91251.51,30,0,0,regular
C100082,309,15,14,1,0.9583,12170.62,10239.46,149131.16,109,1,1,regular
C100083,43,4,3,1,0.7636,2885.43,2693.97,7687.08,100,0,0,new
C100084,50,4,4,0,0.8764,1492.5,1296.63,5512.06,38,0,0,new
C100085,35,4,3,1,0.8698,1446.46,1139.75,4172.99,45,2,2,new
C100086,693,29,27,2,0.9239,8735.98,7505.4,237750.83,89,0,0,regular
C100087,513,38,34,4,0.8955,2541.1,2205.49,90180.02,81,0,0,regular
C100088,18,3,3,0,0.8656,1895.62,1585.18,5111.07,106,1,1,new
C100089,340,30,28,2,0.9294,2089.33,1773.25,53042.6,87,0,0,regular
C100090,81,1,1,0,0.8414,4332.61,4112.43,3907.56,83,0,0,new
C100091,1198,31,28,3,0.8987,1607.85,1542.09,48462.95,93,1,0,regular
C100092,742,26,23,3,0.9034,4226.37,4269.21,91435.05,107,0,0,regular
C100093,321,26,24,2,0.9118,11933.38,9646.24,257764.91,45,0,0,regular
C100094,983,31,28,3,0.9066,6837.56,5844.84,187510.23,30,3,3,regular
C100095,1006,32,28,4,0.8765,5794.0,4626.45,149943.7,109,0,0,regular
C100096,1162,19,18,1,0.9559,2398.94,2224.28,41487.84,19,0,0,regular
C100097,33,2,1,1,0.6223,8069.32,6325.81,8853.69,35,1,1,new
C100098,85,2,2,0,0.9477,703.88,583.72,1337.62,16,0,0,new
C100099,623,20,18,2,0.9118,23256.53,21416.36,377784.65,100,0,0,high_value
C100100,392,45,44,1,0.9761,10142.13,8784.07,410435.49,110,0,0,high_value
C100101,317,12,10,2,0.7955,4703.72,4283.44,40466.44,50,1,1,regular
C100102,1078,47,45,2,0.9597,3800.14,3548.03,191585.11,11,0,0,regular
C100103,514,73,71,2,0.9687,18133.69,17795.42,1363570.31,28,0,0,high_value
C100104,617,38,32,6,0.8509,5257.68,4596.73,166396.35,69,0,0,regular
C100105,696,10,9,1,0.9299,4063.73,3441.72,37241.39,41,0,0,regular
C100106,939,48,42,6,0.8727,1926.44,1751.74,74941.45,90,1,1,regular
C100107,197,14,12,2,0.8645,7975.88,6354.57,92945.18,95,0,0,regular
C100108,34,2,1,1,0.6136,2828.35,2234.57,2675.48,52,0,0,new
C100109,212,74,72,2,0.9797,63372.43,56308.75,5007064.66,73,2,2,high_value
C100110,685,14,12,2,0.854,9130.58,7599.74,117568.35,7,1,1,regular
C100111,373,29,26,3,0.9068,5208.88,4071.95,126650.11,16,1,1,regular
C100112,124,40,35,5,0.8873,5270.46,4970.3,198978.66,40,0,0,regular
C100113,686,6,6,0,0.9592,7647.77,7463.29,40296.74,14,0,0,regular
C100114,27,2,2,0,0.7978,3668.97,2992.01,6683.18,1,1,1,new
C100115,686,40,32,8,0.7999,5367.07,4912.68,151465.37,82,1,1,regular
C100116,1176,16,16,0,0.9727,4018.57,4083.5,59248.13,2,0,0,regular
C100117,747,45,39,6,0.8734,14794.8,12494.23,529601.65,28,2,2,regular
C100118,639,46,43,3,0.9242,2897.35,2768.12,139557.16,86,0,0,regular
C100119,123,44,38,6,0.8537,7040.37,5765.39,253680.25,25,4,3,regular
C100120,696,49,46,3,0.9323,4279.18,4295.02,188292.61,27,0,0,regular
C100121,252,42,42,0,0.995,5911.54,4611.61,218471.77,89,0,0,regular
C100122,58,2,2,0,0.8483,2045.39,1740.09,3558.14,2,0,0,new
C100123,243,49,43,6,0.8824,3732.69,3786.24,146993.88,38,0,0,regular
C100124,16,1,1,0,0.8277,1484.22,1396.6,1321.5,64,2,2,new
C100125,404,31,25,6,0.8219,5277.29,4384.6,125781.84,8,1,1,regular
C100126,554,5,5,0,0.995,3062.7,2970.6,13871.17,78,0,0,regular
C100127,50,1,1,0,0.8074,4190.49,4171.8,3785.9,50,1,1,new
C100128,63,1,1,0,0.8159,2437.36,2186.17,2545.24,37,1,1,new
C100129,1110,47,40,7,0.849,3467.2,2834.25,157082.45,68,0,0,regular
C100130,34,1,1,0,0.7651,13774.65,11599.11,11760.03,4,0,0,new
C100131,812,90,89,1,0.9934,42861.45,43133.51,4049907.92,72,1,1,high_value
C100132,1178,28,24,4,0.8409,4422.55,3620.59,111210.47,55,0,0,regular
C100133,770,43,42,1,0.9768,3478.3,2973.45,149816.16,7,1,1,regular
C100134,107,29,26,3,0.9045,7062.96,5755.81,194230.94,94,0,0,regular
C100135,15,3,2,1,0.8103,2481.38,1998.36,4975.7,54,0,0,new
C100136,415,30,28,2,0.9466,23565.26,21333.3,744334.93,8,0,0,high_value
C100137,374,39,39,0,0.995,6428.58,5626.36,225008.17,43,0,0,regular
C100138,334,37,31,6,0.8267,3592.79,2842.18,110492.64,89,0,0,regular
C100139,90,3,2,1,0.6966,12540.11,10218.26,26231.68,53,1,0,new
C100140,489,7,7,0,0.9672,2877.54,2270.49,22612.5,46,0,0,regular
C100141,395,22,20,2,0.923,1932.22,1518.53,38498.71,5,0,0,regular
C100142,856,30,28,2,0.9254,34626.95,28492.19,1108296.89,7,0,0,high_value
C100143,451,23,22,1,0.9679,1239.16,1187.7,28541.28,35,3,3,regular
C100144,320,39,38,1,0.9707,11014.0,8629.96,443545.18,32,2,2,regular
C100145,576,33,31,2,0.9299,4783.3,4080.51,162437.49,77,0,0,regular
C100146,1134,38,33,5,0.8733,1911.5,1750.07,67506.01,56,0,0,regular
C100147,636,38,34,4,0.8825,2547.21,2441.47,87193.03,15,1,0,regular
C100148,741,49,45,4,0.9271,1688.13,1591.39,82178.96,78,0,0,regular
C100149,52,3,2,1,0.7694,1151.79,1171.63,1982.74,115,0,0,new
C100150,759,31,31,0,0.9897,2029.78,1717.5,71092.61,103,0,0,regular
C100151,314,44,44,0,0.995,6081.98,4744.15,293550.43,119,1,1,regular
C100152,28,4,4,0,0.995,1760.95,1389.69,7334.69,57,0,0,new
C100153,616,37,34,3,0.9314,3383.32,2718.18,100150.8,43,2,2,regular
C100154,74,3,3,0,0.8769,6200.84,6288.01,17458.04,6,0,0,new
C100155,230,48,48,0,0.995,6541.62,5997.43,290789.51,81,0,0,regular
C100156,180,27,27,0,0.995,8949.16,8697.22,224014.38,52,0,0,regular
C100157,458,13,10,3,0.8059,3076.55,3127.07,32353.99,76,2,1,regular
C100158,1102,37,33,4,0.8911,4420.23,4343.43,162327.51,36,0,0,regular
C100159,877,47,44,3,0.94,3073.7,2698.18,142611.92,20,0,0,regular
C100160,38,2,2,0,0.8328,3609.01,3573.68,6977.13,82,1,1,new
C100161,950,40,37,3,0.9196,15743.74,13919.04,664519.98,46,0,0,high_value
C100162,532,34,34,0,0.995,3489.01,2816.86,131530.06,63,0,0,regular
C100163,77,4,3,1,0.794,2046.66,1865.64,6481.53,117,2,1,new
C100164,555,29,26,3,0.9003,5366.06,5364.88,135225.96,33,2,2,regular
C100165,535,9,8,1,0.865,4507.99,4365.03,38052.74,15,2,2,regular
C100166,470,30,27,3,0.8983,6097.38,5344.12,160085.12,85,1,0,regular
C100167,118,30,27,3,0.8965,4220.19,4157.59,102158.13,69,0,0,regular
C100168,1037,43,42,1,0.9673,3177.92,2832.81,138230.84,47,0,0,regular
C100169,650,64,60,4,0.9302,47843.14,45178.18,3041189.74,71,2,2,high_value
C100170,152,20,15,5,0.753,2595.47,2231.98,37171.95,110,0,0,regular
C100171,531,8,7,1,0.8137,6331.72,5234.63,50030.39,20,0,0,regular
C100172,650,30,25,5,0.8483,3791.64,3242.73,104865.15,94,1,1,regular
C100173,1290,31,31,0,0.995,18335.52,18152.88,582529.09,64,1,1,high_value
C100174,24,3,2,1,0.7178,1753.95,1784.72,3045.1,96,0,0,new
C100175,20,2,2,0,0.8483,2377.9,2005.38,4066.99,110,0,0,new
C100176,913,47,39,8,0.8373,5657.76,4637.59,229912.42,19,0,0,regular
C100177,1467,69,64,5,0.9237,23682.37,18876.26,1658359.38,13,0,0,high_value
C100178,1006,30,25,5,0.8431,2970.28,2854.19,74264.76,0,1,1,regular
C100179,391,36,32,4,0.8767,7282.75,6603.42,199732.93,22,0,0,regular
C100180,991,5,4,1,0.8742,3826.51,3495.38,13675.17,41,1,1,regular
C100181,529,13,12,1,0.9513,1801.81,1424.96,19748.66,30,1,1,regular
C100182,79,22,19,3,0.8506,4002.92,3200.15,78970.47,98,2,2,regular
C100183,925,11,10,1,0.8885,5047.89,5045.42,50267.84,90,0,0,regular
C100184,1012,20,18,2,0.8773,2753.78,2529.11,43652.67,42,0,0,regular
C100185,451,11,11,0,0.9585,4191.96,3490.27,46134.76,69,0,0,regular
C100186,574,45,41,4,0.9007,4311.08,3577.29,196346.96,37,0,0,regular
C100187,17,2,2,0,0.8836,1934.82,1621.02,3798.95,60,0,0,new
C100188,193,19,16,3,0.8409,9439.12,7506.95,135157.4,34,2,1,regular
C100189,1194,40,36,4,0.907,2048.57,1622.35,75474.46,95,2,2,regular
C100190,1620,95,87,8,0.9186,31515.84,30028.18,3095075.04,27,3,3,high_value
C100191,693,31,26,5,0.8364,4412.21,3720.83,101498.98,117,0,0,regular
C100192,48,4,3,1,0.7925,9100.72,7938.3,24487.92,111,1,1,new
C100193,845,41,41,0,0.995,4858.74,4416.43,203203.03,23,1,1,regular
C100194,38,2,2,0,0.9275,1063.95,911.61,2025.76,68,1,1,new
C100195,41,3,2,1,0.8113,2790.58,2497.31,6243.46,97,1,1,new
C100196,751,39,32,7,0.8313,3285.48,3244.75,111845.96,101,0,0,regular
C100197,1003,40,33,7,0.8224,8168.7,6850.14,241026.93,44,0,0,regular
C100198,54,3,2,1,0.7944,2482.45,2407.73,5517.07,65,1,1,new
C100199,1042,48,42,6,0.883,2692.94,2271.09,117931.76,17,2,1,regular
C100200,323,17,15,2,0.8857,4967.85,4097.82,74375.5,30,1,1,regular
C100201,866,99,92,7,0.9337,8362.95,6668.94,713198.38,30,0,0,high_value
C100202,993,13,11,2,0.8111,5869.15,5541.7,67460.28,34,0,0,regular
C100203,63,4,3,1,0.8032,898.89,789.94,3019.04,47,1,1,new
C100204,50,1,1,0,0.606,1717.8,1657.51,1479.96,82,0,0,new
C100205,85,11,9,2,0.8285,6218.4,5048.36,53869.44,107,1,1,regular
C100206,66,2,1,1,0.7442,8008.48,7406.27,9055.17,69,0,0,new
C100207,760,31,29,2,0.9276,3657.93,2864.58,102353.58,57,1,1,regular
C100208,48,4,3,1,0.7529,5584.8,4669.56,14421.54,84,2,2,new
C100209,1001,29,27,2,0.9305,3476.93,3220.73,82652.49,73,0,0,regular
C100210,309,32,26,6,0.8187,5700.28,4522.88,156688.83,53,0,0,regular
C100211,573,13,13,0,0.9633,3912.56,3406.02,53916.89,3,1,1,regular
C100212,45,2,2,0,0.9423,931.09,851.76,1647.12,65,0,0,new
C100213,247,44,40,4,0.9133,7838.6,7482.89,287132.44,7,0,0,regular
C100214,997,5,5,0,0.9775,5026.28,4771.74,25612.97,73,0,0,regular
C100215,388,48,43,5,0.8902,1393.03,1136.11,63252.46,112,1,1,regular
C100216,73,1,1,0,0.9114,1164.45,929.28,1044.56,95,1,1,new
C100217,62,3,3,0,0.8995,3613.54,3144.95,10698.75,100,1,1,new
C100218,883,82,74,8,0.9059,13254.7,11104.7,999101.76,55,0,0,high_value
C100219,1013,14,12,2,0.8684,5045.87,4305.97,52370.75,58,0,0,regular
C100220,457,30,27,3,0.9032,5108.69,4404.69,126503.52,63,0,0,regular
C100221,255,14,14,0,0.9727,1648.12,1442.63,25973.25,24,2,2,regular
C100222,542,40,36,4,0.9053,7292.43,6595.74,292453.99,117,0,0,regular
C100223,225,79,76,3,0.9673,10952.15,8567.14,788036.13,4,0,0,high_value
C100224,915,48,46,2,0.9568,5577.06,4748.98,284865.68,118,1,1,regular
C100225,1274,73,68,5,0.9294,20979.96,17695.5,1483368.1,117,0,0,high_value
C100226,33,2,2,0,0.982,6928.17,5796.76,15858.4,112,0,0,new
C100227,1127,31,28,3,0.9096,9577.54,9283.21,305679.07,0,1,1,regular
C100228,154,6,5,1,0.837,4132.99,3473.0,21389.91,114,2,1,regular
C100229,29,4,4,0,0.9325,3106.93,2535.97,12307.82,28,0,0,new
C100230,18,4,3,1,0.8017,4721.82,4648.34,12645.29,31,0,0,new
C100231,1116,26,25,1,0.9657,10665.62,9299.42,269068.28,82,1,0,regular
C100232,630,47,45,2,0.952,37650.56,31030.39,1642582.24,47,0,0,high_value
C100233,745,9,9,0,0.955,20766.61,19941.96,195063.6,112,0,0,regular
C100234,188,60,58,2,0.9703,22583.37,21176.92,1148525.69,59,1,1,high_value
C100235,934,23,21,2,0.9348,8482.71,8541.0,196035.17,14,0,0,regular
C100236,1141,26,24,2,0.9267,3620.6,3586.83,99071.4,28,1,1,regular
C100237,121,23,21,2,0.9345,6910.84,6542.05,132473.74,92,0,0,regular
C100238,83,1,1,0,0.6624,2024.47,1657.31,2105.11,69,0,0,new
C100239,82,3,2,1,0.651,1049.21,940.05,2288.5,39,1,1,new
C100240,853,39,34,5,0.8626,840.28,679.37,29035.84,26,0,0,regular
C100241,769,29,25,4,0.8483,20259.57,18473.8,572652.54,81,0,0,regular
C100242,698,12,12,0,0.9764,4701.55,4701.68,56619.43,31,0,0,regular
C100243,409,44,44,0,0.995,769.48,600.9,31526.53,11,0,0,regular
C100244,181,17,13,4,0.7799,5395.92,5343.27,69549.27,66,0,0,regular
C100245,552,5,5,0,0.995,6806.17,6189.78,33906.97,103,0,0,regular
C100246,356,6,5,1,0.9152,2930.08,2391.82,13567.92,37,0,0,regular
C100247,691,39,38,1,0.9708,2941.93,2899.0,121417.02,84,0,0,regular
C100248,968,22,21,1,0.9404,4446.74,4041.45,96680.25,53,0,0,regular
C100249,689,6,6,0,0.995,9259.35,8218.23,53395.56,114,0,0,regular
C100250,724,41,38,3,0.9226,4778.15,4300.01,177302.25,72,1,1,regular
C100251,107,18,15,3,0.8282,10826.67,8827.73,156149.33,60,1,1,regular
C100252,794,49,44,5,0.9037,8871.19,7159.56,384231.28,27,0,0,regular
C100253,561,44,41,3,0.9409,3922.8,3682.62,162190.51,106,0,0,regular
C100254,201,7,6,1,0.897,1753.76,1738.5,9988.85,5,0,0,regular
C100255,303,36,34,2,0.9495,3927.78,3718.31,146291.02,64,1,1,regular
C100256,950,32,29,3,0.9061,6171.65,6059.26,201978.44,31,0,0,regular
C100257,31,2,2,0,0.7908,4591.97,4512.74,9246.76,61,0,0,new
C100258,63,4,3,1,0.6609,3126.11,2462.41,9973.01,117,0,0,new
C100259,1173,27,24,3,0.8865,7554.39,7290.21,204723.19,11,2,2,regular
C100260,90,3,3,0,0.8716,1910.23,1843.95,5201.06,6,0,0,new
C100261,401,37,29,8,0.7924,3814.77,3295.94,100330.68,97,0,0,regular
C100262,1120,17,15,2,0.8632,6147.27,5399.54,80386.26,83,0,0,regular
C100263,48,4,4,0,0.8751,936.22,897.76,3679.85,49,0,0,new
C100264,937,95,91,4,0.9533,30715.03,31230.22,2653481.42,26,0,0,high_value
C100265,81,3,2,1,0.7452,7670.37,7801.37,15619.34,72,0,0,new
C100266,437,10,8,2,0.8388,13507.96,12072.37,106477.4,30,0,0,regular
C100267,59,4,3,1,0.7149,2645.03,2564.33,7197.59,78,0,0,new
C100268,65,3,2,1,0.7496,4576.63,4081.69,8854.45,48,1,0,new
C100269,50,1,1,0,0.7226,987.63,975.61,848.05,92,0,0,new
C100270,22,1,1,0,0.8294,1274.63,1192.97,1288.92,79,1,1,new
C100271,43,4,4,0,0.9453,1902.28,1911.4,7086.51,69,0,0,new
C100272,27,3,3,0,0.974,5136.97,5236.3,13618.73,11,1,1,new
C100273,123,7,6,1,0.8156,4339.72,3728.88,22647.01,74,2,1,regular
C100274,326,16,15,1,0.9117,3702.86,3758.54,59116.18,83,0,0,regular
C100275,105,31,29,2,0.9339,9891.65,9359.51,265114.61,62,0,0,regular
C100276,1036,42,41,1,0.9757,4207.23,3522.04,180714.06,71,1,1,regular
C100277,319,39,34,5,0.8759,3407.88,2660.69,126834.97,73,1,1,regular
C100278,448,28,26,2,0.9216,3442.69,3250.31,89509.46,28,1,1,regular
C100279,1020,6,6,0,0.9195,3667.4,3056.31,19582.07,53,1,1,regular
C100280,66,2,2,0,0.872,7073.75,5910.33,14633.66,15,0,0,new
C100281,67,1,1,0,0.8098,2263.35,2065.35,1972.47,93,0,0,new
C100282,103,8,7,1,0.8587,4829.19,3802.61,37020.59,17,0,0,regular
C100283,701,36,33,3,0.9268,5735.68,5046.99,204128.53,97,0,0,regular
C100284,699,36,33,3,0.9217,9267.38,9006.5,296840.02,76,1,1,regular
C100285,423,38,34,4,0.8836,5200.03,4090.05,164553.82,62,1,1,regular
C100286,31,1,1,0,0.822,1144.75,1064.33,1216.72,60,2,1,new
C100287,1119,16,16,0,0.9717,2453.35,2006.87,40045.03,17,1,0,regular
C100288,355,13,12,1,0.9506,5369.69,5300.32,57575.56,78,1,1,regular
C100289,31,3,2,1,0.739,781.25,682.63,1683.99,44,0,0,new
C100290,427,28,26,2,0.916,4278.01,4170.67,105688.17,94,1,1,regular
C100291,81,4,3,1,0.8544,2351.48,2242.64,7887.94,100,2,2,new
C100292,1382,57,56,1,0.9799,24727.6,24497.15,1521614.38,110,2,2,high_value
C100293,68,4,2,2,0.5989,2541.28,2297.44,4740.73,110,0,0,new
C100294,943,30,30,0,0.9866,4062.37,3642.59,112922.85,91,0,0,regular
C100295,828,50,45,5,0.9082,32421.0,25579.63,1414253.09,32,1,1,high_value
C100296,1592,98,92,6,0.9397,20281.44,18417.89,2036332.1,32,2,2,high_value
C100297,1079,19,18,1,0.9731,7485.99,6776.87,119817.25,112,1,1,regular
C100298,937,44,39,5,0.8938,3490.08,3230.19,128601.89,115,1,1,regular
C100299,375,12,11,1,0.8845,2006.62,1628.26,23126.41,33,3,2,regular
C100300,117,8,8,0,0.995,9023.41,8207.62,62084.46,77,0,0,regular
C100301,90,1,1,0,0.8949,2966.84,2637.43,2571.57,110,4,4,new
C100302,226,23,19,4,0.8287,4596.18,4242.43,94195.85,101,0,0,regular
C100303,160,45,44,1,0.9704,6042.24,5670.84,267640.69,112,1,1,regular
C100304,1179,12,11,1,0.9186,4508.7,3907.88,50452.73,42,1,1,regular
C100305,600,40,40,0,0.995,1017.34,916.6,37627.83,60,1,1,regular
C100306,801,36,33,3,0.9246,5688.07,4976.05,189495.95,71,0,0,regular
C100307,307,20,18,2,0.9088,9973.74,9611.87,181951.19,114,1,1,regular
C100308,175,20,20,0,0.995,7213.81,7005.63,140543.91,117,1,1,regular
C100309,45,1,1,0,0.8593,941.64,800.68,1072.83,65,1,1,new
C100310,463,37,32,5,0.8749,16125.86,13582.66,446249.78,102,3,3,regular
C100311,64,15,13,2,0.8568,2031.08,1914.89,25730.14,45,1,1,regular
C100312,538,46,36,10,0.7783,2356.14,2275.48,93917.85,72,1,0,regular
C100313,430,23,22,1,0.9624,7193.69,5629.84,144315.31,97,0,0,regular
C100314,660,8,7,1,0.8766,5904.9,5211.57,46728.38,106,0,0,regular
C100315,732,41,40,1,0.9643,4722.22,4032.09,184666.51,13,1,1,regular
C100316,411,44,41,3,0.9333,3197.71,3082.48,117599.37,8,1,1,regular
C100317,578,24,23,1,0.9464,10000.06,8144.55,201925.15,25,1,1,regular
C100318,149,36,32,4,0.8827,4395.06,4249.06,133345.63,12,0,0,regular
C100319,1508,64,63,1,0.9769,15942.1,14965.44,1130817.2,25,1,1,high_value
C100320,435,82,82,0,0.995,25741.1,25285.56,2388819.1,113,1,1,high_value
C100321,1189,21,20,1,0.9652,5132.78,5223.42,104604.04,74,1,1,regular
C100322,613,17,15,2,0.907,8785.31,7857.35,116685.27,11,0,0,regular
C100323,1131,27,23,4,0.8679,6344.62,6013.8,144025.88,85,0,0,regular
C100324,631,17,14,3,0.8381,18897.9,17960.39,258043.15,112,1,1,regular
C100325,203,32,30,2,0.9222,3736.3,3671.65,103045.64,100,0,0,regular
C100326,1049,38,33,5,0.8768,4543.66,4109.06,130869.83,102,0,0,regular
C100327,533,23,21,2,0.9057,6930.8,5585.09,140375.91,107,0,0,regular
C100328,758,40,36,4,0.8957,3750.17,3806.6,129816.13,90,0,0,regular
C100329,799,24,21,3,0.8833,7283.85,5780.76,162321.2,105,1,0,regular
C100330,411,48,45,3,0.9276,767.69,776.11,33449.79,95,0,0,regular
C100331,896,16,15,1,0.9433,4307.71,3624.02,55177.95,81,1,1,regular
C100332,631,36,36,0,0.995,4230.34,3799.67,130362.95,23,1,1,regular
C100333,477,29,28,1,0.9555,4139.39,4173.16,122422.98,109,1,1,regular
C100334,58,2,1,1,0.648,1351.48,1273.63,1416.67,10,0,0,new
C100335,910,14,12,2,0.8609,7750.45,7134.56,83528.7,33,0,0,regular
C100336,69,1,1,0,0.6295,10233.62,8782.64,11357.96,86,0,0,new
C100337,201,44,40,4,0.9091,5074.57,4314.29,212885.74,87,1,1,regular
C100338,39,3,2,1,0.6849,1522.66,1199.65,2729.26,105,0,0,new
C100339,877,60,55,5,0.9139,24195.97,22277.7,1245986.11,9,1,1,high_value
C100340,32,1,1,0,0.8805,2910.9,2570.98,3324.53,94,1,1,new
C100341,532,99,94,5,0.9535,27498.67,22929.28,2513336.11,15,2,2,high_value
C100342,1015,34,33,1,0.9852,7455.23,6502.54,226594.55,73,0,0,regular
C100343,773,38,35,3,0.9301,4908.65,4937.25,173046.54,27,0,0,regular
C100344,867,17,14,3,0.8174,3321.69,3267.26,42395.73,68,0,0,regular
C100345,1014,5,5,0,0.9534,4133.58,3651.18,22476.63,12,1,1,regular
C100346,620,68,64,4,0.9473,9522.52,9667.16,663249.3,4,0,0,high_value
C100347,113,20,19,1,0.9329,6327.94,5637.61,131082.04,115,0,0,regular
C100348,907,35,34,1,0.9699,4797.37,4143.94,168849.07,61,1,1,regular
C100349,55,1,1,0,0.995,850.89,742.92,900.43,55,0,0,new
C100350,1076,32,26,6,0.8216,3938.89,3899.14,96924.16,47,2,2,regular
C100351,49,1,1,0,0.719,2545.7,2149.23,2835.06,108,0,0,new
C100352,341,16,13,3,0.8129,4028.18,3356.7,46776.19,93,0,0,regular
C100353,279,38,36,2,0.9489,4503.53,4550.96,150185.7,57,0,0,regular
C100354,747,37,37,0,0.9939,13318.4,12735.38,565616.68,14,0,0,regular
C100355,64,48,40,8,0.8355,10106.2,9735.37,460082.12,83,0,0,regular
C100356,79,42,37,5,0.8697,2419.67,2317.25,89732.6,24,0,0,regular
C100357,634,22,19,3,0.8571,5079.13,4794.17,96477.55,38,0,0,regular
C100358,1167,36,32,4,0.8828,5132.86,4116.04,145370.25,79,0,0,regular
C100359,662,20,19,1,0.9347,3918.92,3765.62,78025.63,114,1,1,regular
C100360,1236,50,46,4,0.9244,13177.6,11065.77,520887.36,26,2,2,high_value
C100361,74,2,2,0,0.873,1021.72,829.41,1929.63,4,0,0,new
C100362,55,3,2,1,0.8117,997.16,1013.03,1945.49,50,2,2,new
C100363,78,2,2,0,0.8995,3285.62,2584.76,7347.94,83,0,0,new
C100364,730,5,4,1,0.8429,5521.45,4348.65,25189.62,78,2,2,regular
C100365,63,11,11,0,0.9932,986.75,843.06,12397.69,114,0,0,regular
C100366,338,28,28,0,0.995,7375.9,7247.63,225040.52,24,1,1,regular
C100367,828,48,48,0,0.995,9158.02,9292.71,411890.85,94,0,0,regular
C100368,449,33,30,3,0.9005,2393.75,1935.22,62017.54,92,1,1,regular
C100369,121,41,35,6,0.8649,3309.99,2895.93,113264.52,99,0,0,regular
C100370,201,26,22,4,0.8509,5900.16,5641.92,121913.92,108,1,1,regular
C100371,1047,48,41,7,0.8439,4552.85,4256.58,195357.58,35,1,1,regular
C100372,435,47,43,4,0.9107,5953.02,4976.79,246078.04,37,0,0,regular
C100373,85,14,13,1,0.9609,3787.6,3253.58,55010.92,54,0,0,regular
C100374,69,4,3,1,0.7758,1116.89,1030.5,3224.05,41,0,0,new
C100375,63,2,2,0,0.8308,1343.56,1059.4,2588.77,16,0,0,new
C100376,835,73,69,4,0.9386,11352.93,10921.23,844246.4,39,1,1,high_value
C100377,1080,24,22,2,0.9037,9480.45,8021.38,214202.96,45,0,0,regular
C100378,417,18,16,2,0.8719,7413.83,7256.68,109912.81,90,0,0,regular
C100379,712,47,45,2,0.9541,2410.4,2275.61,114217.33,1,0,0,regular
C100380,909,34,32,2,0.9318,7767.02,7261.38,253241.73,90,0,0,regular
C100381,298,22,21,1,0.9482,15917.58,15347.2,294563.97,93,1,0,high_value
C100382,297,11,10,1,0.9315,1261.51,1006.73,12491.23,15,1,0,regular
C100383,837,10,9,1,0.9469,1937.34,1632.0,19626.25,114,3,2,regular
C100384,907,18,17,1,0.9463,5577.02,5048.41,86611.9,86,0,0,regular
C100385,489,52,50,2,0.97,14956.5,14455.72,728669.51,84,0,0,high_value
C100386,248,16,15,1,0.9638,3300.88,3247.32,46185.23,92,1,1,regular
C100387,1165,37,36,1,0.9737,18552.82,16172.59,675299.34,97,1,1,high_value
C100388,48,4,3,1,0.8483,3871.24,3756.94,13269.05,48,0,0,new
C100389,1063,40,37,3,0.9241,3424.42,2852.08,119475.98,61,0,0,regular
C100390,184,27,25,2,0.9307,3052.19,2441.09,83923.84,73,1,1,regular
C100391,20,1,1,0,0.7296,2036.13,1708.68,2242.78,23,2,1,new
C100392,825,47,40,7,0.8472,1603.84,1598.64,59523.4,7,0,0,regular
C100393,565,7,7,0,0.9895,3338.34,3039.79,25279.51,86,0,0,regular
C100394,52,3,2,1,0.6459,1766.54,1581.98,4050.45,29,0,0,new
C100395,452,37,33,4,0.8796,3729.79,3574.63,139847.79,35,1,0,regular
C100396,913,22,19,3,0.8778,6944.2,5433.3,136125.21,12,1,1,regular
C100397,918,25,21,4,0.8499,7018.96,5674.08,131998.29,55,0,0,regular
C100398,297,24,19,5,0.8055,2908.15,2337.88,48944.95,68,0,0,regular
C100399,678,12,11,1,0.9506,6197.03,5014.64,63398.8,108,0,0,regular
C100400,1191,15,15,0,0.995,4026.83,3579.16,62238.31,58,0,0,regular
C100401,869,32,29,3,0.9217,18619.57,15777.55,521537.16,44,0,0,high_value
C100402,850,5,4,1,0.853,4162.43,4031.62,17643.82,95,0,0,regular
C100403,51,2,2,0,0.7753,4904.72,4813.35,10656.33,34,0,0,new
C100404,1203,99,96,3,0.9662,12732.93,12758.21,1105169.1,1,1,1,high_value
C100405,254,19,18,1,0.9601,3416.5,2825.64,68974.4,3,0,0,regular
C100406,399,12,11,1,0.9039,3817.35,3438.23,36455.31,101,1,1,regular
C100407,583,48,42,6,0.8752,5504.86,4358.13,214899.28,84,0,0,regular
C100408,54,2,2,0,0.7731,5360.71,4490.02,11733.96,21,1,1,new
C100409,291,54,49,5,0.91,18837.26,17473.79,835448.69,25,1,1,high_value
C100410,790,37,31,6,0.8414,6201.4,5465.76,176102.98,100,0,0,regular
C100411,82,21,20,1,0.9669,5598.6,5294.97,127949.97,76,0,0,regular
C100412,49,3,2,1,0.8098,2734.05,2683.23,6144.55,57,0,0,new
C100413,119,35,35,0,0.9944,8159.94,6481.34,312394.85,43,0,0,regular
C100414,33,1,1,0,0.8532,2440.39,2453.24,2201.57,45,0,0,new
C100415,1120,34,26,8,0.7746,3091.83,2443.1,74482.52,94,0,0,regular
C100416,36,4,3,1,0.7713,773.29,785.36,2135.57,23,0,0,new
C100417,143,5,5,0,0.9895,5372.85,5013.04,24358.82,106,1,1,regular
C100418,53,1,1,0,0.6999,986.96,780.08,1126.25,28,2,2,new
C100419,821,73,72,1,0.9824,20932.81,18305.14,1356157.67,28,1,1,high_value
C100420,1085,23,21,2,0.8958,5372.26,4523.28,121167.58,45,2,2,regular
C100421,88,1,1,0,0.7814,4246.7,4126.33,3674.68,95,1,0,new
C100422,13,1,1,0,0.995,4278.78,3568.97,4335.01,0,1,1,new
C100423,27,3,2,1,0.7787,3166.57,3097.83,5517.78,18,0,0,new
C100424,220,17,17,0,0.995,5199.4,4445.29,76768.78,45,0,0,regular
C100425,1157,36,33,3,0.9237,1519.48,1545.91,46084.73,16,1,1,regular
C100426,928,26,24,2,0.911,8651.93,7310.0,234158.88,46,0,0,regular
C100427,1098,30,27,3,0.9144,4835.01,4566.13,135982.26,51,0,0,regular
C100428,9,1,1,0,0.7612,3351.07,3257.4,3503.28,74,1,1,new
C100429,521,21,20,1,0.9476,3527.22,2934.48,66262.21,38,1,1,regular
C100430,724,80,75,5,0.937,13561.88,10824.84,1085375.7,64,1,0,high_value
C100431,571,12,10,2,0.8465,1146.52,1045.97,12089.67,118,0,0,regular
C100432,336,47,47,0,0.9922,2553.48,2406.65,118634.03,55,2,2,regular
C100433,487,27,22,5,0.8115,6137.72,5991.32,142427.08,96,0,0,regular
C100434,51,4,2,2,0.5786,3881.95,3282.04,8619.01,32,0,0,new
C100435,103,19,15,4,0.7954,5393.85,5336.4,92082.33,106,4,4,regular
C100436,40,3,2,1,0.7398,1564.78,1564.44,3595.8,68,0,0,new
C100437,393,46,45,1,0.9683,2811.18,2718.42,126059.36,16,0,0,regular
C100438,140,39,35,4,0.91,10181.24,7959.93,306393.44,108,0,0,regular
C100439,199,29,24,5,0.831,2049.53,1641.53,45192.23,85,0,0,regular
C100440,625,26,24,2,0.9356,15881.28,16190.28,346486.87,41,0,0,regular
C100441,50,2,1,1,0.6972,948.4,906.81,891.65,72,0,0,new
C100442,453,43,39,4,0.897,16198.37,15071.45,605298.68,113,1,1,regular
C100443,74,3,2,1,0.8034,811.0,808.02,1704.07,11,2,2,new
C100444,1056,48,44,4,0.9079,3666.22,2894.54,162557.09,4,0,0,regular
C100445,172,42,37,5,0.8751,5572.73,5359.69,215453.83,95,0,0,regular
C100446,1341,65,60,5,0.9199,25836.91,24212.35,1769650.25,34,2,2,high_value
C100447,177,7,6,1,0.8956,3045.34,2995.31,15800.22,102,2,2,regular
C100448,42,3,2,1,0.6363,1093.87,1057.45,1869.04,92,1,1,new
C100449,607,18,16,2,0.8775,3795.12,3401.88,63736.83,109,0,0,regular
C100450,28,1,1,0,0.8361,1910.61,1522.82,1937.13,91,1,1,new
C100451,564,8,6,2,0.8117,9474.55,9458.03,56553.1,112,2,2,regular
C100452,1126,8,7,1,0.9316,3108.75,2994.47,24067.88,74,1,1,regular
C100453,72,4,3,1,0.7257,2523.16,2183.88,6794.84,12,0,0,new
C100454,32,2,2,0,0.8149,10953.68,11130.51,22391.21,25,0,0,new
C100455,18,2,2,0,0.7872,1883.11,1609.43,4254.25,105,2,1,new
C100456,1293,93,93,0,0.995,27708.21,24076.62,2535005.01,34,0,0,high_value
C100457,279,37,32,5,0.8581,5666.97,5745.87,185690.79,113,2,2,regular
C100458,164,18,17,1,0.9256,2444.6,2298.77,36197.24,104,0,0,regular
C100459,328,33,33,0,0.995,8313.76,8238.99,261940.75,82,0,0,regular
C100460,1171,40,37,3,0.9202,9604.11,9537.47,306462.62,16,0,0,regular
C100461,7,4,4,0,0.9583,3279.98,2980.68,13404.81,22,0,0,new
C100462,1145,88,79,9,0.898,29153.78,24607.89,2365661.4,89,1,1,high_value
C100463,1103,30,27,3,0.8929,2955.54,2906.44,90592.67,48,0,0,regular
C100464,293,19,17,2,0.8889,6429.24,5789.23,113835.25,48,1,1,regular
C100465,522,33,30,3,0.9191,4714.37,4315.74,120342.9,10,1,1,regular
C100466,433,47,44,3,0.9287,4339.9,3949.0,210045.61,55,0,0,regular
C100467,559,39,39,0,0.995,22409.62,17531.07,829312.43,0,0,0,high_value
C100468,53,1,1,0,0.9407,6092.28,4819.05,6483.9,17,0,0,new
C100469,872,31,26,5,0.8409,6161.83,5717.76,148866.31,110,1,1,regular
C100470,737,48,47,1,0.9792,3790.32,3679.13,192052.4,90,0,0,regular
C100471,774,38,37,1,0.9858,2051.2,1824.93,85627.56,116,0,0,regular
C100472,74,4,3,1,0.7998,3372.79,2784.91,8841.4,109,1,1,new
C100473,22,2,2,0,0.8081,4749.68,4168.28,9625.78,110,2,1,new
C100474,511,45,43,2,0.9474,3284.86,3167.91,142960.86,48,0,0,regular
C100475,182,48,43,5,0.8973,6020.3,4852.78,242287.23,30,1,1,regular
C100476,862,8,6,2,0.7867,2937.05,2685.78,16785.3,82,2,2,regular
C100477,558,6,6,0,0.9438,8079.6,7663.75,51039.55,74,0,0,regular
C100478,786,10,10,0,0.9635,4189.36,3685.8,39287.15,51,0,0,regular
C100479,703,22,22,0,0.995,3782.69,3496.35,71500.87,59,1,1,regular
C100480,371,12,10,2,0.8662,4545.5,4509.29,49125.7,24,1,1,regular
C100481,218,44,41,3,0.9236,10393.39,8637.69,442133.63,59,0,0,regular
C100482,1169,46,43,3,0.9249,1976.39,1605.66,78622.68,115,0,0,regular
C100483,394,13,12,1,0.9151,12156.91,9659.92,166082.18,51,1,1,regular
C100484,51,2,2,0,0.921,2048.87,1955.22,4587.53,62,3,3,new
C100485,408,11,10,1,0.9122,4441.91,4424.7,50607.2,112,0,0,regular
C100486,1088,40,37,3,0.9227,9151.27,8654.31,339839.99,102,0,0,regular
C100487,357,21,20,1,0.9544,3708.37,3761.58,68274.88,94,0,0,regular
C100488,1184,6,6,0,0.9832,5341.38,5074.03,28912.33,0,1,1,regular
C100489,585,24,21,3,0.8646,3251.87,2761.61,77477.96,101,1,1,regular
C100490,1042,42,38,4,0.8997,8036.25,6761.23,341182.56,9,0,0,regular
C100491,804,47,42,5,0.8846,2943.87,2767.24,132579.44,4,1,0,regular
C100492,110,10,9,1,0.8761,4363.42,4111.19,39394.68,42,0,0,regular
C100493,640,42,34,8,0.813,6763.64,6125.93,221989.02,49,1,1,regular
C100494,535,18,16,2,0.9115,8440.07,7650.53,143283.24,14,1,1,regular
C100495,289,25,23,2,0.9388,2749.4,2419.46,53931.63,71,0,0,regular
C100496,686,9,8,1,0.9007,7070.71,6108.96,56977.63,110,0,0,regular
C100497,177,48,44,4,0.9095,2496.49,2327.16,115733.12,79,1,0,regular
C100498,856,40,37,3,0.9351,1238.47,1188.2,49311.94,115,0,0,regular
C100499,996,33,33,0,0.9947,2872.66,2801.47,93406.63,107,0,0,regular
C100500,165,37,33,4,0.8848,7425.15,6340.2,263050.01,97,1,1,regular
C100501,606,44,37,7,0.8397,4467.14,4403.95,145243.73,20,1,1,regular
C100502,613,83,78,5,0.9429,11453.77,9766.15,821906.69,76,0,0,high_value
C100503,130,16,16,0,0.995,4652.31,3969.22,66500.81,10,0,0,regular
C100504,503,6,5,1,0.8403,4560.89,4439.75,21708.72,92,0,0,regular
C100505,354,27,26,1,0.949,6535.29,6617.96,161975.21,107,0,0,regular
C100506,104,27,26,1,0.9795,1710.95,1717.34,42802.49,14,0,0,regular
C100507,976,6,5,1,0.7681,4231.96,3413.75,20942.87,60,1,0,regular
C100508,566,34,32,2,0.9346,4848.38,4117.41,152184.72,15,0,0,regular
C100509,81,4,2,2,0.5279,2410.43,2319.73,4807.07,64,0,0,new
C100510,41,1,1,0,0.9245,2702.47,2630.85,2907.26,54,0,0,new
C100511,1058,36,31,5,0.8712,3615.58,3257.72,100045.84,106,0,0,regular
C100512,83,4,3,1,0.7334,1845.77,1446.83,5289.31,32,0,0,new
C100513,746,10,9,1,0.8903,4532.64,4081.39,34676.36,89,0,0,regular
C100514,461,44,39,5,0.8919,3222.86,2537.92,107902.17,78,0,0,regular
C100515,65,1,1,0,0.9497,1219.23,1033.34,1258.16,87,0,0,new
C100516,1000,43,38,5,0.8893,3550.09,3328.72,150120.39,115,0,0,regular
C100517,546,36,35,1,0.9814,5382.7,4372.39,177424.9,22,0,0,regular
C100518,54,4,3,1,0.8694,1053.08,1001.48,3066.27,1,0,0,new
C100519,281,6,5,1,0.8051,1187.49,1103.33,5420.66,74,0,0,regular
C100520,1188,36,35,1,0.9824,6539.62,5775.31,204359.1,14,0,0,regular
C100521,801,25,22,3,0.8985,4209.68,3659.55,103284.68,54,0,0,regular
C100522,70,1,1,0,0.902,2788.62,2787.29,2848.96,62,1,1,new
C100523,726,35,32,3,0.9033,9165.11,8365.55,311309.29,73,0,0,regular
C100524,58,4,3,1,0.7938,1971.59,1958.45,6592.42,1,1,1,new
C100525,236,45,40,5,0.8786,7930.06,6970.41,325613.84,69,0,0,regular
C100526,1071,74,71,3,0.9619,13340.62,12309.57,856335.05,93,1,1,high_value
C100527,249,42,39,3,0.9351,16783.48,16936.31,696444.13,3,1,1,high_value
C100528,1011,14,12,2,0.8919,3890.62,3150.54,50158.21,47,0,0,regular
C100529,480,48,37,11,0.7771,4626.71,3900.62,166768.81,41,0,0,regular
C100530,352,11,11,0,0.9803,2485.95,2485.97,28303.8,40,1,0,regular
C100531,116,43,39,4,0.8994,5848.63,5154.29,227039.34,54,1,1,regular
C100532,893,14,13,1,0.9502,11656.33,9852.97,143940.55,16,1,1,regular
C100533,433,34,32,2,0.9386,2511.71,2560.34,84532.05,60,1,1,regular
C100534,14,4,3,1,0.7603,1868.38,1503.17,5180.48,9,2,2,new
C100535,1051,22,20,2,0.9095,7520.26,6969.56,142620.49,11,1,1,regular
C100536,206,33,31,2,0.9333,3766.07,3649.84,113445.08,64,0,0,regular
C100537,77,1,1,0,0.7672,1403.51,1359.75,1451.77,107,1,0,new
C100538,75,2,2,0,0.777,1179.22,1044.84,2607.65,84,1,0,new
C100539,619,41,37,4,0.9039,4196.71,3317.71,160631.44,40,0,0,regular
C100540,1629,55,50,5,0.916,29593.49,29056.27,1580032.71,41,1,1,high_value
C100541,1150,18,18,0,0.995,4855.11,4722.36,81955.94,58,1,1,regular
C100542,809,16,15,1,0.9325,4508.17,3773.21,69395.91,4,0,0,regular
C100543,493,27,25,2,0.93,19098.31,16457.52,420714.55,79,0,0,high_value
C100544,25,2,2,0,0.9327,1162.71,1049.96,2299.81,16,0,0,new
C100545,1000,45,41,4,0.918,2988.82,2413.16,129522.21,86,1,1,regular
C100546,1031,24,22,2,0.9059,5939.19,5802.2,118107.72,44,2,2,regular
C100547,11,1,1,0,0.9452,1589.04,1591.11,1780.72,45,0,0,new
C100548,529,42,38,4,0.9141,6563.23,5604.78,243207.2,52,0,0,regular
C100549,495,37,31,6,0.8266,13633.43,13657.52,444335.51,15,0,0,regular
C100550,1182,14,11,3,0.7809,6279.32,6104.81,68448.69,28,0,0,regular
C100551,36,4,3,1,0.8165,4269.18,4075.69,13699.93,24,0,0,new
C100552,62,1,1,0,0.7852,2152.53,2179.65,2206.97,101,2,1,new
C100553,1236,36,35,1,0.9786,12194.24,10461.63,378472.66,19,1,0,high_value
C100554,53,2,2,0,0.9362,515.56,515.43,1162.5,15,1,1,new
C100555,880,42,38,4,0.9072,2347.03,1886.11,93469.72,29,3,3,regular
C100556,906,46,46,0,0.9914,7274.87,6509.0,331840.47,50,1,0,regular
C100557,262,6,6,0,0.9791,5276.65,4814.85,33337.28,72,0,0,regular
C100558,706,33,32,1,0.9731,4005.45,3242.31,118980.35,50,0,0,regular
C100559,893,8,7,1,0.8378,1553.2,1486.36,11749.71,64,0,0,regular
C100560,46,2,2,0,0.8031,739.26,660.93,1439.14,62,0,0,new
C100561,1151,20,20,0,0.9834,3616.1,3215.91,78940.28,20,0,0,regular
C100562,432,28,26,2,0.9263,1868.85,1718.49,45296.43,0,0,0,regular
C100563,405,46,43,3,0.9433,3661.32,2974.2,171146.91,81,3,3,regular
C100564,1165,25,21,4,0.8267,6908.01,5719.88,162767.71,113,1,1,regular
C100565,1184,22,22,0,0.995,3175.62,2614.69,79941.26,7,0,0,regular
C100566,265,9,8,1,0.8625,4731.09,4771.13,40990.63,110,0,0,regular
C100567,36,1,1,0,0.7492,1611.85,1556.35,1710.5,109,0,0,new
C100568,1140,19,17,2,0.8889,5383.49,4882.87,92066.94,94,1,1,regular
C100569,287,25,19,6,0.7632,6104.09,5727.28,102259.86,67,1,1,regular
C100570,952,9,8,1,0.8449,1916.15,1793.5,15604.44,40,0,0,regular
C100571,188,17,17,0,0.995,2866.08,2416.0,49647.95,70,0,0,regular
C100572,263,29,26,3,0.8872,2103.86,1684.74,47557.67,1,0,0,regular
C100573,954,45,37,8,0.8243,6108.04,5577.77,238921.87,34,2,1,regular
C100574,752,19,17,2,0.9115,4965.34,4186.43,75520.83,47,1,1,regular
C100575,692,30,26,4,0.8561,4367.76,4322.48,116853.19,61,0,0,regular
C100576,1042,74,70,4,0.9438,42092.27,35216.61,2922268.51,32,0,0,high_value
C100577,410,21,18,3,0.8566,5461.8,5011.13,109374.17,51,0,0,regular
C100578,633,18,17,1,0.9262,5527.79,4869.0,86423.95,87,1,1,regular
C100579,753,6,5,1,0.8412,3342.54,3203.14,15064.19,114,0,0,regular
C100580,903,45,45,0,0.995,3073.2,3098.34,140416.99,98,1,1,regular
C100581,438,9,8,1,0.9402,4343.5,3816.97,34333.55,9,0,0,regular
C100582,66,1,1,0,0.6371,1534.77,1213.46,1378.82,70,0,0,new
C100583,571,11,10,1,0.8924,15494.52,14545.39,160231.0,55,0,0,regular
C100584,1306,88,85,3,0.9678,12342.3,10009.66,1176817.97,62,0,0,high_value
C100585,1043,21,18,3,0.8643,5354.17,4310.54,103321.5,94,0,0,regular
C100586,25,3,2,1,0.7976,2287.23,2147.19,4175.88,39,0,0,new
C100587,821,32,32,0,0.995,10426.93,8390.29,307476.63,65,0,0,regular
C100588,74,3,2,1,0.8108,2212.33,1794.0,4501.07,106,1,1,new
C100589,78,2,2,0,0.9228,2969.0,2628.69,6254.23,67,1,0,new
C100590,1027,32,30,2,0.9483,15876.03,14106.77,544721.67,66,0,0,high_value
C100591,725,7,7,0,0.9657,20183.89,20169.58,124537.03,109,1,1,regular
C100592,381,26,23,3,0.8949,5593.69,4733.78,130443.56,3,1,1,regular
C100593,1190,16,14,2,0.902,2152.69,1886.24,34544.22,45,0,0,regular
C100594,78,1,1,0,0.8346,3099.14,2943.58,2737.38,59,1,0,new
C100595,335,23,20,3,0.8634,10032.59,9816.74,229098.37,0,2,2,regular
C100596,421,25,24,1,0.9479,4725.64,4081.95,112128.38,56,1,1,regular
C100597,359,49,43,6,0.8699,4341.86,4044.26,198875.84,111,1,1,regular
C100598,314,27,26,1,0.9641,22741.72,21145.36,578029.0,94,2,2,high_value
C100599,165,22,20,2,0.8865,3658.59,3119.94,80658.32,3,0,0,regular
C100600,903,26,23,3,0.8955,3965.52,3206.0,102384.91,105,2,2,regular
C100601,691,9,9,0,0.9592,2553.01,2409.54,20679.36,95,1,1,regular
C100602,473,71,71,0,0.995,18745.46,15827.47,1429646.33,105,0,0,high_value
C100603,759,31,28,3,0.9001,2160.87,1850.54,51805.14,16,1,1,regular
C100604,470,90,86,4,0.9596,32188.47,29528.59,2582899.39,107,0,0,high_value
C100605,887,46,46,0,0.995,6001.49,4912.79,280403.68,2,1,1,regular
C100606,662,28,26,2,0.9454,4463.29,3740.06,119638.55,4,0,0,regular
C100607,57,1,1,0,0.8475,2423.56,2149.84,2325.6,42,0,0,new
C100608,246,17,15,2,0.8708,2471.48,2448.84,34519.15,97,0,0,regular
C100609,73,42,41,1,0.9715,6156.99,5943.59,227570.23,103,0,0,regular
C100610,469,21,19,2,0.9169,2818.34,2413.13,49367.15,76,0,0,regular
C100611,780,46,41,5,0.9002,1298.06,1106.59,47316.44,4,2,0,regular
C100612,479,61,61,0,0.995,10899.49,11084.38,617230.91,104,0,0,high_value
C100613,654,82,75,7,0.9157,14875.31,13935.38,1223178.92,31,0,0,high_value
C100614,727,14,13,1,0.9066,6571.94,6207.38,79989.29,89,2,2,regular
C100615,395,49,48,1,0.9822,3987.26,3162.81,214796.64,33,0,0,regular
C100616,1156,13,13,0,0.9856,3873.62,3119.01,46508.23,67,1,1,regular
C100617,269,6,6,0,0.9419,4643.28,3949.89,27792.5,11,0,0,regular
C100618,82,3,2,1,0.8278,587.57,577.04,1057.95,119,1,1,new
C100619,20,1,1,0,0.8362,3184.81,3180.23,2723.42,11,0,0,new
C100620,492,46,44,2,0.9514,3850.19,3179.67,175788.71,114,0,0,regular
C100621,544,43,42,1,0.9703,2264.77,2154.72,90490.67,108,1,1,regular
C100622,1379,88,83,5,0.9406,33391.5,33050.68,2642682.62,18,0,0,high_value
C100623,346,46,44,2,0.965,3742.11,3708.19,160096.24,83,1,1,regular
C100624,1399,75,71,4,0.9501,10774.54,9590.57,828737.5,41,3,2,high_value
C100625,455,26,26,0,0.995,3217.68,2709.63,81143.36,37,0,0,regular
C100626,385,13,11,2,0.8776,4781.71,4827.18,46072.49,39,0,0,regular
C100627,10,4,3,1,0.8659,956.02,809.15,2677.69,28,2,1,new
C100628,850,19,17,2,0.8971,5719.99,4808.49,99460.65,115,1,1,regular
C100629,453,13,12,1,0.8879,6350.28,5266.69,87484.99,5,0,0,regular
C100630,399,63,59,4,0.9435,21879.45,19862.35,1152690.4,42,0,0,high_value
C100631,511,32,32,0,0.9925,8975.19,7231.53,271994.3,43,1,1,regular
C100632,50,3,2,1,0.7135,6093.09,5587.15,12133.51,50,1,1,new
C100633,105,21,19,2,0.9202,3625.3,3648.81,78068.98,36,0,0,regular
C100634,71,4,3,1,0.6757,3698.18,3332.77,9791.23,79,0,0,new
C100635,57,3,2,1,0.7793,2702.41,2733.98,5881.24,110,0,0,new
C100636,100,37,32,5,0.8629,2570.05,2563.29,87742.48,80,0,0,regular
C100637,523,35,29,6,0.8418,3271.75,3174.1,89371.25,26,1,1,regular
C100638,930,11,10,1,0.9217,2132.79,1974.82,23079.46,119,1,1,regular
C100639,434,20,17,3,0.868,3135.28,3108.2,54496.96,48,1,1,regular
C100640,624,34,30,4,0.8756,3206.24,2927.92,86703.84,37,0,0,regular
C100641,158,14,13,1,0.9203,3729.5,3094.47,45367.06,81,2,2,regular
C100642,63,1,1,0,0.8334,649.85,651.18,616.39,116,1,1,new
C100643,782,19,16,3,0.8609,8111.58,7304.69,122894.85,38,0,0,regular
C100644,1030,35,30,5,0.8505,5973.93,5961.15,192463.96,24,0,0,regular
C100645,1044,34,31,3,0.9114,1886.61,1649.56,61297.23,93,0,0,regular
C100646,80,2,1,1,0.6552,1175.66,1011.74,1288.47,57,1,1,new
C100647,106,35,35,0,0.995,1759.31,1695.69,61775.45,87,2,2,regular
C100648,454,13,11,2,0.8457,10068.69,9386.71,105789.28,54,0,0,regular
C100649,89,2,1,1,0.5862,1775.3,1572.09,1545.09,4,0,0,new
C100650,667,30,29,1,0.9805,4352.0,4312.23,137354.34,43,0,0,regular
C100651,226,10,10,0,0.995,2697.94,2438.88,23537.7,102,0,0,regular
C100652,1110,20,17,3,0.8504,3020.78,2365.48,48294.66,112,0,0,regular
C100653,746,41,35,6,0.8657,3427.5,3243.68,126040.54,43,1,1,regular
C100654,348,24,22,2,0.9329,4220.62,3356.05,100212.29,83,0,0,regular
C100655,1110,35,31,4,0.8753,10240.59,9170.08,276364.52,11,0,0,regular
C100656,937,38,33,5,0.8644,7983.99,6595.57,271977.99,26,2,2,regular
C100657,559,6,6,0,0.9247,8058.12,6753.32,43085.55,83,1,1,regular
C100658,227,46,46,0,0.995,4984.95,5060.51,247004.07,4,0,0,regular
C100659,451,20,17,3,0.8314,2252.21,1818.06,40927.66,89,1,1,regular
C100660,725,40,40,0,0.995,2835.0,2726.85,121839.09,115,1,0,regular
C100661,933,26,23,3,0.8755,4666.97,4354.22,93292.4,8,1,1,regular
C100662,79,4,3,1,0.8201,2666.02,2204.29,8140.64,69,1,1,new
C100663,44,3,3,0,0.9221,2743.27,2755.57,7589.99,42,1,1,new
C100664,382,43,40,3,0.9295,7294.73,6042.51,291422.05,77,1,1,regular
C100665,341,10,9,1,0.8922,6241.9,5641.06,64425.21,107,0,0,regular
C100666,569,45,43,2,0.9531,6093.31,5908.83,229821.9,9,1,1,regular
C100667,681,75,73,2,0.97,12111.87,11666.85,909114.11,80,1,1,high_value
C100668,521,44,41,3,0.9413,10015.07,8580.21,369350.69,21,1,1,regular
C100669,467,6,5,1,0.8977,1757.07,1724.43,8811.83,64,1,1,regular
C100670,36,3,2,1,0.7739,5345.99,5404.28,10759.02,53,0,0,new
C100671,944,9,7,2,0.8263,6522.15,5829.26,45055.47,60,0,0,regular
C100672,661,40,38,2,0.9406,28055.34,26275.39,1110756.27,91,1,1,high_value
C100673,852,16,13,3,0.8255,2090.44,1813.42,31041.71,73,0,0,regular
C100674,881,31,28,3,0.9066,2328.17,2013.82,71157.77,41,0,0,regular
C100675,819,41,34,7,0.8182,5345.85,4772.41,206761.09,78,1,0,regular
C100676,427,46,39,7,0.8444,11059.44,9149.61,391134.74,71,1,1,high_value
C100677,1005,28,24,4,0.8435,2315.8,2189.49,63803.18,8,0,0,regular
C100678,58,2,1,1,0.7476,1630.0,1336.17,1534.73,73,0,0,new
C100679,375,24,20,4,0.8506,1812.87,1416.3,31190.48,40,1,1,regular
C100680,22,3,3,0,0.9156,860.95,762.35,2533.45,17,1,1,new
C100681,447,34,31,3,0.9249,2647.91,2113.94,75835.29,63,1,1,regular
C100682,38,3,2,1,0.7384,663.7,607.27,1431.77,61,0,0,new
C100683,108,29,26,3,0.903,4270.11,3863.97,97265.09,87,2,2,regular
C100684,760,22,20,2,0.9077,9029.27,7340.29,183186.05,51,1,1,regular
C100685,1050,10,10,0,0.9874,5203.62,4366.05,48748.54,89,1,1,regular
C100686,867,47,45,2,0.9627,3141.24,2468.6,128919.14,33,2,2,regular
C100687,482,67,66,1,0.9896,52014.95,47986.32,3819855.17,72,2,2,high_value
C100688,1027,8,7,1,0.8751,16273.29,13836.98,114442.93,115,0,0,regular
C100689,399,15,14,1,0.9374,7015.7,6672.75,93076.42,70,1,0,regular
C100690,489,42,35,7,0.8284,4343.05,4044.07,163230.28,81,0,0,regular
C100691,139,31,27,4,0.8726,2728.93,2373.24,81488.15,44,2,2,regular
C100692,856,41,41,0,0.995,3108.63,2440.94,125239.54,81,1,1,regular
C100693,884,25,25,0,0.9881,6767.1,5798.32,153044.34,100,0,0,regular
C100694,420,93,83,10,0.8961,14596.09,12522.97,1391138.94,104,0,0,high_value
C100695,913,22,17,5,0.7942,4507.27,3875.57,73381.79,109,0,0,regular
C100696,205,13,11,2,0.8375,10661.6,10755.71,106916.3,36,1,1,regular
C100697,819,30,26,4,0.8692,4924.94,4035.96,112809.83,101,0,0,regular
C100698,930,17,15,2,0.8997,2355.14,1989.65,31340.6,41,1,1,regular
C100699,292,48,40,8,0.835,16622.98,16286.79,753295.5,104,1,1,regular
C100700,603,21,19,2,0.8952,12955.84,12982.24,279145.99,0,4,4,regular
C100701,1101,19,19,0,0.995,6078.65,5424.52,115769.3,109,0,0,regular
C100702,30,4,3,1,0.8721,5927.4,5391.63,18807.16,25,0,0,new
C100703,918,28,26,2,0.9231,3833.93,3039.1,109629.62,24,0,0,regular
C100704,664,12,10,2,0.8489,6950.06,6768.87,70698.52,67,0,0,regular
C100705,809,26,21,5,0.8117,3490.18,3220.37,76965.4,61,1,1,regular
C100706,774,16,13,3,0.8363,1995.37,1785.78,29573.74,18,1,1,regular
C100707,802,37,30,7,0.8092,21311.16,18170.28,576527.16,64,0,0,regular
C100708,948,30,27,3,0.9145,1935.09,1715.47,46585.67,96,3,2,regular
C100709,1090,37,35,2,0.933,5379.59,5145.44,202578.35,58,1,1,regular
C100710,1274,83,76,7,0.9121,28113.63,22473.64,2266967.38,69,1,1,high_value
C100711,1118,37,34,3,0.9189,6132.98,5529.71,188875.62,101,0,0,regular
C100712,775,20,20,0,0.995,4264.25,3361.57,80229.73,21,0,0,regular
C100713,1333,35,35,0,0.995,14137.11,13647.13,522298.13,39,2,2,high_value
C100714,433,28,27,1,0.9562,4889.67,4061.57,131797.87,107,1,1,regular
C100715,43,1,1,0,0.7231,2845.3,2836.23,3181.17,19,1,0,new
C100716,802,19,18,1,0.9543,4495.1,4019.8,89095.71,30,2,2,regular
C100717,69,1,1,0,0.8314,5192.68,4620.16,5172.62,32,0,0,new
C100718,387,45,36,9,0.7896,2036.86,1764.91,76997.82,98,2,2,regular
C100719,1020,79,74,5,0.937,12834.97,11601.87,990665.32,17,2,2,high_value
C100720,533,35,31,4,0.8773,6205.88,5344.05,168839.17,44,0,0,regular
C100721,794,49,43,6,0.8779,5100.92,4419.35,214443.48,48,1,1,regular
C100722,64,2,2,0,0.8245,1914.59,1583.26,3760.12,9,1,1,new
C100723,1520,23,22,1,0.9551,25261.88,21797.25,622013.74,14,1,1,high_value
C100724,25,2,2,0,0.8015,458.73,447.18,1023.51,45,1,1,new
C100725,33,3,3,0,0.8788,2639.89,2214.78,6868.66,10,1,1,new
C100726,967,40,38,2,0.9415,6532.02,6382.46,273919.75,117,1,1,regular
C100727,15,1,1,0,0.7875,2416.67,2384.56,2497.64,54,1,1,new
C100728,608,7,7,0,0.9328,11383.79,10699.85,68121.44,0,0,0,regular
C100729,1068,24,21,3,0.8906,7728.42,6085.08,156534.49,72,0,0,regular
C100730,547,23,22,1,0.9516,4286.37,3920.52,105279.19,90,0,0,regular
C100731,17,1,1,0,0.8702,6482.74,6352.8,6207.03,72,1,1,new
C100732,77,2,2,0,0.7947,1732.16,1503.15,3647.7,68,0,0,new
C100733,547,11,10,1,0.9357,2017.56,1710.64,20573.04,11,0,0,regular
C100734,61,1,1,0,0.7922,5318.26,4558.44,5461.63,87,0,0,new
C100735,953,30,29,1,0.9623,6013.66,5301.27,173391.71,116,0,0,regular
C100736,109,49,49,0,0.995,2949.44,2350.24,143757.06,43,0,0,regular
C100737,1004,32,31,1,0.9831,2330.59,1950.81,80975.5,14,1,1,regular
C100738,86,41,37,4,0.9047,8136.3,7609.6,293259.74,25,0,0,regular
C100739,419,43,37,6,0.8553,5107.82,4563.31,171493.44,79,1,1,regular
C100740,70,3,3,0,0.9016,5104.22,4284.29,14943.91,77,1,1,new
C100741,59,4,3,1,0.7654,1416.68,1421.51,4547.0,106,0,0,new
C100742,618,15,14,1,0.9407,2465.59,2098.05,34261.88,48,1,1,regular
C100743,45,2,2,0,0.8699,2315.32,1877.81,4953.08,106,2,2,new
C100744,998,40,39,1,0.9815,3997.05,3308.93,143715.78,33,0,0,regular
C100745,94,44,36,8,0.8266,4441.81,3780.78,163875.47,61,1,0,regular
C100746,734,49,40,9,0.812,18732.86,16960.99,831212.57,78,0,0,regular
C100747,740,20,18,2,0.9019,7580.04,6033.08,137640.07,33,1,1,regular
C100748,137,11,9,2,0.8594,7847.04,7730.79,73522.15,44,0,0,regular
C100749,801,43,36,7,0.8345,23020.64,22804.12,873198.59,99,0,0,regular
C100750,653,26,23,3,0.8718,5667.92,4854.03,139735.64,69,1,1,regular
C100751,837,48,41,7,0.8643,4835.1,4671.07,189335.59,73,2,1,regular
C100752,399,36,33,3,0.9106,2993.83,2766.08,102555.94,74,0,0,regular
C100753,351,16,14,2,0.8728,3429.95,3371.32,46811.67,94,0,0,regular
C100754,898,20,18,2,0.8777,1317.6,1115.32,22941.04,116,0,0,regular
C100755,882,32,29,3,0.9097,7230.67,6698.9,208129.38,47,0,0,regular
C100756,244,22,21,1,0.9709,2104.18,1677.97,42965.69,42,0,0,regular
C100757,1473,97,89,8,0.9155,11081.07,8668.37,845936.55,109,1,1,high_value
C100758,52,2,1,1,0.6758,1640.23,1623.71,1759.31,57,2,2,new
C100759,1005,34,31,3,0.9235,4859.39,4133.84,154452.5,111,2,1,regular
C100760,290,6,5,1,0.899,4387.05,3890.87,19550.31,105,1,1,regular
C100761,20,3,3,0,0.9321,2581.8,2157.42,7190.77,88,0,0,new
C100762,23,3,2,1,0.7793,4231.86,4191.38,8745.66,86,1,1,new
C100763,14,1,1,0,0.9925,840.57,733.22,845.11,113,0,0,new
C100764,261,28,28,0,0.9827,25366.5,20876.34,757868.42,32,2,1,high_value
C100765,53,4,3,1,0.8335,3493.7,3234.88,10447.24,54,0,0,new
C100766,32,3,3,0,0.9629,1206.6,1000.64,3994.04,65,0,0,new
C100767,34,3,2,1,0.731,1940.83,1635.28,3389.61,23,1,1,new
C100768,46,1,1,0,0.8041,2979.38,2805.0,3080.55,62,0,0,new
C100769,331,6,5,1,0.832,9348.08,9443.55,44939.28,78,1,1,regular
C100770,123,23,22,1,0.9584,3529.04,3391.95,73139.96,60,0,0,regular
C100771,948,36,31,5,0.8646,5736.15,4645.1,201487.21,78,2,1,regular
C100772,814,9,7,2,0.8047,3506.69,2998.27,27225.94,12,1,1,regular
C100773,158,27,26,1,0.9614,6939.8,6739.43,163314.28,58,0,0,regular
C100774,48,4,3,1,0.8716,2583.43,2185.67,6721.29,111,0,0,new
C100775,277,33,30,3,0.903,3843.4,3680.51,128005.68,31,0,0,regular
C100776,519,38,32,6,0.8551,2429.09,2169.73,70019.04,54,1,1,regular
C100777,16,4,4,0,0.923,3211.68,3186.81,14497.19,74,0,0,new
C100778,389,47,46,1,0.9829,7841.97,6792.68,336632.48,75,1,1,regular
C100779,1120,11,9,2,0.8131,2275.36,2285.14,19935.47,21,0,0,regular
C100780,302,32,26,6,0.8162,5625.4,4937.89,126295.14,13,0,0,regular
C100781,812,62,55,7,0.8918,19964.13,19051.7,1110390.34,90,1,1,high_value
C100782,559,6,5,1,0.9084,3331.08,2754.29,15100.13,63,0,0,regular
C100783,501,47,41,6,0.8802,4072.88,3695.69,163535.32,108,1,1,regular
C100784,1469,53,50,3,0.9397,16633.56,14212.25,936321.03,118,1,0,high_value
C100785,1175,15,15,0,0.9753,2770.87,2169.74,38477.89,19,1,1,regular
C100786,66,7,6,1,0.9267,2607.13,2307.17,16275.94,43,1,1,regular
C100787,588,35,33,2,0.9436,3909.63,3211.37,117483.19,98,0,0,regular
C100788,195,29,27,2,0.9263,9687.39,9784.85,270178.96,35,1,1,regular
C100789,554,7,6,1,0.9106,11828.55,11521.73,66482.1,23,0,0,regular
C100790,763,49,41,8,0.8324,4241.04,4060.73,183353.69,18,1,1,regular
C100791,529,37,31,6,0.8483,2935.28,2608.88,98381.32,60,0,0,regular
C100792,412,25,21,4,0.8289,8521.11,7176.35,199379.06,45,0,0,regular
C100793,88,1,1,0,0.7484,2051.91,1760.23,2309.59,111,0,0,new
C100794,40,2,2,0,0.9015,1903.21,1577.85,3511.01,115,1,1,new
C100795,431,25,21,4,0.823,4382.98,3999.27,81798.1,9,0,0,regular
C100796,79,4,3,1,0.7641,2404.45,2343.63,6236.33,108,0,0,new
C100797,59,4,3,1,0.8029,2134.06,1760.55,6825.41,10,0,0,new
C100798,169,14,12,2,0.8458,2556.3,1996.7,27794.15,86,0,0,regular
C100799,106,10,9,1,0.8725,4976.29,4031.52,48819.62,115,0,0,regular
C100800,649,10,8,2,0.8428,3195.41,2845.91,29127.95,41,1,1,regular
C100801,837,20,19,1,0.9464,3773.79,2960.4,64129.59,19,1,0,regular
C100802,354,22,20,2,0.8999,6517.63,5714.55,121879.49,7,0,0,regular
C100803,289,20,19,1,0.9589,3680.84,2969.25,70440.85,41,0,0,regular
C100804,32,3,3,0,0.8342,1645.1,1325.73,4832.48,114,0,0,new
C100805,19,3,2,1,0.6719,1965.92,1869.64,3844.48,55,1,1,new
C100806,899,13,13,0,0.995,11169.36,11391.4,132878.67,50,1,1,regular
C100807,90,3,3,0,0.9476,2851.33,2357.12,9552.78,0,0,0,new
C100808,198,37,37,0,0.9871,4829.47,4033.1,188424.85,79,2,2,regular
C100809,1121,96,96,0,0.995,51324.77,43684.58,4415542.21,22,0,0,high_value
C100810,63,4,3,1,0.8313,4940.02,4784.05,12616.79,82,0,0,new
C100811,61,2,2,0,0.8781,1786.82,1610.66,3855.25,99,0,0,new
C100812,845,50,47,3,0.9406,22662.06,20780.26,910416.33,92,1,1,high_value
C100813,464,25,22,3,0.8907,4735.59,4314.89,116072.93,62,1,1,regular
C100814,56,4,4,0,0.9735,2176.86,2187.67,8784.3,78,1,1,new
C100815,246,9,8,1,0.8867,7150.28,5637.03,64582.81,47,1,1,regular
C100816,921,18,16,2,0.8758,7701.44,6299.01,133272.79,85,0,0,regular
C100817,318,15,13,2,0.8532,11829.05,10311.47,171970.05,81,0,0,regular
C100818,632,14,14,0,0.9766,5205.37,4669.88,78205.64,22,0,0,regular
C100819,992,23,20,3,0.8636,12891.89,10408.2,263764.14,38,0,0,regular
C100820,58,2,2,0,0.8261,4350.15,4325.62,7846.96,93,2,2,new
C100821,365,19,16,3,0.8234,4340.54,4091.77,74191.55,52,0,0,regular
C100822,184,44,40,4,0.9118,1654.76,1660.94,68023.17,28,1,1,regular
C100823,943,43,36,7,0.8406,4737.05,4764.49,168214.14,119,0,0,regular
C100824,843,5,4,1,0.8392,11463.45,10351.59,46659.81,104,1,1,regular
C100825,51,1,1,0,0.7524,3630.74,3575.27,3339.11,92,0,0,new
C100826,736,49,48,1,0.9734,4728.25,4524.09,220448.72,50,1,1,regular
C100827,275,31,29,2,0.9364,4968.95,4305.71,127853.69,66,0,0,regular
C100828,858,22,21,1,0.9405,7919.7,7426.81,161811.74,113,0,0,regular
C100829,889,27,24,3,0.9022,3565.81,3596.68,84730.4,63,1,1,regular
C100830,401,14,12,2,0.8899,2670.98,2573.13,35491.99,99,0,0,regular
C100831,594,22,21,1,0.9575,6334.93,6019.82,134118.27,101,0,0,regular
C100832,440,47,41,6,0.8762,2880.73,2400.37,132597.55,96,0,0,regular
C100833,95,32,31,1,0.9601,1495.97,1465.26,52884.95,72,0,0,regular
C100834,205,24,24,0,0.9842,13575.96,11858.87,281737.96,41,3,3,regular
C100835,1154,10,9,1,0.8595,7848.29,7297.17,72693.13,40,0,0,regular
C100836,579,45,39,6,0.8683,13930.91,13132.03,510582.23,97,0,0,regular
C100837,1049,94,90,4,0.9565,33482.45,30256.68,3331027.72,50,0,0,high_value
C100838,110,37,30,7,0.822,6768.61,5548.51,202697.67,29,0,0,regular
C100839,462,18,16,2,0.8818,5617.01,5321.49,78496.59,22,1,1,regular
C100840,72,1,1,0,0.809,3311.3,2779.3,3028.19,73,1,1,new
C100841,498,12,10,2,0.8473,6118.65,5162.23,64378.37,115,0,0,regular
C100842,1199,21,21,0,0.9895,3228.89,2616.79,59255.19,45,1,1,regular
C100843,617,35,31,4,0.884,2369.17,2200.45,70779.99,78,0,0,regular
C100844,80,3,2,1,0.7878,1905.94,1540.33,4236.84,37,0,0,new
C100845,955,6,5,1,0.8691,9766.64,8427.17,41936.03,47,0,0,regular
C100846,92,16,14,2,0.9014,2148.21,2134.21,31845.1,48,0,0,regular
C100847,66,12,10,2,0.8554,2168.79,1927.48,22829.62,43,3,3,regular
C100848,57,3,2,1,0.7277,5187.8,5160.21,9817.62,101,0,0,new
C100849,1458,87,80,7,0.9201,26432.48,23743.03,1868913.81,108,1,1,high_value
C100850,21,1,1,0,0.849,2027.07,1668.12,1785.28,32,0,0,new
C100851,56,1,1,0,0.7619,1446.91,1392.13,1650.59,43,1,0,new
C100852,1113,10,8,2,0.8311,5935.77,5133.42,50006.49,2,0,0,regular
C100853,1171,34,29,5,0.8556,39608.78,40081.65,1105921.55,90,1,1,high_value
C100854,397,7,6,1,0.8517,9716.62,8190.24,64133.39,84,0,0,regular
C100855,991,27,22,5,0.8298,7024.13,6864.79,136141.77,100,0,0,regular
C100856,796,30,28,2,0.9243,4573.02,4108.98,113713.64,67,1,1,regular
C100857,1117,39,36,3,0.9237,4442.1,4362.64,145406.35,109,0,0,regular
C100858,227,20,18,2,0.9132,5632.05,4640.4,109392.58,16,0,0,regular
C100859,745,6,6,0,0.9531,3731.79,3478.33,21778.75,44,0,0,regular
C100860,87,25,24,1,0.9624,1691.06,1364.96,42321.36,53,0,0,regular
C100861,467,24,24,0,0.995,7058.07,6869.79,155797.42,91,0,0,regular
C100862,73,33,28,5,0.8386,6810.89,5697.7,206569.65,26,0,0,regular
C100863,564,9,9,0,0.995,1131.38,998.58,11103.92,39,0,0,regular
C100864,83,2,2,0,0.995,1462.61,1371.1,2849.1,11,0,0,new
C100865,1313,25,25,0,0.9883,18523.77,16574.54,422705.28,113,0,0,high_value
C100866,421,38,31,7,0.8099,2287.58,2211.94,73681.73,54,1,1,regular
C100867,546,49,41,8,0.827,4306.4,4070.24,163645.26,1,0,0,regular
C100868,84,3,3,0,0.995,1457.08,1182.12,3910.02,28,0,0,new
C100869,894,38,38,0,0.995,12186.45,11767.61,479172.28,68,1,1,regular
C100870,363,10,9,1,0.911,8816.68,7773.1,79657.43,58,1,1,regular
C100871,46,2,2,0,0.8448,4095.7,3782.22,8887.98,61,0,0,new
C100872,1236,31,31,0,0.995,21048.34,17511.75,611843.18,7,0,0,high_value
C100873,1006,38,32,6,0.8306,17915.76,15793.49,526058.68,105,1,1,regular
C100874,603,39,38,1,0.9625,3093.34,3019.47,122502.48,99,0,0,regular
C100875,292,32,29,3,0.9045,4469.99,4480.28,137448.58,25,0,0,regular
C100876,112,22,22,0,0.995,6123.79,6156.17,131221.87,43,0,0,regular
C100877,1136,38,36,2,0.9477,3120.66,2958.45,110401.12,10,1,1,regular
C100878,927,26,25,1,0.9598,12961.71,10355.61,287446.39,15,0,0,regular
C100879,237,34,30,4,0.8955,3388.8,3003.26,100731.36,101,1,1,regular
C100880,144,32,27,5,0.8445,1955.52,1615.92,60106.35,13,0,0,regular
C100881,207,25,21,4,0.8576,3284.09,3111.43,60973.3,42,1,1,regular
C100882,847,78,78,0,0.995,19931.93,16318.85,1586391.58,119,1,1,high_value
C100883,985,18,17,1,0.9646,2787.58,2828.33,40541.95,38,0,0,regular
C100884,17,1,1,0,0.7939,2432.16,2010.64,2304.75,82,2,2,new
C100885,993,28,27,1,0.9672,6306.67,4998.99,183620.37,12,1,1,regular
C100886,62,33,30,3,0.9182,2178.68,2140.44,66677.16,104,1,1,regular
C100887,21,4,3,1,0.8734,1826.36,1513.22,4790.59,110,1,1,new
C100888,62,2,2,0,0.995,3774.51,2965.87,7439.93,109,1,1,new
C100889,1155,26,24,2,0.9281,6858.75,6252.01,143823.43,75,0,0,regular
C100890,602,14,13,1,0.8969,3257.0,3298.09,40734.55,116,1,1,regular
C100891,1021,40,37,3,0.9253,12522.38,10571.39,500712.26,83,0,0,high_value
C100892,336,22,19,3,0.8671,3795.12,3332.47,66877.67,45,1,1,regular
C100893,34,2,2,0,0.9156,1100.7,921.2,2170.62,107,1,1,new
C100894,519,17,17,0,0.995,6145.53,5616.5,104484.7,32,0,0,regular
C100895,461,16,15,1,0.9264,3596.6,3083.97,59666.58,101,2,2,regular
C100896,898,17,16,1,0.9571,5996.31,5528.16,85046.91,111,0,0,regular
C100897,672,18,17,1,0.9443,3513.17,3143.32,60627.22,54,0,0,regular
C100898,61,3,2,1,0.7748,3389.16,3399.13,5824.19,27,2,1,new
C100899,567,27,25,2,0.9323,5970.64,5617.2,131055.72,19,1,1,regular
C100900,132,26,25,1,0.952,18666.03,17617.42,427553.3,64,0,0,regular
C100901,66,12,11,1,0.9078,3677.82,3298.09,43122.64,80,0,0,regular
C100902,14,2,2,0,0.773,3750.42,3198.19,6468.21,70,0,0,new
C100903,714,48,40,8,0.8375,3051.82,2610.38,138372.09,78,0,0,regular
C100904,1552,42,39,3,0.9212,13255.68,11942.81,505753.39,3,1,1,high_value
C100905,912,25,21,4,0.8495,3421.92,2826.7,79160.96,5,0,0,regular
C100906,1079,18,17,1,0.9548,6706.91,5444.55,104504.11,31,1,1,regular
C100907,83,1,1,0,0.8301,1818.08,1580.58,1729.61,107,2,1,new
C100908,1151,6,6,0,0.9651,5373.53,4359.62,34436.97,60,2,1,regular
C100909,1122,6,5,1,0.8791,3768.28,3147.96,18158.57,40,1,1,regular
C100910,762,39,34,5,0.8626,3346.96,3040.4,114052.26,79,0,0,regular
C100911,664,42,39,3,0.9327,2596.02,2517.16,110637.79,51,1,1,regular
C100912,553,50,47,3,0.9309,19939.03,16628.06,979613.48,17,1,1,high_value
C100913,487,48,44,4,0.9252,11803.83,11449.71,571701.56,61,1,1,high_value
C100914,1282,54,54,0,0.995,26278.52,20595.26,1243002.13,83,0,0,high_value
C100915,279,40,38,2,0.9497,13146.01,13399.54,515744.47,109,0,0,high_value
C100916,34,3,3,0,0.889,1353.19,1223.37,4182.82,44,2,2,new
C100917,27,3,2,1,0.6744,669.95,599.08,1382.95,20,0,0,new
C100918,212,15,15,0,0.9852,5299.92,4961.44,81616.96,103,1,1,regular
C100919,132,38,30,8,0.78,5100.62,4560.17,163294.11,44,0,0,regular
C100920,19,1,1,0,0.7595,741.28,650.79,817.79,18,2,2,new
C100921,841,47,40,7,0.8553,8311.05,7222.6,305474.04,60,0,0,regular
C100922,780,39,36,3,0.9259,5756.7,5841.2,182655.89,7,0,0,regular
C100923,186,22,19,3,0.8694,8369.13,8258.32,138690.44,119,2,1,regular
C100924,83,4,4,0,0.9717,2155.67,1941.35,7739.11,93,1,1,new
C100925,181,11,10,1,0.9175,1962.4,1924.62,20542.11,52,2,1,regular
C100926,69,1,1,0,0.9194,2867.29,2339.08,2795.46,65,1,1,new
C100927,903,9,8,1,0.8919,2525.18,2290.5,19289.26,47,0,0,regular
C100928,396,10,9,1,0.9154,8472.6,7524.01,85631.42,56,0,0,regular
C100929,122,5,5,0,0.9207,1256.22,1077.8,7035.15,112,1,1,regular
C100930,424,40,37,3,0.9363,3397.21,3398.65,127163.2,87,0,0,regular
C100931,983,38,35,3,0.9099,3109.69,3046.87,107484.25,79,0,0,regular
C100932,223,45,37,8,0.8274,3686.4,3677.93,127003.59,117,0,0,regular
C100933,967,49,44,5,0.8896,5263.19,4907.67,228794.48,19,0,0,regular
C100934,588,48,45,3,0.9464,5707.72,4967.39,249983.14,108,0,0,regular
C100935,221,49,43,6,0.8698,6605.61,6352.19,242027.59,21,0,0,regular
C100936,490,85,84,1,0.9861,13788.52,11114.32,1248083.53,31,0,0,high_value
C100937,55,3,2,1,0.6064,2168.13,2135.04,4256.34,77,0,0,new
C100938,825,37,33,4,0.8969,15947.47,12549.17,482509.88,16,2,2,regular
C100939,22,2,2,0,0.8748,600.76,586.57,1261.45,56,1,1,new
C100940,483,11,9,2,0.8057,3731.78,3541.25,33058.71,40,1,0,regular
C100941,781,48,42,6,0.8695,4145.21,3321.27,164369.96,1,0,0,regular
C100942,23,1,1,0,0.7677,1888.52,1539.67,1736.01,22,0,0,new
C100943,131,19,19,0,0.995,5596.03,4972.48,92262.27,53,1,1,regular
C100944,748,8,8,0,0.995,2511.59,2139.8,20110.91,10,0,0,regular
C100945,1136,20,18,2,0.913,2802.06,2768.86,48552.41,112,1,1,regular
C100946,956,5,5,0,0.9375,1225.88,1012.92,5284.14,51,1,1,regular
C100947,296,35,34,1,0.959,3542.67,3117.9,131739.75,89,0,0,regular
C100948,1100,22,22,0,0.9865,8524.4,7181.92,204881.25,24,0,0,regular
C100949,838,7,7,0,0.9288,4107.51,3329.23,28666.53,67,0,0,regular
C100950,124,49,47,2,0.9656,4247.71,3578.01,219940.08,13,2,2,regular
C100951,206,42,39,3,0.9376,5317.34,5245.01,206194.5,23,0,0,regular
C100952,1110,45,42,3,0.9413,2466.34,2347.26,93297.11,82,0,0,regular
C100953,61,1,1,0,0.8616,2160.11,2158.86,2171.52,40,1,1,new
C100954,1618,60,56,4,0.9379,14270.41,12518.96,754207.19,117,0,0,high_value
C100955,574,39,34,5,0.8786,5408.74,4530.89,181269.0,119,0,0,regular
C100956,659,40,34,6,0.8387,8092.81,6363.51,314007.84,15,0,0,regular
C100957,713,40,32,8,0.8109,9607.62,8635.69,294119.0,79,0,0,regular
C100958,811,16,14,2,0.8846,6696.81,5287.36,85764.28,93,2,2,regular
C100959,1198,22,20,2,0.8942,2933.09,2290.82,52124.89,33,0,0,regular
C100960,925,46,42,4,0.9163,3660.49,3386.43,171448.02,100,0,0,regular
C100961,89,7,7,0,0.9433,14338.82,11751.5,85765.81,88,0,0,regular
C100962,76,3,2,1,0.5081,3258.26,2979.18,7313.08,38,0,0,new
C100963,30,3,2,1,0.8068,3139.81,2881.23,5454.05,10,0,0,new
C100964,939,56,54,2,0.9703,18268.34,17422.91,1061264.42,53,0,0,high_value
C100965,459,31,30,1,0.9626,4259.71,3714.26,119880.37,44,1,1,regular
C100966,823,51,47,4,0.9223,14397.62,13666.76,625917.95,63,1,1,high_value
C100967,57,4,3,1,0.835,3230.48,2803.52,8760.88,27,0,0,new
C100968,94,39,35,4,0.8988,3295.15,2647.55,102684.69,37,0,0,regular
C100969,1067,10,9,1,0.866,3787.27,3235.84,29649.91,107,0,0,regular
C100970,356,16,14,2,0.8782,9199.72,7192.49,115467.36,101,0,0,regular
C100971,27,4,3,1,0.7975,1926.77,1716.73,5933.73,88,0,0,new
C100972,48,1,1,0,0.8018,2646.2,2534.2,2701.52,42,3,3,new
C100973,802,95,88,7,0.9244,15713.15,15215.66,1291940.97,59,1,1,high_value
C100974,994,14,13,1,0.9344,2212.8,1849.25,30318.79,35,1,1,regular
C100975,223,35,35,0,0.995,5298.83,4267.44,200460.75,48,2,2,regular
C100976,773,9,9,0,0.9827,8541.03,7042.11,87942.5,62,0,0,regular
C100977,529,40,40,0,0.995,3847.89,3909.8,151134.4,103,2,2,regular
C100978,776,34,32,2,0.9435,8089.24,6915.53,249116.54,95,0,0,regular
C100979,58,2,1,1,0.6701,3501.53,3091.95,3998.58,23,0,0,new
C100980,1209,34,34,0,0.9927,31776.88,25362.73,1223726.27,113,0,0,high_value
C100981,416,18,17,1,0.9596,4639.65,4497.86,88976.61,8,0,0,regular
C100982,1104,45,39,6,0.8706,7660.13,6799.42,308494.76,5,0,0,regular
C100983,816,27,22,5,0.8218,1868.75,1496.82,42564.52,102,0,0,regular
C100984,18,2,1,1,0.6951,6591.82,5889.83,7438.17,34,0,0,new
C100985,951,27,26,1,0.9624,16106.49,15320.27,416233.41,102,1,1,high_value
C100986,1015,39,37,2,0.9363,5375.53,4803.19,181798.13,8,0,0,regular
C100987,53,1,1,0,0.8882,1715.91,1737.31,1965.71,29,0,0,new
C100988,584,48,47,1,0.9776,4095.21,4050.98,212226.84,99,1,1,regular
C100989,1040,21,21,0,0.9858,3240.1,2927.6,58979.99,23,1,1,regular
C100990,464,13,12,1,0.9418,1683.09,1692.72,17848.98,62,0,0,regular
C100991,345,31,31,0,0.9848,3820.18,3723.66,132001.32,86,1,1,regular
C100992,1103,26,24,2,0.9104,6136.18,5328.57,138480.23,41,0,0,regular
C100993,1159,26,26,0,0.995,7104.17,6856.51,195590.76,17,0,0,regular
C100994,684,59,56,3,0.9556,26746.71,24109.6,1326085.8,99,0,0,high_value
C100995,409,21,18,3,0.856,9109.09,8283.68,147757.42,74,1,1,regular
C100996,319,22,20,2,0.9142,2507.85,2269.47,53879.1,109,1,1,regular
C100997,89,2,2,0,0.8549,1291.08,1256.07,2953.45,84,0,0,new
C100998,1156,73,71,2,0.9692,23105.54,23116.12,1641575.65,89,1,1,high_value
C100999,350,42,34,8,0.8106,5780.14,4951.75,169576.17,74,1,1,regular
C101000,59,1,1,0,0.8549,1906.29,1780.59,1754.35,80,0,0,new
C101001,255,15,12,3,0.8269,6758.89,6291.3,74116.11,51,1,1,regular
C101002,60,2,2,0,0.8888,4318.48,4288.25,9764.79,111,1,1,new
C101003,56,2,2,0,0.9696,1426.86,1266.1,2784.5,97,1,0,new
C101004,757,31,27,4,0.8646,3183.78,2628.65,97506.97,29,0,0,regular
C101005,188,36,31,5,0.8583,5934.12,4917.85,203802.24,111,1,1,regular
C101006,922,52,49,3,0.9399,19133.91,15159.91,923724.75,28,0,0,high_value
C101007,773,40,34,6,0.8589,6671.75,5365.25,194505.22,84,0,0,regular
C101008,448,19,17,2,0.8996,7936.67,6764.36,154066.98,110,1,1,regular
C101009,1057,42,37,5,0.872,1729.67,1391.72,54591.53,50,1,1,regular
C101010,663,13,12,1,0.9332,5675.76,5613.68,75385.83,22,3,2,regular
C101011,473,14,14,0,0.9936,3831.54,3321.5,52245.24,119,1,1,regular
C101012,95,21,20,1,0.941,2992.18,2598.51,56276.5,95,0,0,regular
C101013,229,63,57,6,0.9096,26515.02,25502.19,1469778.99,53,0,0,high_value
C101014,603,14,14,0,0.9765,4803.08,4093.77,64356.59,118,0,0,regular
C101015,16,4,4,0,0.9222,3355.85,3193.57,14184.99,13,0,0,new
C101016,1053,17,16,1,0.9363,5038.74,4924.77,82378.69,63,0,0,regular
C101017,956,22,21,1,0.9697,4055.14,3513.55,78947.49,21,2,2,regular
C101018,70,4,4,0,0.995,1721.53,1540.21,6942.93,22,0,0,new
C101019,734,24,21,3,0.8626,5158.38,4422.46,105237.04,41,0,0,regular
C101020,578,23,22,1,0.9418,5638.58,4970.74,139702.84,68,0,0,regular
C101021,175,49,40,9,0.8211,8098.75,7445.83,362083.42,20,1,1,regular
C101022,1360,64,58,6,0.9068,8371.94,7232.63,502666.54,62,0,0,high_value
C101023,672,10,9,1,0.87,4483.6,3996.65,45986.03,93,0,0,regular
C101024,159,37,35,2,0.937,1286.5,1156.68,43340.56,17,0,0,regular
C101025,593,36,33,3,0.9231,6124.6,4813.21,177129.11,1,0,0,regular
C101026,1007,28,26,2,0.9443,13652.08,11184.82,306785.25,89,2,2,high_value
C101027,432,43,37,6,0.8547,4273.08,3888.2,173919.63,48,2,2,regular
C101028,466,22,19,3,0.8515,5622.1,4388.82,103086.28,22,1,0,regular
C101029,185,11,10,1,0.9414,10013.11,9502.5,110953.44,105,1,1,regular
C101030,292,12,10,2,0.8621,13591.86,13555.32,134236.0,51,2,2,regular
C101031,1178,37,32,5,0.8738,2589.19,2488.47,70703.8,14,0,0,regular
C101032,767,14,11,3,0.7986,2043.29,1747.82,22669.33,37,0,0,regular
C101033,865,81,81,0,0.995,8901.09,7903.82,741437.95,69,1,1,high_value
C101034,610,38,38,0,0.995,5204.55,4872.36,194895.99,34,1,0,regular
C101035,279,43,36,7,0.8482,2187.92,2063.88,86752.76,112,0,0,regular
C101036,564,27,26,1,0.9713,4455.39,4520.44,120844.84,75,2,2,regular
C101037,225,45,41,4,0.9064,6440.47,5785.58,253344.33,8,1,1,regular
C101038,765,18,14,4,0.8041,2151.12,1806.7,32094.23,41,0,0,regular
C101039,26,2,1,1,0.7442,704.4,610.66,666.28,41,0,0,new
C101040,40,1,1,0,0.8355,1994.2,1996.96,2196.73,17,0,0,new
C101041,565,7,6,1,0.891,3961.89,3691.89,22203.17,4,1,1,regular
C101042,386,37,35,2,0.9352,6824.1,6738.25,250781.65,13,1,1,regular
C101043,344,39,39,0,0.995,3699.47,3528.48,140604.11,81,1,1,regular
C101044,56,4,4,0,0.995,2720.01,2751.84,9578.29,29,0,0,new
C101045,549,46,41,5,0.8809,17318.65,15591.9,737694.38,50,1,1,regular
C101046,16,4,3,1,0.7146,1431.61,1443.03,4144.15,17,1,1,new
C101047,827,32,27,5,0.8339,3041.29,3018.82,85422.3,113,0,0,regular
C101048,119,36,33,3,0.9157,6759.38,6640.02,225729.7,118,0,0,regular
C101049,381,32,29,3,0.9101,8140.92,8184.74,203619.72,82,0,0,regular
C101050,1031,5,4,1,0.8012,5771.65,5229.86,21043.28,39,0,0,regular
C101051,18,2,2,0,0.844,2272.86,2178.03,4819.03,72,2,2,new
C101052,1121,35,29,6,0.8377,5444.2,4972.08,156349.85,46,2,2,regular
C101053,29,2,2,0,0.819,3503.74,3385.68,6937.0,109,1,1,new
C101054,216,13,13,0,0.9862,4769.66,4594.62,52749.35,72,0,0,regular
C101055,285,7,7,0,0.9378,3194.68,3073.34,21039.77,15,0,0,regular
C101056,1632,46,41,5,0.8844,24333.14,21481.98,1048379.69,11,0,0,high_value
C101057,1148,19,17,2,0.8783,8027.33,7795.41,152307.64,94,0,0,regular
C101058,1067,49,45,4,0.914,1733.71,1716.99,79749.04,87,1,1,regular
C101059,984,46,43,3,0.9438,10117.52,9436.62,440358.07,87,0,0,regular
C101060,1747,21,19,2,0.9131,32702.84,29076.64,615820.43,39,5,5,high_value
C101061,451,47,42,5,0.904,3703.95,3647.58,163895.62,80,0,0,regular
C101062,602,15,14,1,0.923,4293.11,4150.7,65479.22,32,0,0,regular
C101063,1019,49,41,8,0.831,10374.84,9261.66,389724.73,76,0,0,regular
C101064,988,25,22,3,0.8659,1378.74,1267.29,32279.4,39,0,0,regular
C101065,1177,65,65,0,0.995,12080.69,11411.4,724904.07,14,0,0,high_value
C101066,1014,7,7,0,0.9605,8672.21,8196.94,52178.61,99,0,0,regular
C101067,455,12,11,1,0.9156,4266.74,3646.56,40945.51,97,0,0,regular
C101068,19,3,3,0,0.899,2869.8,2440.04,7438.2,94,1,0,new
C101069,1017,26,24,2,0.9405,4787.32,4753.63,107318.48,76,0,0,regular
C101070,489,13,12,1,0.896,2811.32,2825.05,29962.54,76,1,1,regular
C101071,917,9,8,1,0.8368,2769.48,2427.44,19398.79,92,0,0,regular
C101072,576,32,32,0,0.995,6898.02,6892.58,197399.62,67,0,0,regular
C101073,1653,54,52,2,0.9634,8272.07,7386.68,370554.91,105,2,2,high_value
C101074,309,8,8,0,0.995,1802.78,1478.51,13745.32,91,4,4,regular
C101075,751,30,30,0,0.995,4842.91,4629.3,159357.75,65,0,0,regular
C101076,606,48,40,8,0.8328,3307.62,2616.37,134439.3,70,0,0,regular
C101077,481,23,19,4,0.8329,2191.56,1769.33,36205.21,114,0,0,regular
C101078,907,13,10,3,0.7382,4697.95,4725.39,45216.67,60,0,0,regular
C101079,61,8,8,0,0.9651,7130.94,6448.01,55846.71,13,1,1,regular
C101080,165,47,45,2,0.9494,4554.74,3843.88,184820.02,101,0,0,regular
C101081,316,33,32,1,0.9833,19154.08,17148.61,589580.07,0,1,1,high_value
C101082,599,21,19,2,0.9242,12785.35,11746.7,231024.93,29,0,0,high_value
C101083,686,43,39,4,0.9047,8374.33,7816.1,325992.26,39,0,0,regular
C101084,496,67,60,7,0.89,17169.42,14827.06,1091138.44,3,0,0,high_value
C101085,742,36,34,2,0.957,10688.66,9330.96,361107.32,25,0,0,regular
C101086,555,8,7,1,0.9264,2461.73,2244.95,15029.58,21,0,0,regular
C101087,743,8,8,0,0.9498,7530.24,7006.13,52203.76,66,1,1,regular
C101088,106,14,13,1,0.9026,5248.76,5254.67,76175.46,105,1,0,regular
C101089,687,12,12,0,0.9809,2254.25,1970.55,28631.59,33,0,0,regular
C101090,718,28,27,1,0.9479,5335.35,5281.6,150847.17,46,0,0,regular
C101091,390,22,18,4,0.8388,14229.02,14490.44,287871.35,82,1,0,regular
C101092,122,39,39,0,0.9934,9222.04,7943.5,364137.83,80,0,0,regular
C101093,1167,9,9,0,0.9835,2449.8,1926.89,19228.63,113,1,1,regular
C101094,868,37,35,2,0.9379,4537.19,4197.12,169015.02,62,2,2,regular
C101095,768,47,44,3,0.9268,6044.1,6025.21,238995.64,92,0,0,regular
C101096,934,10,10,0,0.995,1593.82,1263.6,16732.88,101,0,0,regular
C101097,824,34,28,6,0.812,1627.13,1346.15,44202.39,50,1,1,regular
C101098,213,27,27,0,0.9845,4937.48,4652.46,114443.91,100,0,0,regular
C101099,27,1,1,0,0.8869,5067.97,4937.81,4392.2,118,1,1,new
C101100,24,2,1,1,0.633,1625.57,1301.75,1573.21,14,1,1,new
C101101,388,40,37,3,0.9172,5679.49,4925.81,216101.37,92,2,1,regular
C101102,1168,44,37,7,0.8354,8638.73,7233.18,288075.21,74,0,0,regular
C101103,133,21,18,3,0.8802,3947.55,3993.23,62673.16,97,0,0,regular
C101104,76,2,2,0,0.9039,3043.5,2872.43,5860.98,65,1,1,new
C101105,459,16,14,2,0.8974,6340.29,5669.19,96864.15,24,3,2,regular
C101106,9,4,3,1,0.7841,3933.75,3882.48,12806.75,51,0,0,new
C101107,260,30,26,4,0.8723,1653.52,1503.11,45366.35,82,0,0,regular
C101108,1357,81,80,1,0.9873,11449.47,11434.81,895446.24,107,0,0,high_value
C101109,58,4,3,1,0.8632,3220.26,2696.37,9492.49,8,0,0,new
C101110,79,2,1,1,0.7023,2639.96,2076.49,2422.91,22,0,0,new
C101111,1062,25,25,0,0.995,10851.01,9580.33,241745.05,28,1,1,regular
C101112,1052,29,27,2,0.9222,6584.79,5458.97,151965.91,70,0,0,regular
C101113,1076,66,64,2,0.9633,16244.12,15928.59,1151950.18,1,0,0,high_value
C101114,470,51,47,4,0.9248,23584.07,21412.02,1107182.77,114,1,1,high_value
C101115,19,4,3,1,0.7933,3781.42,3211.48,9652.98,84,1,1,new
C101116,77,3,2,1,0.7965,4532.0,4376.36,9143.33,108,1,1,new
C101117,824,20,17,3,0.8471,7500.94,6799.24,118270.64,2,0,0,regular
C101118,394,46,40,6,0.8617,10318.98,9294.01,403764.8,32,0,0,regular
C101119,230,33,32,1,0.9811,9334.92,7686.27,314168.02,53,1,1,regular
C101120,355,39,32,7,0.8169,5014.43,5108.96,175372.41,92,0,0,regular
C101121,57,1,1,0,0.7819,4871.9,4570.64,5164.92,77,0,0,new
C101122,355,35,31,4,0.8878,3289.5,3240.67,114098.09,50,1,1,regular
C101123,44,2,2,0,0.8341,2399.33,2308.96,4416.81,36,3,3,new
C101124,776,9,9,0,0.995,5199.63,4683.33,49062.34,39,0,0,regular
C101125,175,16,14,2,0.8527,8954.48,7005.41,140023.8,44,4,3,regular
C101126,366,46,39,7,0.8422,3621.44,3404.16,133122.18,82,0,0,regular
C101127,259,30,27,3,0.8988,6072.23,4883.16,178678.79,104,0,0,regular
C101128,1113,39,34,5,0.8639,6234.86,6301.89,239980.85,57,0,0,regular
C101129,184,95,84,11,0.8804,7394.2,6209.82,647921.65,108,0,0,high_value
C101130,900,49,45,4,0.9152,11653.07,10116.73,471571.39,35,0,0,high_value
C101131,341,47,43,4,0.9241,3980.37,3631.59,158877.02,103,0,0,regular
C101132,83,4,4,0,0.9088,1662.22,1497.04,7007.87,0,0,0,new
C101133,814,44,38,6,0.8679,1499.63,1405.51,63246.15,89,0,0,regular
C101134,1498,55,52,3,0.9422,45664.4,44204.4,2035290.09,113,1,0,high_value
C101135,238,20,18,2,0.9033,9874.95,9498.07,168488.22,33,1,1,regular
C101136,899,47,41,6,0.8803,2148.56,2144.14,81050.09,81,0,0,regular
C101137,281,39,39,0,0.995,9548.82,8525.0,363696.62,8,0,0,regular
C101138,12,1,1,0,0.8273,1391.07,1263.37,1503.11,102,0,0,new
C101139,1062,9,9,0,0.9755,2596.47,2569.93,23387.89,58,0,0,regular
C101140,130,10,10,0,0.9836,4119.55,3492.39,41421.57,50,1,1,regular
C101141,228,38,38,0,0.9873,13848.17,11618.9,543442.15,110,0,0,regular
C101142,986,11,10,1,0.9515,3065.08,2397.47,30794.91,111,1,1,regular
C101143,81,17,15,2,0.91,1590.9,1522.87,25211.27,26,0,0,regular
C101144,841,24,22,2,0.9062,1940.44,1833.76,37657.08,115,2,2,regular
C101145,631,11,10,1,0.8954,7871.48,6662.52,67446.03,25,1,1,regular
C101146,455,19,15,4,0.78,1996.18,1619.26,32878.12,97,1,1,regular
C101147,1043,35,33,2,0.9531,9178.43,7252.86,300971.62,93,0,0,regular
C101148,1027,48,44,4,0.9247,4692.44,4209.52,193984.63,60,0,0,regular
C101149,431,26,25,1,0.9595,4413.71,3647.64,108830.02,71,1,1,regular
C101150,7,2,2,0,0.9165,825.23,800.82,1724.78,47,1,1,new
C101151,206,28,27,1,0.9499,2782.99,2805.27,66613.03,48,0,0,regular
C101152,62,3,3,0,0.8475,1078.05,1041.88,3257.05,61,1,1,new
C101153,35,1,1,0,0.7871,710.74,699.64,627.74,103,0,0,new
C101154,740,48,37,11,0.7614,10108.86,10288.69,414374.37,57,0,0,regular
C101155,58,4,4,0,0.995,1087.09,1041.21,4429.74,69,0,0,new
C101156,14,3,3,0,0.8832,733.28,671.8,2405.0,84,1,1,new
C101157,58,3,3,0,0.8541,2140.93,2086.13,6848.63,110,0,0,new
C101158,883,44,41,3,0.9301,3267.92,2991.21,146656.69,103,0,0,regular
C101159,917,32,28,4,0.8845,3595.84,3178.02,95905.36,44,0,0,regular
C101160,27,4,3,1,0.8365,1383.41,1089.85,3701.34,103,0,0,new
C101161,855,33,33,0,0.995,4461.16,4168.13,164513.85,53,0,0,regular
C101162,680,24,22,2,0.9078,2748.79,2736.15,67451.43,11,2,1,regular
C101163,16,3,2,1,0.7418,1775.88,1680.61,3960.14,8,0,0,new
C101164,27,1,1,0,0.6733,4735.06,4152.62,5430.08,24,1,0,new
C101165,429,22,20,2,0.8996,4081.26,3787.64,83980.11,44,0,0,regular
C101166,1146,6,5,1,0.8995,13663.52,13323.43,68573.71,48,1,0,regular
C101167,877,32,32,0,0.9881,5505.24,5303.85,191881.86,21,0,0,regular
C101168,902,21,19,2,0.9052,7737.8,6947.64,129823.08,21,1,1,regular
C101169,70,2,2,0,0.8692,2496.15,2163.67,5416.21,3,1,1,new
C101170,571,12,11,1,0.8841,3983.15,3486.24,47918.63,109,0,0,regular
C101171,1143,42,39,3,0.9356,5085.63,5074.94,202932.65,30,3,3,regular
C101172,296,23,22,1,0.9713,2912.15,2390.19,61913.2,77,1,1,regular
C101173,708,23,23,0,0.9817,5720.64,5646.93,137741.48,58,1,1,regular
C101174,139,41,41,0,0.9887,6509.97,5382.88,300140.21,43,0,0,regular
C101175,395,29,26,3,0.8937,6232.55,6328.62,145418.71,29,0,0,regular
C101176,714,5,5,0,0.9097,4110.02,3648.06,19385.53,7,2,2,regular
C101177,618,31,24,7,0.7612,8659.22,8278.41,218508.62,13,0,0,regular
C101178,1132,34,31,3,0.8982,3855.52,3682.22,131469.2,81,1,1,regular
C101179,759,19,19,0,0.9755,3650.21,3523.94,72517.99,54,0,0,regular
C101180,529,13,13,0,0.9638,10686.71,10360.28,142713.36,116,0,0,regular
C101181,80,3,3,0,0.9046,2731.78,2156.41,7176.85,17,0,0,new
C101182,21,3,2,1,0.7964,707.28,598.07,1386.43,111,0,0,new
C101183,83,4,4,0,0.9374,1395.42,1165.35,6235.01,10,2,2,new
C101184,21,1,1,0,0.9333,9110.17,8633.37,8732.03,87,0,0,new
C101185,726,42,37,5,0.8819,9720.45,9176.07,346817.54,115,1,1,regular
C101186,715,20,17,3,0.8427,3027.59,2577.35,49269.59,18,1,1,regular
C101187,559,99,92,7,0.9309,16088.29,15612.88,1419177.83,57,1,1,high_value
C101188,17,2,2,0,0.825,914.08,781.34,1775.92,110,2,2,new
C101189,709,33,31,2,0.9466,4198.64,3620.5,140831.85,96,1,1,regular
C101190,335,5,4,1,0.8851,2702.33,2366.5,10663.6,26,0,0,regular
C101191,782,30,27,3,0.9065,14510.76,13911.49,404377.08,20,1,1,regular
C101192,832,5,4,1,0.7793,4111.98,3218.97,16163.79,40,0,0,regular
C101193,1420,26,26,0,0.995,10034.57,10010.0,290158.6,55,0,0,high_value
C101194,98,18,16,2,0.9159,19661.82,18601.91,284270.5,35,0,0,regular
C101195,39,2,2,0,0.9786,1830.17,1685.2,3246.26,10,0,0,new
C101196,265,48,43,5,0.9037,7267.23,6082.38,303840.6,59,0,0,regular
C101197,714,36,32,4,0.8945,12342.07,11953.58,451141.58,49,0,0,regular
C101198,631,38,38,0,0.995,6506.2,6437.68,262054.47,36,0,0,regular
C101199,601,6,5,1,0.8463,8076.92,7272.23,41793.27,99,1,1,regular
C101200,1179,7,7,0,0.9299,4649.09,3952.62,31472.99,34,1,1,regular
C101201,666,39,33,6,0.8446,6988.86,6089.62,216458.86,107,0,0,regular
C101202,528,24,21,3,0.8765,4408.71,3879.23,105264.37,1,0,0,regular
C101203,136,27,25,2,0.9266,4445.76,3794.1,108707.32,62,0,0,regular
C101204,11,3,3,0,0.9701,3547.87,3373.76,11317.63,114,0,0,new
C101205,87,3,3,0,0.9859,4310.16,3715.89,14134.72,34,0,0,new
C101206,574,35,33,2,0.93,6090.34,5950.82,210479.0,78,2,2,regular
C101207,1097,37,33,4,0.8804,6081.09,5419.99,184578.19,88,0,0,regular
C101208,667,15,14,1,0.963,7355.35,6847.46,96425.14,41,2,2,regular
C101209,684,35,31,4,0.8917,6605.09,6654.69,175456.03,76,1,1,regular
C101210,550,12,11,1,0.9041,14940.91,13253.38,187492.75,78,1,1,regular
C101211,694,18,17,1,0.9317,8462.59,6946.8,158307.38,56,0,0,regular
C101212,136,40,37,3,0.9236,3973.81,3624.04,142797.12,45,0,0,regular
C101213,125,49,46,3,0.9487,5905.71,5310.43,303644.67,57,1,1,regular
C101214,602,7,7,0,0.929,10503.37,10165.37,65884.8,17,1,1,regular
C101215,741,34,32,2,0.9381,2544.91,2510.42,70248.46,59,2,2,regular
C101216,687,30,27,3,0.8905,15068.74,14330.81,362341.07,39,0,0,regular
C101217,549,32,27,5,0.8459,2827.22,2864.4,85115.41,40,0,0,regular
C101218,395,40,33,7,0.8243,7723.31,6523.16,228910.0,29,1,1,regular
C101219,85,1,1,0,0.8482,2835.56,2374.52,2468.18,62,0,0,new
C101220,30,2,1,1,0.7219,1450.76,1233.02,1313.9,0,0,0,new
C101221,113,17,13,4,0.7772,2059.22,1937.77,26087.79,6,2,2,regular
C101222,575,11,11,0,0.9816,7756.86,6483.26,85234.09,25,2,2,regular
C101223,870,25,22,3,0.8607,2077.29,1664.36,42079.7,68,0,0,regular
C101224,38,2,2,0,0.8664,10018.73,10165.54,21875.2,30,2,2,new
C101225,387,33,26,7,0.7778,9024.1,7720.18,266994.24,59,0,0,regular
C101226,1114,30,27,3,0.8959,13168.67,10974.44,333243.45,17,1,1,regular
C101227,802,28,28,0,0.995,3015.39,2611.63,95350.13,50,0,0,regular
C101228,1791,94,88,6,0.9369,11802.87,9655.01,1137714.65,54,0,0,high_value
C101229,44,3,2,1,0.7967,1801.95,1420.99,4021.24,38,0,0,new
C101230,1053,6,5,1,0.7934,4259.56,3634.65,18484.57,5,0,0,regular
C101231,318,16,13,3,0.8307,10029.87,8636.59,143454.84,74,1,0,regular
C101232,19,2,2,0,0.7568,1349.22,1315.01,2768.0,24,1,1,new
C101233,562,36,32,4,0.8891,6138.61,5429.92,169224.72,58,0,0,regular
C101234,155,23,21,2,0.9057,2120.85,2029.27,47926.89,85,0,0,regular
C101235,63,1,1,0,0.8417,2840.12,2716.78,2620.05,12,0,0,new
C101236,1166,47,39,8,0.8318,9074.83,8796.76,385460.43,81,0,0,regular
C101237,750,39,36,3,0.9344,6263.88,6266.65,234023.0,44,0,0,regular
C101238,90,3,2,1,0.7744,1971.27,1773.5,3933.48,60,0,0,new
C101239,29,3,2,1,0.7358,5766.42,4641.67,9883.82,9,0,0,new
C101240,781,14,12,2,0.8753,14047.81,11087.65,188280.45,59,1,1,regular
C101241,564,44,36,8,0.8156,5856.65,4830.91,188547.29,45,0,0,regular
C101242,376,49,43,6,0.8844,1878.9,1839.46,88783.59,21,0,0,regular
C101243,34,3,2,1,0.7342,1461.38,1341.32,3087.74,63,0,0,new
C101244,681,9,8,1,0.9336,2730.62,2221.71,19024.15,78,1,1,regular
C101245,791,36,33,3,0.9119,4748.29,3854.82,158678.18,46,1,1,regular
C101246,246,11,11,0,0.9639,2565.87,2550.38,32134.46,76,0,0,regular
C101247,760,48,43,5,0.8978,2195.35,1986.37,106374.04,40,2,1,regular
C101248,1116,29,26,3,0.9134,1157.79,950.84,26908.25,99,1,1,regular
C101249,1136,95,93,2,0.9799,14803.6,14732.83,1241752.87,33,0,0,high_value
C101250,64,2,2,0,0.9372,2079.48,1981.69,3726.8,95,0,0,new
C101251,23,3,3,0,0.9313,644.31,576.44,2081.49,45,1,1,new
C101252,30,4,3,1,0.8227,2623.17,2338.86,7068.61,66,0,0,new
C101253,897,49,40,9,0.8207,2917.77,2746.9,101465.42,8,1,1,regular
C101254,28,4,4,0,0.995,3747.11,3226.99,14495.33,8,0,0,new
C101255,936,12,10,2,0.8654,4320.49,4406.81,49256.49,119,0,0,regular
C101256,152,11,10,1,0.9143,2737.14,2650.36,25796.95,0,1,1,regular
C101257,127,20,20,0,0.995,5030.26,4697.41,107373.04,66,0,0,regular
C101258,791,10,10,0,0.9581,2421.48,2288.27,21628.39,54,1,1,regular
C101259,222,55,53,2,0.9687,17255.68,17584.58,947789.29,76,0,0,high_value
C101260,17,4,4,0,0.9678,1866.93,1461.04,7649.55,0,1,1,new
C101261,540,25,24,1,0.9743,4469.0,3510.3,120260.97,21,0,0,regular
C101262,886,21,19,2,0.9116,12003.14,11623.92,242876.07,40,1,1,regular
C101263,698,92,87,5,0.947,6476.97,5377.53,499390.1,110,0,0,high_value
C101264,1169,48,48,0,0.995,6090.58,5752.19,283998.54,41,2,2,regular
C101265,539,27,24,3,0.8933,3093.19,2786.35,63113.38,68,1,1,regular
C101266,65,1,1,0,0.9633,1754.93,1503.06,1618.57,68,0,0,new
C101267,943,85,83,2,0.9767,34811.48,29085.74,3297900.61,49,0,0,high_value
C101268,1037,6,6,0,0.9633,4580.79,4426.96,27119.8,99,0,0,regular
C101269,189,26,23,3,0.8764,6642.21,5453.49,169617.37,85,0,0,regular
C101270,1008,25,25,0,0.9856,25729.46,21049.09,551329.94,53,1,1,high_value
C101271,822,28,23,5,0.811,3543.98,3140.19,90805.25,36,0,0,regular
C101272,644,44,41,3,0.9429,3360.97,2717.77,153897.22,33,0,0,regular
C101273,359,44,38,6,0.8714,3322.26,3102.87,132056.99,112,1,1,regular
C101274,54,3,3,0,0.8438,2740.74,2790.27,7275.64,15,0,0,new
C101275,871,41,37,4,0.9092,3617.16,3470.66,148932.0,20,1,1,regular
C101276,12,4,3,1,0.8052,3850.14,3560.52,12936.0,31,2,2,new
C101277,72,3,2,1,0.8195,2706.38,2367.31,4927.32,99,1,1,new
C101278,266,48,41,7,0.859,3200.52,3255.3,148548.79,82,0,0,regular
C101279,701,5,5,0,0.9603,5368.13,5320.81,29908.86,115,0,0,regular
C101280,251,20,17,3,0.8471,8388.67,8195.24,129981.34,86,0,0,regular
C101281,506,33,30,3,0.894,3836.76,3204.47,111436.31,59,2,1,regular
C101282,201,23,21,2,0.9307,2477.98,2006.32,49487.88,4,1,0,regular
C101283,968,43,43,0,0.995,12768.5,10504.72,548753.46,105,0,0,regular
C101284,607,47,43,4,0.9161,16364.87,13780.62,785809.93,80,1,1,high_value
C101285,1020,42,42,0,0.995,12539.82,10026.94,585820.08,8,1,1,high_value
C101286,119,10,9,1,0.9264,10744.47,10671.63,87291.44,116,0,0,regular
C101287,488,14,11,3,0.7856,7143.6,5889.53,79785.04,74,0,0,regular
C101288,365,12,10,2,0.8381,4372.42,3648.29,44170.62,74,0,0,regular
C101289,769,38,34,4,0.8875,2504.52,2487.39,83886.7,42,0,0,regular
C101290,996,14,12,2,0.8672,3347.05,3380.36,42751.68,39,0,0,regular
C101291,319,35,28,7,0.814,9271.74,7725.47,270977.29,43,0,0,regular
C101292,937,20,19,1,0.9615,6775.61,5763.36,120050.95,6,1,1,regular
C101293,721,30,28,2,0.9256,4023.2,3910.65,107518.55,54,0,0,regular
C101294,999,44,40,4,0.9184,12987.86,13154.93,580043.41,7,0,0,regular
C101295,152,43,37,6,0.8684,4094.91,3832.52,143592.38,71,0,0,regular
C101296,19,4,3,1,0.8608,1294.54,1147.25,3818.48,24,0,0,new
C101297,79,3,2,1,0.7683,5964.97,5618.4,13622.44,73,0,0,new
C101298,379,48,43,5,0.8941,14351.42,13881.67,683255.87,44,0,0,regular
C101299,268,35,33,2,0.9367,7070.31,5706.01,247246.94,33,1,1,regular
C101300,1182,13,11,2,0.8622,4626.37,4091.9,47898.11,17,0,0,regular
C101301,1067,34,31,3,0.9158,4042.23,3984.64,130149.19,46,1,1,regular
C101302,209,33,32,1,0.9785,4458.69,4232.64,148756.87,8,0,0,regular
C101303,567,34,33,1,0.9839,2912.0,2378.83,93546.34,29,0,0,regular
C101304,896,24,24,0,0.9897,1981.9,1905.1,40946.14,55,1,0,regular
C101305,211,65,61,4,0.9337,10598.98,9965.01,620649.43,75,0,0,high_value
C101306,275,34,31,3,0.9119,3267.31,2756.03,101533.68,55,1,1,regular
C101307,470,25,22,3,0.8831,3262.1,2813.76,81457.79,12,1,1,regular
C101308,40,1,1,0,0.8383,3276.52,2802.93,3500.14,86,1,1,new
C101309,938,69,64,5,0.9301,13847.92,14102.44,782022.22,50,0,0,high_value
C101310,1155,18,16,2,0.8999,4519.96,3724.87,68011.05,75,0,0,regular
C101311,1144,97,94,3,0.9714,10293.71,10078.15,973902.74,117,1,1,high_value
C101312,865,39,39,0,0.9947,6695.96,6075.6,257312.86,5,0,0,regular
C101313,12,3,2,1,0.7776,1871.26,1855.02,3186.89,118,2,1,new
C101314,78,4,3,1,0.697,3493.07,3547.72,11847.05,114,0,0,new
C101315,971,10,10,0,0.9591,7201.65,7278.42,80745.73,62,0,0,regular
C101316,241,22,19,3,0.8814,3575.23,3521.68,76564.81,3,1,1,regular
C101317,83,4,3,1,0.7552,2427.21,2134.14,7125.56,29,1,1,new
C101318,952,45,43,2,0.9584,16303.88,13778.49,771182.28,27,1,1,regular
C101319,911,34,33,1,0.9845,2838.25,2431.47,99521.95,70,0,0,regular
C101320,905,34,30,4,0.8804,1179.44,1104.84,35507.77,82,3,2,regular
C101321,537,20,19,1,0.9709,2942.64,2536.69,48817.41,58,0,0,regular
C101322,17,1,1,0,0.7827,1258.69,1113.15,1133.27,42,1,1,new
C101323,77,21,21,0,0.9878,2542.84,2032.08,49206.22,5,0,0,regular
C101324,391,7,6,1,0.9085,2688.22,2594.24,18045.03,112,0,0,regular
C101325,662,16,15,1,0.9098,4596.28,3708.06,72364.49,118,0,0,regular
C101326,203,32,25,7,0.7878,1315.63,1132.61,37657.07,3,0,0,regular
C101327,208,48,43,5,0.8867,9222.52,8500.44,404471.97,39,0,0,regular
C101328,111,27,27,0,0.9913,1460.26,1325.16,34514.91,117,2,2,regular
C101329,57,3,3,0,0.995,1278.27,1271.05,3809.24,47,1,1,new
C101330,1191,40,38,2,0.9528,3704.63,3475.26,124380.66,74,2,2,regular
C101331,853,30,27,3,0.9121,7383.79,7157.63,223367.47,61,1,1,regular
C101332,1141,41,40,1,0.9738,5556.69,4738.9,207493.7,75,2,2,regular
C101333,1046,75,73,2,0.9692,18106.01,14697.4,1201699.69,105,0,0,high_value
C101334,1700,64,63,1,0.9841,24975.26,23936.27,1578931.67,45,0,0,high_value
C101335,1076,38,35,3,0.9134,3404.95,2781.36,130152.09,95,0,0,regular
C101336,52,1,1,0,0.9022,2569.54,2518.66,2577.51,54,0,0,new
C101337,809,28,26,2,0.9399,8344.47,8397.24,186900.09,24,0,0,regular
C101338,849,24,22,2,0.903,7382.55,6259.68,174254.02,8,0,0,regular
C101339,1008,48,48,0,0.995,5458.46,5254.53,225383.06,85,1,1,regular
C101340,31,3,3,0,0.9461,3302.17,2922.29,10216.71,72,0,0,new
C101341,761,7,7,0,0.959,4403.08,3750.36,31902.77,104,1,1,regular
C101342,724,26,24,2,0.929,5754.81,5084.22,126037.98,28,1,1,regular
C101343,1050,6,6,0,0.9538,15256.99,14268.71,90074.79,85,0,0,regular
C101344,1013,38,36,2,0.9362,17674.34,17977.21,542016.66,2,0,0,high_value
C101345,472,30,23,7,0.779,3616.05,3080.92,77771.87,16,1,1,regular
C101346,778,23,21,2,0.9337,3453.69,3279.03,75124.41,71,0,0,regular
C101347,686,14,13,1,0.9004,5684.26,4890.56,69110.72,64,2,2,regular
C101348,320,17,15,2,0.88,1259.9,1058.74,16333.74,71,0,0,regular
C101349,63,2,2,0,0.7696,763.17,711.0,1606.14,100,1,1,new
C101350,770,47,38,9,0.8166,7632.88,7348.25,311141.5,100,1,1,regular
C101351,1090,40,32,8,0.8017,3281.63,3124.67,116447.4,23,0,0,regular
C101352,721,29,29,0,0.9848,5033.42,5064.73,162414.7,24,0,0,regular
C101353,248,11,10,1,0.9377,15953.51,12854.83,159358.79,64,1,1,regular
C101354,1185,15,11,4,0.7652,5490.6,4995.12,58718.03,114,3,2,regular
C101355,37,4,3,1,0.8253,2580.45,2192.87,7940.75,80,0,0,new
C101356,387,16,15,1,0.9628,1931.21,1885.0,31511.58,17,0,0,regular
C101357,920,35,31,4,0.8932,3870.86,3076.89,119108.49,76,0,0,regular
C101358,498,21,21,0,0.9847,2778.14,2284.17,67007.5,40,0,0,regular
C101359,49,4,3,1,0.8668,1436.48,1386.62,4487.22,12,0,0,new
C101360,1016,17,14,3,0.8286,3770.97,3262.32,49754.33,85,2,2,regular
C101361,1049,27,24,3,0.9014,9058.65,8548.03,236564.03,33,0,0,regular
C101362,657,37,33,4,0.8831,2337.96,2383.88,69069.37,93,1,0,regular
C101363,28,3,2,1,0.7782,4498.36,4005.17,10172.91,66,1,0,new
C101364,1044,39,32,7,0.8227,5126.55,4654.48,156192.47,53,0,0,regular
C101365,257,31,27,4,0.8616,5522.1,5599.84,157373.67,25,1,1,regular
C101366,911,34,30,4,0.8715,4914.36,4713.53,152972.94,35,1,1,regular
C101367,21,3,2,1,0.6821,10576.39,8749.02,18588.27,40,0,0,new
C101368,9,3,2,1,0.7917,1794.91,1746.5,3828.48,83,1,1,new
C101369,539,39,37,2,0.9408,4110.83,3715.39,143513.93,49,0,0,regular
C101370,90,1,1,0,0.8608,2813.42,2726.11,2713.13,4,3,3,new
C101371,1099,94,87,7,0.9262,7117.61,6574.2,544278.8,1,2,2,high_value
C101372,924,45,43,2,0.9462,5199.61,4339.39,244382.24,32,2,2,regular
C101373,139,17,15,2,0.9011,5430.2,5296.97,90256.56,61,0,0,regular
C101374,801,73,68,5,0.9329,29685.34,23169.0,1797122.26,39,0,0,high_value
C101375,79,3,2,1,0.7669,5061.46,5026.67,11072.28,119,2,1,new
C101376,1158,17,13,4,0.7702,5308.33,5183.4,77247.82,27,1,1,regular
C101377,937,28,22,6,0.7976,16302.66,16511.88,315328.39,48,0,0,regular
C101378,179,29,27,2,0.933,3086.88,2434.09,95783.19,47,2,2,regular
C101379,1076,12,11,1,0.8941,2209.6,1955.57,20692.94,32,4,4,regular
C101380,347,12,10,2,0.8238,4470.83,3668.73,49300.84,105,0,0,regular
C101381,23,3,2,1,0.7291,4543.39,3951.64,9245.67,30,0,0,new
C101382,157,13,11,2,0.8545,1025.18,888.17,12824.07,1,0,0,regular
C101383,689,88,82,6,0.9315,13031.7,12033.66,1016697.14,61,0,0,high_value
C101384,428,23,23,0,0.9823,12137.79,10741.74,267515.09,76,0,0,high_value
C101385,53,3,2,1,0.6596,3752.88,3796.93,8272.2,54,0,0,new
C101386,678,22,18,4,0.8147,2824.13,2391.09,54047.38,50,1,1,regular
C101387,1035,18,15,3,0.828,4615.74,4064.16,71323.99,103,0,0,regular
C101388,1089,87,77,10,0.8845,12465.77,11819.51,1001441.01,44,0,0,high_value
C101389,61,2,2,0,0.995,3925.58,3322.49,8281.34,76,0,0,new
C101390,1645,31,28,3,0.9058,26054.15,24848.22,630559.11,100,2,2,high_value
C101391,391,17,16,1,0.9148,7601.85,7222.45,107682.92,47,2,2,regular
C101392,28,4,4,0,0.995,368.91,350.81,1334.52,64,0,0,new
C101393,53,3,2,1,0.7285,6279.01,5914.94,11340.34,46,0,0,new
C101394,726,35,29,6,0.8427,12471.84,12174.89,398890.46,73,1,1,regular
C101395,14,3,2,1,0.6667,5238.21,5336.61,10144.88,65,1,1,new
C101396,820,16,14,2,0.8988,3030.77,2404.25,42296.17,102,1,1,regular
C101397,1078,55,52,3,0.9366,16307.78,14665.84,743546.59,30,1,1,high_value
C101398,734,21,20,1,0.9445,2739.34,2671.24,60877.92,19,0,0,regular
C101399,121,20,18,2,0.8845,4889.53,3813.89,75080.73,50,0,0,regular
C101400,454,14,13,1,0.9236,6875.76,6262.7,78210.82,73,0,0,regular
C101401,70,3,3,0,0.9292,3099.69,2908.6,10169.78,34,0,0,new
C101402,1102,32,31,1,0.9688,16394.25,13541.95,451900.29,119,1,1,high_value
C101403,170,16,15,1,0.9232,2134.89,1870.58,34841.57,61,0,0,regular
C101404,75,2,2,0,0.9021,2543.8,2466.13,4859.29,97,0,0,new
C101405,132,41,38,3,0.9293,1779.72,1416.66,73231.05,65,1,1,regular
C101406,1636,76,76,0,0.995,30546.28,24814.82,2008359.87,47,0,0,high_value
C101407,61,3,2,1,0.8254,3518.8,3435.53,6702.45,101,1,1,new
C101408,818,9,9,0,0.9722,4392.11,4278.83,39306.89,18,1,1,regular
C101409,671,28,24,4,0.873,5864.68,5405.46,146060.29,30,1,1,regular
C101410,161,7,7,0,0.9501,7612.69,6698.29,58663.88,91,0,0,regular
C101411,721,49,49,0,0.992,19197.47,15460.81,868564.37,108,1,1,high_value
C101412,980,31,28,3,0.9028,10383.77,10121.53,304604.33,34,0,0,regular
C101413,421,51,45,6,0.8908,26186.62,21944.89,1055292.15,64,2,2,high_value
C101414,26,4,3,1,0.7903,3065.11,3062.55,10009.58,58,1,1,new
C101415,1016,13,12,1,0.9006,3398.83,3283.96,46086.8,87,0,0,regular
C101416,945,39,37,2,0.9465,6635.41,5304.51,212165.88,59,0,0,regular
C101417,125,31,25,6,0.8043,1903.31,1774.87,41585.22,73,1,1,regular
C101418,766,22,20,2,0.8889,10728.05,10738.25,233069.6,80,0,0,regular
C101419,1515,96,94,2,0.9842,30854.36,30576.68,3231145.43,99,2,2,high_value
C101420,678,22,22,0,0.995,12861.7,11925.43,295539.25,16,0,0,regular
C101421,940,44,38,6,0.87,4391.78,3606.84,164944.43,79,1,1,regular
C101422,1074,20,18,2,0.9144,3234.54,3051.0,62921.33,21,0,0,regular
C101423,687,6,6,0,0.9176,6674.81,6273.48,37642.45,1,0,0,regular
C101424,425,9,7,2,0.8146,8351.29,7694.02,67083.3,85,0,0,regular
C101425,1180,17,15,2,0.8784,2931.24,2473.32,48558.8,46,0,0,regular
C101426,88,2,2,0,0.7639,3878.85,3863.61,8658.69,86,1,1,new
C101427,56,2,2,0,0.8151,896.37,807.28,1983.59,112,2,2,new
C101428,790,22,17,5,0.772,5264.09,4481.36,101111.17,15,0,0,regular
C101429,178,48,42,6,0.876,11338.35,9538.43,413993.11,54,0,0,regular
C101430,1581,26,24,2,0.9163,24677.23,20912.58,664856.93,11,1,1,high_value
C101431,286,15,14,1,0.9453,3821.56,3403.72,49466.72,99,0,0,regular
C101432,28,1,1,0,0.7771,4077.49,3406.35,3905.22,119,1,1,new
C101433,36,3,2,1,0.719,2277.95,2059.67,4378.99,104,1,1,new
C101434,315,42,41,1,0.9869,17449.22,14414.55,657991.46,119,0,0,regular
C101435,1246,65,61,4,0.9325,23518.98,19874.21,1408156.41,39,1,1,high_value
C101436,207,46,46,0,0.995,7712.77,6237.47,355375.02,33,0,0,regular
C101437,172,30,27,3,0.9102,7585.18,6567.06,183213.88,102,1,1,regular
C101438,1630,83,80,3,0.962,22264.77,19535.83,1706114.58,78,0,0,high_value
C101439,561,84,83,1,0.9872,18654.52,16358.0,1477789.35,45,0,0,high_value
C101440,898,30,27,3,0.8834,2440.77,2328.43,69354.06,25,0,0,regular
C101441,30,4,3,1,0.85,3167.95,2838.5,9734.18,3,0,0,new
C101442,52,4,4,0,0.8837,3528.31,3338.91,15028.23,4,0,0,new
C101443,75,2,2,0,0.995,1840.6,1450.3,3994.77,83,0,0,new
C101444,9,3,2,1,0.7898,1369.48,1211.69,2876.19,31,1,1,new
C101445,138,5,5,0,0.995,9812.29,7865.05,45252.96,98,0,0,regular
C101446,303,28,26,2,0.9327,9445.15,8414.72,245729.98,101,0,0,high_value
C101447,1073,8,7,1,0.8543,1218.3,1130.16,8442.6,54,0,0,regular
C101448,1196,46,46,0,0.9892,9037.05,8776.94,362583.58,35,0,0,regular
C101449,972,21,19,2,0.9056,9258.31,8444.07,196725.68,20,1,1,regular
C101450,943,17,15,2,0.9062,5248.98,4572.29,69084.26,30,1,1,regular
C101451,1064,48,40,8,0.8331,5693.97,4802.7,260312.81,73,3,2,regular
C101452,937,37,33,4,0.8825,7689.89,7765.14,218118.12,90,0,0,regular
C101453,1048,75,75,0,0.9942,24474.67,20254.96,1962079.82,88,1,1,high_value
C101454,1195,45,37,8,0.832,3749.29,2962.62,129883.26,115,0,0,regular
C101455,23,1,1,0,0.995,1392.61,1128.31,1561.7,78,1,1,new
C101456,530,33,29,4,0.8848,3655.36,3726.27,116310.06,60,0,0,regular
C101457,1093,19,17,2,0.914,5208.06,5194.88,75920.83,42,1,1,regular
C101458,866,54,52,2,0.9554,13902.28,11912.33,619241.15,40,2,2,high_value
C101459,400,37,33,4,0.892,2686.97,2098.32,91414.97,44,0,0,regular
C101460,233,47,41,6,0.8686,2881.43,2778.07,105719.42,105,1,1,regular
C101461,374,48,48,0,0.995,17193.69,14651.24,705008.26,65,1,1,regular
C101462,26,1,1,0,0.8305,2163.24,1698.83,2466.81,26,0,0,new
C101463,1070,21,19,2,0.8986,5618.43,4998.08,111005.18,23,1,1,regular
C101464,215,47,42,5,0.8885,6372.28,5619.06,228360.06,3,0,0,regular
C101465,836,49,44,5,0.8934,4355.97,3775.85,191117.64,101,1,1,regular
C101466,933,10,9,1,0.9147,6732.67,6307.22,54368.64,26,0,0,regular
C101467,1081,33,32,1,0.9652,5481.99,5231.15,191484.37,12,1,0,regular
C101468,915,32,30,2,0.9342,2669.59,2440.55,68763.78,34,1,1,regular
C101469,20,2,1,1,0.6378,1267.09,992.58,1218.02,58,1,1,new
C101470,1177,20,20,0,0.995,17694.82,13897.15,326083.11,115,1,1,high_value
C101471,18,3,2,1,0.79,5877.62,5828.36,13451.08,103,2,2,new
C101472,44,1,1,0,0.6825,3133.73,2584.54,2737.11,20,0,0,new
C101473,758,33,32,1,0.9765,2956.44,2588.47,100846.88,63,0,0,regular
C101474,1158,8,7,1,0.8433,5525.93,4447.52,38426.52,98,0,0,regular
C101475,821,27,27,0,0.995,2583.55,2157.35,76378.98,91,1,1,regular
C101476,133,11,10,1,0.8792,5252.71,4708.98,48024.16,56,0,0,regular
C101477,647,73,73,0,0.9934,18830.83,15752.57,1521172.41,28,0,0,high_value
C101478,251,39,33,6,0.8373,2739.99,2570.6,102636.33,94,0,0,regular
C101479,494,45,38,7,0.8391,2719.4,2360.86,94443.32,53,0,0,regular
C101480,331,32,31,1,0.9684,19395.44,18798.68,554855.55,28,0,0,regular
C101481,82,1,1,0,0.7811,1578.13,1458.93,1797.65,85,0,0,new
C101482,94,24,21,3,0.876,3473.05,2920.67,71492.79,105,0,0,regular
C101483,789,47,44,3,0.9308,3130.29,3048.94,151585.04,106,0,0,regular
C101484,1045,11,10,1,0.9232,5970.18,5992.27,65834.9,112,2,2,regular
C101485,84,4,3,1,0.853,758.28,613.3,2145.74,77,1,1,new
C101486,1388,42,34,8,0.8139,9244.42,8696.4,284021.8,92,1,0,high_value
C101487,1082,31,31,0,0.995,4413.33,4110.53,131335.0,29,2,2,regular
C101488,472,35,31,4,0.8957,4393.37,4132.98,139949.38,38,0,0,regular
C101489,835,8,8,0,0.9417,3503.83,2759.21,28006.13,17,1,1,regular
C101490,81,1,1,0,0.9424,2189.61,1722.68,2345.16,9,0,0,new
C101491,137,12,11,1,0.9088,3559.05,3027.88,39722.84,100,1,1,regular
C101492,63,40,34,6,0.8442,3394.97,2713.45,126008.57,54,2,2,regular
C101493,268,8,7,1,0.8621,3123.83,2711.04,19268.61,66,0,0,regular
C101494,1125,32,31,1,0.9789,5312.05,5255.64,161664.63,10,0,0,regular
C101495,1147,9,9,0,0.9851,17112.59,14803.49,131653.44,22,0,0,regular
C101496,527,39,35,4,0.8975,10005.52,8747.65,310355.83,9,1,1,regular
C101497,1164,48,44,4,0.9257,14428.84,12180.9,602777.78,58,1,1,regular
C101498,116,23,23,0,0.9818,3201.0,2820.67,82491.12,69,0,0,regular
C101499,1162,14,11,3,0.8077,12291.28,11939.79,130343.07,15,0,0,regular
C101500,323,25,22,3,0.8832,5157.45,5051.28,105752.96,85,1,1,regular
C101501,210,51,50,1,0.9847,22687.74,19989.13,1192509.21,12,0,0,high_value
C101502,923,37,34,3,0.928,5922.15,5183.34,213644.0,100,1,1,regular
C101503,495,33,28,5,0.8422,3662.39,3028.13,101972.63,110,0,0,regular
C101504,393,31,28,3,0.917,6929.42,7027.43,181714.02,76,1,1,regular
C101505,926,33,32,1,0.9713,6019.69,5144.66,181176.89,65,2,2,regular
C101506,439,14,11,3,0.7572,1557.63,1343.04,15517.58,87,1,1,regular
C101507,918,14,13,1,0.9206,4177.04,3689.02,52063.04,29,0,0,regular
C101508,282,46,41,5,0.8877,7595.23,6070.89,280412.09,110,1,1,regular
C101509,157,31,25,6,0.8115,5314.99,4564.77,138571.89,105,0,0,regular
C101510,30,3,3,0,0.9535,535.16,536.95,1795.59,83,0,0,new
C101511,74,2,2,0,0.7944,1330.04,1061.19,2463.96,119,0,0,new
C101512,316,25,23,2,0.9086,5247.77,4396.15,111364.48,36,0,0,regular
C101513,222,30,27,3,0.8891,4247.25,3534.82,128373.3,106,0,0,regular
C101514,914,36,31,5,0.8487,3982.88,3331.35,125989.32,4,2,2,regular
C101515,622,13,11,2,0.8227,2993.74,3021.01,35201.17,89,0,0,regular
C101516,30,2,1,1,0.7083,1980.1,1881.2,2211.26,34,0,0,new
C101517,1405,80,74,6,0.9237,18482.76,18496.62,1435415.59,115,0,0,high_value
C101518,23,3,3,0,0.8744,489.97,483.03,1576.83,68,1,1,new
C101519,10,3,3,0,0.963,3734.35,3472.72,10823.09,23,0,0,new
C101520,836,12,10,2,0.8476,5979.62,5467.49,67656.43,37,2,2,regular
C101521,151,31,28,3,0.8876,9247.7,8343.13,274774.84,105,1,1,regular
C101522,341,15,14,1,0.9542,5300.69,5011.74,64674.35,96,2,1,regular
C101523,1098,24,23,1,0.9403,3640.71,3452.99,86128.3,43,0,0,regular
C101524,452,11,10,1,0.8814,2383.56,2202.1,20937.12,31,1,1,regular
C101525,13,1,1,0,0.9508,2025.86,1798.45,2039.3,3,1,1,new
C101526,451,5,4,1,0.8695,910.27,857.55,3191.57,14,1,1,regular
C101527,1122,41,36,5,0.881,5299.21,4332.66,198053.73,3,0,0,regular
C101528,77,3,2,1,0.7407,2337.1,2132.29,4613.01,39,0,0,new
C101529,595,12,11,1,0.8852,3949.29,3572.66,44134.0,22,1,1,regular
C101530,840,28,27,1,0.959,4257.4,3867.09,120086.22,2,0,0,regular
C101531,26,4,4,0,0.8999,1566.29,1413.73,5795.93,93,2,1,new
C101532,1136,42,41,1,0.9694,10334.0,9921.29,400753.71,105,0,0,regular
C101533,468,44,36,8,0.8195,3675.64,3535.22,131611.14,107,0,0,regular
C101534,89,3,2,1,0.5558,1756.73,1509.2,3583.35,100,0,0,new
C101535,762,21,17,4,0.7937,6239.34,5391.92,119549.43,15,0,0,regular
C101536,793,19,17,2,0.8844,4809.2,3770.21,78124.06,19,1,1,regular
C101537,460,18,15,3,0.8473,3629.43,2929.65,55939.68,101,2,2,regular
C101538,1009,46,45,1,0.9869,3406.4,2871.46,172719.57,1,0,0,regular
C101539,910,11,10,1,0.9346,4484.8,4322.32,47778.74,90,0,0,regular
C101540,989,43,42,1,0.9709,10090.22,9802.59,401965.31,15,1,1,regular
C101541,973,46,41,5,0.8842,5964.38,5007.24,238282.29,6,1,0,regular
C101542,239,42,36,6,0.8488,4408.05,4358.42,176722.56,93,1,0,regular
C101543,56,4,3,1,0.7566,3554.64,3093.13,10464.57,87,2,2,new
C101544,1019,43,40,3,0.9259,4574.95,4444.72,169385.48,10,0,0,regular
C101545,336,6,6,0,0.995,5725.95,5107.81,34593.49,4,2,2,regular
C101546,1179,41,38,3,0.9347,4927.12,4685.81,169593.24,106,1,1,regular
C101547,660,27,24,3,0.8875,6410.55,5548.43,157640.17,31,0,0,regular
C101548,426,48,43,5,0.8987,3447.3,2747.31,170090.99,116,2,2,regular
C101549,314,8,7,1,0.9081,2271.57,1910.33,18139.6,63,0,0,regular
C101550,53,1,1,0,0.995,4981.14,4718.64,5151.19,117,0,0,new
C101551,102,30,30,0,0.984,11100.99,11104.43,371622.5,109,0,0,regular
C101552,847,9,8,1,0.9256,2337.19,2175.43,20465.28,73,1,1,regular
C101553,866,27,25,2,0.9166,5011.08,4833.44,142214.67,12,1,1,regular
C101554,821,6,6,0,0.928,3437.54,2692.93,22933.78,107,1,1,regular
C101555,685,8,8,0,0.9397,7645.4,7358.05,68499.74,41,1,1,regular
C101556,1540,81,80,1,0.9877,19429.67,19051.36,1428258.59,30,0,0,high_value
C101557,885,41,35,6,0.8594,33134.03,29126.01,1040713.18,69,1,1,regular
C101558,1053,9,9,0,0.9719,3755.48,3374.43,29175.32,42,0,0,regular
C101559,159,16,15,1,0.9113,11318.66,8970.83,177894.0,88,2,1,regular
C101560,1272,61,58,3,0.9476,15975.08,13130.12,1047054.81,31,1,0,high_value
C101561,1194,29,29,0,0.995,6198.06,4918.5,206373.58,109,0,0,regular
C101562,1042,5,5,0,0.9412,4601.25,4396.62,25438.06,11,0,0,regular
C101563,693,67,67,0,0.995,15967.53,15519.92,1176061.57,56,0,0,high_value
C101564,268,27,27,0,0.995,4527.64,3649.64,122938.72,115,0,0,regular
C101565,590,48,44,4,0.9224,8882.27,8892.78,385187.19,100,1,1,regular
C101566,15,2,1,1,0.6557,2912.51,2858.59,3035.11,98,0,0,new
C101567,14,1,1,0,0.722,4550.04,4178.34,3898.53,74,0,0,new
C101568,651,8,8,0,0.995,3799.11,3855.29,33076.45,68,0,0,regular
C101569,337,46,38,8,0.8323,1597.37,1584.26,63567.98,24,1,0,regular
C101570,162,42,36,6,0.8649,7534.0,6279.09,244376.87,35,0,0,regular
C101571,900,20,20,0,0.9764,8515.0,8591.36,177232.7,69,0,0,regular
C101572,985,25,22,3,0.8937,3075.74,2726.06,69685.56,36,0,0,regular
C101573,1062,43,39,4,0.9034,8349.13,6822.64,353749.13,37,1,1,regular
C101574,18,4,3,1,0.83,5555.07,4599.72,18352.45,81,1,1,new
C101575,988,15,13,2,0.867,4565.14,4310.44,54956.74,84,0,0,regular
C101576,956,15,12,3,0.8219,4171.69,4242.67,54783.19,59,2,2,regular
C101577,985,36,30,6,0.8267,4743.27,4206.64,128726.93,34,1,1,regular
C101578,342,78,73,5,0.9395,13925.81,12777.66,984321.94,21,1,0,high_value
C101579,587,8,7,1,0.9255,4296.72,3661.05,30010.7,31,0,0,regular
C101580,924,12,10,2,0.8684,3565.89,3504.95,38920.95,39,0,0,regular
C101581,994,49,41,8,0.8405,4215.86,3404.89,193648.38,113,1,1,regular
C101582,192,44,39,5,0.8938,10196.15,9377.8,340056.21,38,1,1,regular
C101583,847,47,46,1,0.977,3179.89,2927.7,156685.73,109,0,0,regular
C101584,446,17,15,2,0.8599,17414.12,13587.78,290795.7,64,0,0,regular
C101585,1783,56,54,2,0.9639,11109.8,11173.52,681694.7,54,1,1,high_value
C101586,254,27,23,4,0.8386,5197.16,5269.1,111211.16,32,0,0,regular
C101587,190,28,25,3,0.888,6339.51,5656.07,142938.19,91,0,0,regular
C101588,1083,6,6,0,0.9303,3777.35,3604.18,22656.95,101,0,0,regular
C101589,47,4,3,1,0.6983,3257.13,3204.01,10946.9,117,0,0,new
C101590,7,4,2,2,0.623,1754.32,1417.51,3314.56,98,1,1,new
C101591,88,4,3,1,0.7585,4402.39,3523.27,13227.22,10,0,0,new
C101592,1322,89,86,3,0.971,22504.45,21276.48,2223109.63,105,0,0,high_value
C101593,652,35,33,2,0.9518,2446.8,2237.06,79679.46,72,3,3,regular
C101594,750,45,39,6,0.8753,3205.24,3022.72,129813.97,61,2,2,regular
C101595,1094,36,36,0,0.995,6306.74,5785.05,260799.24,30,1,1,regular
C101596,79,2,2,0,0.7966,4032.49,3848.35,7743.82,60,1,1,new
C101597,47,3,2,1,0.7053,968.42,791.37,1804.9,96,0,0,new
C101598,711,28,26,2,0.9431,4169.36,3467.86,101337.78,70,0,0,regular
C101599,511,11,10,1,0.9308,3869.83,3238.61,40056.78,12,0,0,regular
C101600,535,99,93,6,0.9366,13181.05,11598.86,1101796.62,90,1,1,high_value
C101601,86,4,3,1,0.7541,1790.68,1723.17,4831.39,94,0,0,new
C101602,971,15,14,1,0.957,2666.41,2611.85,34643.53,80,1,1,regular
C101603,749,10,9,1,0.9199,2575.74,2257.15,23466.32,24,0,0,regular
C101604,840,12,12,0,0.969,11157.97,10315.45,147720.75,35,0,0,regular
C101605,926,33,30,3,0.8971,2923.61,2487.54,88478.6,54,2,2,regular
C101606,946,66,61,5,0.9284,20030.55,17911.05,1325468.58,104,1,1,high_value
C101607,703,9,9,0,0.9539,10121.09,10179.98,103593.44,97,0,0,regular
C101608,761,34,32,2,0.9315,6229.78,5261.85,213706.62,11,1,1,regular
C101609,639,11,9,2,0.8608,2856.2,2767.96,26806.94,8,0,0,regular
C101610,446,8,8,0,0.9907,2446.51,1933.05,16684.36,5,0,0,regular
C101611,888,5,5,0,0.954,13818.53,11923.43,68023.33,111,0,0,regular
C101612,1061,36,33,3,0.9055,2409.4,2260.28,73977.54,103,0,0,regular
C101613,864,21,19,2,0.8819,3228.82,3119.81,61576.16,26,0,0,regular
C101614,940,17,16,1,0.9318,5627.02,5188.81,102215.93,109,1,1,regular
C101615,1006,33,31,2,0.9496,3946.19,3901.26,115742.36,60,1,1,regular
C101616,46,4,3,1,0.7258,2039.62,1992.68,5496.16,37,1,0,new
C101617,131,28,26,2,0.9325,1865.29,1731.36,53238.96,88,0,0,regular
C101618,775,28,23,5,0.8294,29518.55,25490.73,778847.61,8,0,0,high_value
C101619,13,2,2,0,0.9176,1708.6,1481.85,3704.32,14,0,0,new
C101620,989,33,30,3,0.9218,6771.49,6281.39,181107.09,30,1,0,regular
C101621,645,35,33,2,0.9517,3191.87,2992.6,106933.48,73,0,0,regular
C101622,947,14,13,1,0.9449,2437.69,2132.25,30788.63,100,1,1,regular
C101623,85,1,1,0,0.7592,2508.52,2195.97,2608.93,61,0,0,new
C101624,794,29,26,3,0.8903,2047.46,1683.89,55926.72,52,0,0,regular
C101625,834,7,6,1,0.8476,9724.42,7585.71,63721.78,70,1,1,regular
C101626,638,25,20,5,0.802,4945.72,4405.44,91201.65,1,1,1,regular
C101627,58,1,1,0,0.8663,2055.13,2012.8,2341.62,79,2,2,new
C101628,43,2,2,0,0.7709,1327.04,1279.22,2426.9,96,3,3,new
C101629,656,34,33,1,0.9801,3077.89,3134.97,90116.14,50,1,1,regular
C101630,748,49,42,7,0.8665,1762.83,1658.22,81343.5,77,1,1,regular
C101631,964,30,29,1,0.9582,6055.37,5063.13,173669.52,35,1,1,regular
C101632,343,25,20,5,0.8198,2779.77,2620.11,55432.52,112,1,1,regular
C101633,402,16,14,2,0.8578,5719.49,5598.44,75718.61,22,2,2,regular
C101634,523,27,24,3,0.8906,18261.38,17053.2,378634.73,16,0,0,high_value
C101635,290,41,39,2,0.9498,8033.95,7195.31,284523.24,112,0,0,regular
C101636,441,19,19,0,0.995,5234.05,4859.52,107252.63,60,0,0,regular
C101637,1077,44,42,2,0.9488,12715.52,9996.85,489897.62,48,2,2,high_value
C101638,418,5,4,1,0.8581,10337.14,8720.69,47459.89,97,3,2,regular
C101639,527,33,28,5,0.855,5254.09,4297.09,159746.9,33,0,0,regular
C101640,635,34,30,4,0.8687,5447.7,4789.72,180522.1,35,1,1,regular
C101641,8,3,2,1,0.6518,2021.76,2010.29,4496.32,6,2,1,new
C101642,405,6,6,0,0.9554,2488.06,2052.92,15908.71,62,0,0,regular
C101643,1023,34,33,1,0.9768,9711.61,7740.51,317231.79,90,1,1,regular
C101644,73,3,2,1,0.7326,1885.75,1822.51,4243.34,118,3,3,new
C101645,881,23,21,2,0.9099,6794.92,6715.39,139548.02,63,0,0,regular
C101646,190,16,15,1,0.952,3157.09,2865.17,41614.23,8,0,0,regular
C101647,258,37,33,4,0.8797,11922.53,10377.09,404827.11,22,1,1,regular
C101648,887,58,58,0,0.995,21976.52,19412.49,1123809.66,33,1,1,high_value
C101649,477,7,6,1,0.8695,2781.45,2609.44,17466.68,107,1,1,regular
C101650,625,9,8,1,0.8832,3189.53,3124.14,29324.72,69,0,0,regular
C101651,240,29,26,3,0.9129,11551.24,9535.15,316118.29,112,1,0,regular
C101652,599,32,28,4,0.8607,2310.47,2302.48,59075.44,101,0,0,regular
C101653,41,1,1,0,0.9729,803.0,753.03,715.76,105,0,0,new
C101654,1665,21,21,0,0.995,23950.71,22925.38,481295.16,33,1,0,high_value
C101655,342,35,31,4,0.8992,7914.53,6338.42,219276.87,67,0,0,regular
C101656,452,25,22,3,0.8604,2898.65,2899.81,65103.53,7,0,0,regular
C101657,658,10,9,1,0.9163,2351.87,2132.59,22964.48,44,1,1,regular
C101658,650,32,28,4,0.8797,1649.48,1429.94,48376.5,37,2,2,regular
C101659,25,4,3,1,0.7686,695.63,609.19,2160.25,19,0,0,new
C101660,12,4,4,0,0.8895,1398.4,1189.1,5485.56,7,0,0,new
C101661,824,37,31,6,0.8348,11193.76,9168.96,312936.98,45,0,0,regular
C101662,1067,15,15,0,0.995,1444.39,1138.64,22561.39,8,0,0,regular
C101663,400,7,6,1,0.9056,2031.65,1713.61,11894.96,73,1,1,regular
C101664,1712,96,93,3,0.9733,30491.04,27417.14,2670172.98,33,0,0,high_value
C101665,439,15,13,2,0.8648,23967.04,22529.56,326460.2,27,0,0,regular
C101666,441,28,27,1,0.9785,7656.99,7320.11,199205.33,13,0,0,regular
C101667,804,42,38,4,0.9025,5628.02,5194.35,192584.94,55,0,0,regular
C101668,44,4,3,1,0.8072,3113.8,2515.5,9295.19,20,0,0,new
C101669,686,41,36,5,0.8755,1261.23,1114.39,42532.63,68,1,1,regular
C101670,323,20,18,2,0.8939,4606.13,4330.58,88717.86,118,0,0,regular
C101671,169,43,40,3,0.9351,4239.54,4063.02,146539.01,87,1,1,regular
C101672,1096,5,5,0,0.9204,3832.02,3287.42,21188.27,13,1,1,regular
C101673,51,3,2,1,0.7217,1540.21,1544.57,3044.71,10,0,0,new
C101674,1070,13,11,2,0.8673,2872.16,2788.56,27005.83,105,0,0,regular
C101675,1658,28,25,3,0.9045,27793.33,27360.18,618407.66,104,2,1,high_value
C101676,1068,45,40,5,0.8823,10358.24,9736.44,469697.23,43,0,0,regular
C101677,599,39,37,2,0.9376,2643.65,2324.57,98900.98,54,0,0,regular
C101678,146,49,47,2,0.9497,3812.89,3828.91,193643.52,45,0,0,regular
C101679,286,11,11,0,0.9578,4395.72,4379.66,53905.4,69,0,0,regular
C101680,370,38,35,3,0.9099,6874.68,6729.17,227642.81,25,1,1,regular
C101681,489,37,35,2,0.933,2699.26,2682.72,95803.98,112,0,0,regular
C101682,1130,25,22,3,0.8999,8092.34,8092.23,186060.25,48,1,1,regular
C101683,439,9,7,2,0.8055,3178.08,3048.18,24526.3,20,1,1,regular
C101684,38,3,2,1,0.7202,1970.61,1631.82,3846.73,36,1,1,new
C101685,368,46,41,5,0.8875,12060.51,10966.04,561495.89,106,0,0,regular
C101686,793,18,15,3,0.8477,2515.67,2334.14,38947.77,34,0,0,regular
C101687,706,33,29,4,0.876,6935.27,6696.77,223681.16,96,1,1,regular
C101688,231,47,43,4,0.9181,8222.25,7390.45,309364.78,91,0,0,regular
C101689,586,27,23,4,0.842,5419.57,4894.35,123279.25,119,0,0,regular
C101690,180,14,12,2,0.8674,4193.6,4273.01,45479.6,18,0,0,regular
C101691,1764,60,59,1,0.9781,18542.8,16475.82,1229208.65,47,2,2,high_value
C101692,862,15,12,3,0.8138,4462.77,3620.21,49295.58,100,0,0,regular
C101693,1133,13,12,1,0.899,5086.16,4833.5,64933.67,15,1,1,regular
C101694,1058,41,34,7,0.84,3677.24,3188.2,108630.21,4,0,0,regular
C101695,310,20,17,3,0.8649,4926.98,4136.94,76241.63,1,0,0,regular
C101696,81,1,1,0,0.7084,1734.92,1614.92,1641.16,9,2,0,new
C101697,174,37,31,6,0.8507,3814.82,3849.34,128259.76,95,4,4,regular
C101698,200,20,19,1,0.9301,20892.13,17864.32,367318.06,41,0,0,high_value
C101699,955,29,29,0,0.9911,6124.02,5323.89,194480.0,16,2,2,regular
C101700,916,76,65,11,0.8604,15494.52,13816.74,1094345.83,84,1,0,high_value
C101701,1189,92,84,8,0.9147,3586.33,3389.51,345735.24,36,0,0,high_value
C101702,1025,38,31,7,0.8272,4496.42,3934.5,146796.6,16,0,0,regular
C101703,1044,13,12,1,0.8954,7924.37,6989.47,99013.23,118,0,0,regular
C101704,174,15,14,1,0.938,2547.39,2415.48,36749.86,70,0,0,regular
C101705,1778,84,81,3,0.9639,16301.22,16569.09,1165761.29,53,1,1,high_value
C101706,8,4,3,1,0.7963,2492.2,2133.23,7506.27,110,1,1,new
C101707,346,22,21,1,0.9741,1849.12,1702.07,42926.03,27,1,0,regular
C101708,546,42,40,2,0.9638,8766.43,8509.2,300252.66,70,1,1,regular
C101709,109,13,13,0,0.995,1696.93,1410.0,19589.34,90,1,1,regular
C101710,770,30,27,3,0.9158,8692.54,8487.37,241778.3,0,0,0,regular
C101711,995,47,42,5,0.8927,5804.98,5022.37,269190.94,32,0,0,regular
C101712,1699,29,29,0,0.9948,27327.65,22043.73,746694.95,11,0,0,high_value
C101713,722,27,23,4,0.8551,5535.31,4350.62,141500.17,63,1,1,regular
C101714,813,11,10,1,0.9141,5445.11,4290.42,51797.01,81,1,1,regular
C101715,645,28,23,5,0.8064,3538.92,3437.82,80551.63,18,0,0,regular
C101716,568,31,27,4,0.8782,5381.5,5069.29,165048.2,17,1,1,regular
C101717,692,49,44,5,0.9031,6978.17,6771.88,299448.94,55,1,1,regular
C101718,1126,14,14,0,0.967,2553.0,2452.68,36808.65,47,1,1,regular
C101719,347,21,21,0,0.9767,5538.89,4826.78,131512.3,13,0,0,regular
C101720,79,4,3,1,0.8703,1201.33,1206.04,3349.24,81,1,1,new
C101721,745,47,47,0,0.995,1413.85,1400.71,58316.13,92,1,1,regular
C101722,709,15,14,1,0.9189,6314.15,5452.93,100544.82,51,0,0,regular
C101723,94,36,33,3,0.9244,3502.16,3381.36,117645.65,43,0,0,regular
C101724,387,44,36,8,0.8129,2696.66,2633.88,110646.92,19,3,3,regular
C101725,56,3,3,0,0.9013,2006.74,1800.51,6682.58,38,2,2,new
C101726,851,24,23,1,0.973,3548.43,2870.33,83930.84,60,0,0,regular
C101727,897,15,14,1,0.9202,2486.59,2138.9,34512.97,119,1,1,regular
C101728,17,4,3,1,0.8083,2475.9,2518.77,7383.68,22,1,1,new
C101729,827,7,6,1,0.9236,1381.52,1314.96,7458.58,99,0,0,regular
C101730,1073,91,87,4,0.9534,25979.77,25094.66,2228751.75,60,1,1,high_value
C101731,34,4,3,1,0.8276,2733.65,2730.54,8992.49,66,3,1,new
C101732,482,11,11,0,0.9945,8051.09,6671.64,101548.36,36,0,0,regular
C101733,1001,5,5,0,0.9752,3471.15,3514.26,19752.65,113,0,0,regular
C101734,594,36,32,4,0.9025,5568.13,5035.56,202885.5,7,1,1,regular
C101735,875,8,8,0,0.995,4173.83,4001.55,28572.5,25,0,0,regular
C101736,201,11,9,2,0.8345,4621.62,3957.82,41791.4,38,0,0,regular
C101737,206,31,26,5,0.8517,4758.34,4087.69,112587.26,68,1,1,regular
C101738,305,46,46,0,0.995,3444.07,2983.61,163906.37,50,0,0,regular
C101739,282,37,35,2,0.9447,2151.8,1858.15,85386.18,111,0,0,regular
C101740,751,6,5,1,0.8927,7126.05,5665.21,39656.28,22,1,1,regular
C101741,786,12,11,1,0.9067,11707.22,10001.45,142941.86,68,0,0,regular
C101742,51,3,3,0,0.9509,1329.63,1243.7,3828.2,58,0,0,new
C101743,1700,63,58,5,0.916,33056.84,32940.26,1917970.34,36,1,1,high_value
C101744,717,22,20,2,0.9218,2898.45,2289.77,54176.8,2,0,0,regular
C101745,196,47,43,4,0.9112,3226.85,2529.82,140996.52,97,0,0,regular
C101746,599,44,37,7,0.8404,4049.43,3734.28,140991.29,24,0,0,regular
C101747,236,38,35,3,0.9259,4360.56,4133.47,166755.19,16,2,2,regular
C101748,147,38,33,5,0.8782,2472.72,2289.69,80728.87,68,0,0,regular
C101749,248,40,34,6,0.8508,1851.94,1877.0,66751.59,18,0,0,regular
C101750,186,11,11,0,0.986,4636.88,3871.47,56708.18,76,1,1,regular
C101751,604,36,36,0,0.995,541.09,484.55,18309.05,87,1,1,regular
C101752,682,47,47,0,0.995,4236.27,4235.49,206397.42,27,1,0,regular
C101753,752,15,14,1,0.949,2552.9,2369.6,39448.43,8,0,0,regular
C101754,561,5,4,1,0.8941,7186.25,6600.64,32631.91,11,0,0,regular
C101755,261,21,19,2,0.9058,8437.27,8470.02,144104.11,6,0,0,regular
C101756,51,4,4,0,0.9283,2055.68,1770.63,8670.23,58,0,0,new
C101757,496,52,52,0,0.995,20602.46,16847.09,1050507.22,45,0,0,high_value
C101758,468,51,50,1,0.9767,12285.03,9963.35,574728.5,93,1,1,high_value
C101759,609,53,48,5,0.9105,36780.74,35943.96,1584194.68,47,0,0,high_value
C101760,293,49,44,5,0.8923,5347.58,5270.93,241320.3,78,0,0,regular
C101761,31,2,2,0,0.858,381.08,318.63,724.22,56,0,0,new
C101762,304,38,33,5,0.8593,10383.39,9238.07,359915.62,51,1,1,regular
C101763,79,3,3,0,0.9533,889.37,818.54,2492.81,88,2,2,new
C101764,47,4,4,0,0.878,1480.24,1203.98,5033.87,61,0,0,new
C101765,84,1,1,0,0.7308,5653.17,5561.1,6106.37,68,0,0,new
C101766,1044,87,77,10,0.8886,25944.49,22844.92,1794752.78,54,0,0,high_value
C101767,53,2,2,0,0.8297,1294.11,1277.59,2396.04,85,0,0,new
C101768,50,1,1,0,0.7106,3772.27,3630.5,3472.78,36,1,1,new
C101769,621,34,28,6,0.8177,4087.59,3477.67,109035.64,5,0,0,regular
C101770,493,19,16,3,0.822,6339.88,6035.43,100992.07,50,1,1,regular
C101771,107,6,5,1,0.8516,4674.52,4477.11,25563.42,37,0,0,regular
C101772,502,49,48,1,0.984,5960.55,5094.5,298999.97,107,0,0,regular
C101773,357,30,27,3,0.8913,3675.22,3090.48,88692.5,115,0,0,regular
C101774,605,35,32,3,0.9119,3982.66,3893.54,115350.95,26,0,0,regular
C101775,240,41,35,6,0.8527,4259.02,4014.99,164586.05,51,0,0,regular
C101776,905,33,31,2,0.948,5739.98,5496.02,164586.32,51,0,0,regular
C101777,1020,32,32,0,0.995,5831.93,4987.08,170871.88,26,1,1,regular
C101778,1155,40,34,6,0.8567,24311.26,23176.57,703480.65,1,1,1,regular
C101779,156,18,18,0,0.995,12342.38,11742.95,240429.63,119,0,0,regular
C101780,80,3,3,0,0.8932,2139.09,1839.58,6876.32,78,0,0,new
C101781,1161,37,34,3,0.911,4129.74,3489.26,133992.11,49,0,0,regular
C101782,1026,13,12,1,0.934,3527.33,3116.51,36071.61,22,0,0,regular
C101783,65,3,2,1,0.7887,2599.8,2489.0,5645.06,57,0,0,new
C101784,426,44,44,0,0.995,3723.37,3077.22,144137.61,32,1,1,regular
C101785,650,45,42,3,0.9412,5945.6,5885.09,246753.49,26,0,0,regular
C101786,670,49,46,3,0.9425,1107.21,931.46,56128.78,114,0,0,regular
C101787,1025,9,8,1,0.8847,1814.69,1781.14,13403.83,78,0,0,regular
C101788,663,45,43,2,0.9603,15791.21,12907.64,654509.65,37,0,0,regular
C101789,69,4,3,1,0.8218,1374.46,1315.99,4322.35,24,0,0,new
C101790,857,39,36,3,0.9165,2471.94,2261.17,93612.58,92,0,0,regular
C101791,945,27,27,0,0.995,5205.94,4887.08,138987.73,73,0,0,regular
C101792,399,27,21,6,0.7597,2392.27,2425.26,49239.2,102,2,1,regular
C101793,192,24,22,2,0.924,3796.4,3009.08,81504.01,90,0,0,regular
C101794,491,77,71,6,0.9186,17149.8,13990.64,1212533.62,48,1,1,high_value
C101795,1018,27,24,3,0.8963,2803.43,2239.89,64186.96,78,0,0,regular
C101796,570,15,13,2,0.8977,3505.3,3171.29,42238.89,45,1,1,regular
C101797,663,14,13,1,0.9155,8815.37,8574.48,108275.69,10,0,0,regular
C101798,1155,7,6,1,0.8949,5944.73,4715.11,35430.47,3,0,0,regular
C101799,129,25,23,2,0.9233,6600.81,6383.36,146450.59,9,0,0,regular
C101800,294,7,6,1,0.8807,4430.94,3916.66,27267.89,110,0,0,regular
C101801,1009,43,43,0,0.995,7372.72,7416.54,329499.6,101,0,0,regular
C101802,51,1,1,0,0.865,2536.34,2211.3,2913.86,46,1,1,new
C101803,91,41,39,2,0.9442,2899.26,2946.52,116977.64,108,0,0,regular
C101804,861,18,16,2,0.8699,5746.74,5250.02,98419.98,88,0,0,regular
C101805,217,12,12,0,0.966,3806.04,3873.02,40164.8,16,1,1,regular
C101806,48,4,3,1,0.8404,1405.25,1309.2,4545.15,27,0,0,new
C101807,969,35,33,2,0.9352,4077.96,3519.77,134932.04,45,1,1,regular
C101808,999,5,4,1,0.8484,9546.24,9286.76,42384.07,96,0,0,regular
C101809,80,4,3,1,0.8208,1498.81,1344.24,5131.66,78,0,0,new
C101810,365,24,24,0,0.995,3090.64,2639.76,68175.27,47,2,2,regular
C101811,1064,41,35,6,0.8642,1565.42,1400.74,61835.9,100,1,1,regular
C101812,696,8,8,0,0.9485,2936.39,2904.85,24700.69,39,0,0,regular
C101813,784,24,20,4,0.8533,2627.15,2510.91,56312.22,109,0,0,regular
C101814,215,25,24,1,0.9705,7412.19,6090.63,176417.61,86,0,0,regular
C101815,770,7,6,1,0.8688,7817.59,7671.11,44862.22,83,0,0,regular
C101816,721,36,31,5,0.8522,2424.03,2141.73,81908.86,10,1,1,regular
C101817,393,46,40,6,0.8673,2861.58,2288.95,98048.27,17,0,0,regular
C101818,934,29,25,4,0.8768,1852.75,1510.59,46882.84,118,0,0,regular
C101819,212,22,21,1,0.9343,4877.85,3882.18,89338.44,92,0,0,regular
C101820,648,96,96,0,0.995,16839.91,15869.61,1497631.84,30,1,1,high_value
C101821,1155,21,18,3,0.8443,7225.02,6082.14,138836.6,103,0,0,regular
C101822,706,21,19,2,0.9083,6063.92,4870.08,124019.32,36,1,1,regular
C101823,179,39,33,6,0.8414,6489.59,5631.41,239151.27,42,0,0,regular
C101824,690,31,29,2,0.9486,1784.03,1762.75,55080.76,36,0,0,regular
C101825,49,3,3,0,0.9195,1114.76,1037.72,3519.6,59,1,1,new
C101826,689,23,21,2,0.9086,7951.94,7130.46,189289.85,91,1,1,regular
C101827,370,42,39,3,0.9263,3257.41,3113.97,128464.65,19,3,2,regular
C101828,889,43,43,0,0.995,7134.68,5695.01,320954.23,116,2,2,high_value
C101829,361,8,7,1,0.9005,7307.28,7247.84,56798.99,36,3,3,regular
C101830,695,43,37,6,0.8533,3182.66,2618.24,127074.25,116,0,0,regular
C101831,841,86,78,8,0.9114,47042.93,36934.89,3966483.84,104,2,2,high_value
C101832,796,17,14,3,0.842,4450.55,3858.48,62994.81,65,0,0,regular
C101833,59,3,2,1,0.7074,2462.73,1955.47,4966.6,10,1,1,new
C101834,1066,47,41,6,0.8741,10195.96,8361.7,436683.87,68,2,2,regular
C101835,73,1,1,0,0.758,932.23,892.48,988.32,91,1,1,new
C101836,67,2,1,1,0.6795,3433.51,3011.65,3480.99,117,0,0,new
C101837,1050,46,44,2,0.964,3066.28,2396.77,122185.47,11,0,0,regular
C101838,336,41,40,1,0.9763,4960.46,4635.56,183442.62,89,1,1,regular
C101839,393,44,42,2,0.9656,4988.67,4737.77,209088.9,35,0,0,regular
C101840,30,1,1,0,0.8861,7094.63,7069.6,6464.77,89,1,1,new
C101841,590,17,15,2,0.8945,2848.55,2327.56,41747.46,69,1,1,regular
C101842,48,2,2,0,0.7903,1691.9,1667.74,3025.6,103,0,0,new
C101843,676,87,86,1,0.9901,14853.12,14111.8,1141800.66,0,0,0,high_value
C101844,29,1,1,0,0.7219,1869.82,1711.39,2062.35,60,0,0,new
C101845,911,46,37,9,0.7946,3371.64,2841.7,126331.84,81,0,0,regular
C101846,997,29,26,3,0.9003,9020.01,8026.75,254250.64,45,2,1,regular
C101847,404,29,27,2,0.9259,8334.31,6897.35,192051.5,37,0,0,regular
C101848,414,8,7,1,0.8829,5594.79,5327.62,36644.87,39,0,0,regular
C101849,700,23,23,0,0.995,4148.18,3936.05,81603.01,89,2,2,regular
C101850,603,30,28,2,0.9377,5054.84,4175.13,120448.84,24,0,0,regular
C101851,410,64,58,6,0.9038,12936.16,10874.5,644959.15,117,0,0,high_value
C101852,630,12,12,0,0.9932,4779.61,4761.76,57725.65,25,0,0,regular
C101853,994,31,31,0,0.995,1757.74,1570.02,47801.07,49,0,0,regular
C101854,891,16,15,1,0.9408,1511.48,1378.88,24701.67,119,0,0,regular
C101855,394,38,37,1,0.9657,14762.84,14911.5,548877.64,3,1,1,high_value
C101856,793,25,22,3,0.877,926.12,768.39,18818.15,40,2,2,regular
C101857,1060,23,19,4,0.8232,5060.62,4708.96,105920.47,101,0,0,regular
C101858,344,10,9,1,0.9075,3908.25,3774.45,35275.98,37,0,0,regular
C101859,112,23,19,4,0.847,4955.8,4245.46,89945.52,32,1,1,regular
C101860,190,29,26,3,0.8903,2270.72,1939.46,60242.26,0,2,2,regular
C101861,1709,20,19,1,0.9292,3938.02,3919.26,78696.87,17,0,0,high_value
C101862,1701,36,34,2,0.9436,16016.77,12875.2,554177.11,23,0,0,high_value
C101863,342,6,5,1,0.8342,23586.73,19288.41,133245.66,105,0,0,regular
C101864,1033,47,41,6,0.8796,4864.99,4274.53,190726.61,65,0,0,regular
C101865,412,48,44,4,0.9068,10104.88,9818.04,432603.37,27,1,1,regular
C101866,730,55,52,3,0.9505,21433.95,19059.03,1234555.54,97,0,0,high_value
C101867,344,18,16,2,0.8938,8299.0,7012.12,138260.78,72,1,1,regular
C101868,168,32,28,4,0.8676,5154.35,4540.32,164509.6,37,0,0,regular
C101869,364,11,9,2,0.823,5290.54,4692.24,51788.29,30,0,0,regular
C101870,320,45,40,5,0.8779,5334.62,5091.82,214212.6,26,1,1,regular
C101871,690,5,4,1,0.8972,12526.92,12382.87,52132.83,85,0,0,regular
C101872,219,42,40,2,0.9636,22610.97,19379.87,878956.69,85,1,1,high_value
C101873,642,53,46,7,0.8624,14632.35,13901.46,597899.88,77,0,0,high_value
C101874,634,51,48,3,0.9445,33902.94,32151.29,1581992.32,53,0,0,high_value
C101875,508,43,41,2,0.9509,7347.45,7083.44,281497.69,61,1,1,regular
C101876,784,27,24,3,0.872,5885.85,5403.58,148807.02,107,1,1,regular
C101877,807,9,7,2,0.8155,1796.42,1407.54,13213.2,66,2,0,regular
C101878,1160,5,5,0,0.9863,6127.96,5744.4,34660.08,73,1,1,regular
C101879,1013,11,10,1,0.9331,2350.6,2178.89,20540.45,27,3,3,regular
C101880,320,7,6,1,0.8527,5853.46,5424.78,34779.03,54,2,1,regular
C101881,849,25,23,2,0.9267,2775.26,2352.07,61890.03,2,1,1,regular
C101882,775,7,7,0,0.9741,3800.71,3053.84,26823.98,55,2,2,regular
C101883,737,13,13,0,0.995,3245.25,2678.77,37373.26,96,0,0,regular
C101884,970,23,21,2,0.925,11194.53,9312.61,234480.46,80,1,0,regular
C101885,228,38,37,1,0.9736,5726.97,4705.66,221878.86,106,0,0,regular
C101886,81,1,1,0,0.8463,1676.25,1405.85,1582.61,40,0,0,new
C101887,37,2,2,0,0.8243,1051.87,837.8,2198.68,93,0,0,new
C101888,1077,45,40,5,0.8899,4628.17,3909.13,172112.5,87,0,0,regular
C101889,102,29,27,2,0.9306,11081.44,11297.44,287467.74,84,0,0,regular
C101890,597,20,20,0,0.995,2957.68,2669.99,66381.29,95,3,2,regular
C101891,361,22,20,2,0.925,9554.42,8242.23,163861.71,56,1,1,regular
C101892,251,43,37,6,0.8537,2772.01,2641.49,95574.25,41,2,2,regular
C101893,64,1,1,0,0.7805,1040.66,928.97,1176.69,70,2,2,new
C101894,673,16,16,0,0.995,6210.27,4887.97,88842.88,46,2,2,regular
C101895,70,4,3,1,0.6851,2849.86,2597.28,8286.43,82,0,0,new
C101896,665,8,7,1,0.9369,2097.08,1788.76,14477.41,103,2,2,regular
C101897,479,11,10,1,0.8894,2674.77,2452.99,27972.61,3,0,0,regular
C101898,85,4,3,1,0.7897,2642.35,2170.88,8192.86,74,0,0,new
C101899,76,3,3,0,0.9274,606.42,543.24,1888.45,50,0,0,new
C101900,1095,20,19,1,0.9332,1945.79,1608.14,41854.62,12,0,0,regular
C101901,65,2,2,0,0.7965,1418.39,1208.07,2745.54,26,0,0,new
C101902,332,32,28,4,0.8884,4189.97,3959.19,116960.72,99,1,1,regular
C101903,53,2,2,0,0.995,1109.79,926.27,2528.52,43,1,1,new
C101904,637,14,10,4,0.7146,6181.88,5440.75,54922.64,10,3,3,regular
C101905,582,49,44,5,0.8892,5950.46,4745.81,297025.42,89,0,0,regular
C101906,1008,5,4,1,0.8561,2838.21,2681.88,12879.62,28,0,0,regular
C101907,9,4,3,1,0.8247,2798.19,2544.53,9536.6,43,0,0,new
C101908,661,27,25,2,0.9101,7851.86,7658.0,170799.33,23,0,0,regular
C101909,550,18,18,0,0.995,3248.41,2950.92,59832.05,88,0,0,regular
C101910,60,4,4,0,0.9137,1293.79,1317.87,5700.21,110,0,0,new
C101911,72,2,2,0,0.8407,5806.11,4864.77,10963.22,116,0,0,new
C101912,1497,45,41,4,0.9126,33369.97,31971.96,1405339.93,8,1,1,high_value
C101913,682,38,37,1,0.9623,5535.82,4892.33,189859.48,110,0,0,regular
C101914,23,1,1,0,0.8262,1477.09,1285.41,1312.96,76,0,0,new
C101915,145,46,43,3,0.9269,2367.72,2262.51,112571.1,99,0,0,regular
C101916,540,36,34,2,0.9527,1917.54,1935.43,74608.33,9,0,0,regular
C101917,821,40,31,9,0.7644,7221.69,6942.49,194975.77,102,1,1,regular
C101918,417,24,24,0,0.995,1428.56,1227.46,30390.48,39,0,0,regular
C101919,741,64,59,5,0.9247,23535.68,21237.98,1425517.06,47,1,1,high_value
C101920,1040,31,29,2,0.923,6922.62,5760.41,175840.9,107,1,1,regular
C101921,76,41,34,7,0.8252,5036.8,4678.47,177989.77,87,0,0,regular
C101922,150,27,27,0,0.9826,3455.97,3029.57,99455.24,61,0,0,regular
C101923,237,23,20,3,0.8684,5539.8,4624.36,107958.39,80,1,1,regular
C101924,1181,8,8,0,0.942,8383.47,6581.54,72223.42,42,0,0,regular
C101925,7,3,2,1,0.7468,2051.26,2055.52,3626.99,117,1,1,new
C101926,240,24,24,0,0.995,1174.35,938.21,26503.8,8,0,0,regular
C101927,413,40,33,7,0.8235,8959.52,7696.54,322951.63,68,3,3,regular
C101928,68,3,2,1,0.8196,3380.23,2791.09,5925.58,5,1,1,new
C101929,851,5,4,1,0.7827,4411.57,3964.2,16508.56,51,0,0,regular
C101930,315,34,31,3,0.9075,1371.43,1133.88,44059.69,61,0,0,regular
C101931,334,26,23,3,0.8845,3762.53,3599.58,79980.17,100,0,0,regular
C101932,145,15,15,0,0.9782,2661.24,2219.36,39689.54,112,2,2,regular
C101933,940,16,14,2,0.8845,2169.09,1788.44,33439.21,89,0,0,regular
C101934,216,33,32,1,0.9783,4146.26,3449.91,123512.22,115,0,0,regular
C101935,32,3,3,0,0.8724,1321.29,1124.96,3887.58,14,1,1,new
C101936,457,32,29,3,0.8931,3394.03,3170.16,84201.81,63,1,1,regular
C101937,767,43,38,5,0.8943,7013.61,5823.48,283177.58,71,2,1,regular
C101938,751,8,8,0,0.9397,5245.76,4969.02,40141.32,9,2,2,regular
C101939,88,1,1,0,0.8765,3896.29,3441.37,4317.16,71,0,0,new
C101940,398,7,7,0,0.9533,3097.67,2562.64,19007.21,5,1,1,regular
C101941,499,37,34,3,0.926,3425.21,2868.99,126317.4,75,1,1,regular
C101942,503,43,41,2,0.9497,3879.13,3516.66,174016.51,26,1,1,regular
C101943,44,1,1,0,0.995,2618.23,2280.14,2835.08,112,0,0,new
C101944,900,6,6,0,0.9333,2407.39,2174.58,15459.95,39,0,0,regular
C101945,613,53,48,5,0.8963,29220.85,28490.89,1292267.84,72,1,1,high_value
C101946,602,7,6,1,0.8092,6391.32,5055.53,37389.97,73,0,0,regular
C101947,1172,22,21,1,0.9386,18437.71,16123.16,373944.31,104,1,1,high_value
C101948,38,3,3,0,0.995,2369.75,2084.69,6556.95,40,1,1,new
C101949,293,42,40,2,0.9588,16786.53,14104.38,669787.16,43,1,1,high_value
C101950,1423,51,51,0,0.995,14142.05,12530.58,763985.33,81,0,0,high_value
C101951,43,1,1,0,0.6988,1409.51,1291.1,1400.52,6,0,0,new
C101952,833,7,7,0,0.9358,4338.04,3992.69,34688.59,66,0,0,regular
C101953,1482,83,72,11,0.8621,19838.85,18663.6,1517854.47,45,1,1,high_value
C101954,585,56,56,0,0.995,19911.31,15897.68,1095865.68,117,0,0,high_value
C101955,600,55,48,7,0.8785,11334.77,10092.5,528392.94,63,2,1,high_value
C101956,1012,20,20,0,0.995,3130.1,3010.62,64172.27,92,2,2,regular
C101957,85,1,1,0,0.7885,2325.68,2068.02,2278.07,99,2,2,new
C101958,75,38,32,6,0.855,4589.84,4303.24,134622.87,17,1,1,regular
C101959,819,47,44,3,0.9263,11255.07,10373.88,498349.81,75,1,1,regular
C101960,1093,36,35,1,0.9796,26989.1,24061.66,993563.46,81,0,0,regular
C101961,630,18,17,1,0.9696,3349.65,2676.18,54525.87,53,0,0,regular
C101962,213,13,11,2,0.8543,2193.96,2044.71,22564.82,23,1,1,regular
C101963,66,1,1,0,0.7608,6223.83,5653.0,5696.16,55,0,0,new
C101964,347,40,37,3,0.9337,8701.31,6798.89,308699.0,6,0,0,regular
C101965,77,1,1,0,0.9508,1155.31,958.5,1066.71,119,0,0,new
C101966,757,22,21,1,0.9473,17588.83,13978.47,398519.24,10,0,0,regular
C101967,443,12,12,0,0.967,4401.71,4035.74,55018.66,16,0,0,regular
C101968,771,5,5,0,0.9768,6030.99,4726.1,28227.44,16,0,0,regular
C101969,820,8,8,0,0.995,2935.9,2883.59,26952.76,24,0,0,regular
C101970,833,33,32,1,0.9842,999.89,1007.27,33394.66,22,2,2,regular
C101971,1388,87,81,6,0.9328,36235.58,36747.91,2620270.37,75,0,0,high_value
C101972,710,33,33,0,0.9927,2252.01,1879.04,81659.01,13,0,0,regular
C101973,108,6,6,0,0.995,6619.98,5950.26,42742.96,84,0,0,regular
C101974,32,3,3,0,0.855,2032.38,2019.95,6097.2,48,1,0,new
C101975,490,13,11,2,0.8326,2887.75,2728.81,29225.27,47,0,0,regular
C101976,669,20,20,0,0.995,5284.01,4500.38,115536.2,61,2,2,regular
C101977,392,83,76,7,0.9138,30680.11,30071.06,2069036.39,3,1,1,high_value
C101978,1147,17,17,0,0.9837,4373.72,4013.96,72524.93,60,1,1,regular
C101979,610,34,30,4,0.877,13797.46,13179.28,453328.0,62,0,0,regular
C101980,796,18,17,1,0.9678,11539.27,11685.33,213907.37,89,0,0,regular
C101981,183,27,21,6,0.7633,2984.65,3042.55,65119.95,17,0,0,regular
C101982,609,25,22,3,0.8854,11819.17,10650.93,221622.52,6,0,0,regular
C101983,844,22,20,2,0.9041,12953.92,10590.95,246108.03,6,1,1,regular
C101984,838,10,9,1,0.9378,4177.6,3879.71,41582.26,115,1,1,regular
C101985,1442,52,50,2,0.958,14624.42,13666.89,779781.35,41,1,1,high_value
C101986,591,49,41,8,0.8444,4365.11,4004.18,195645.85,28,0,0,regular
C101987,1095,33,31,2,0.9496,3055.91,2693.15,82313.18,16,0,0,regular
C101988,1073,91,85,6,0.9336,10853.92,9980.99,1044577.49,30,0,0,high_value
C101989,17,2,2,0,0.8022,4581.14,4160.45,8417.52,52,0,0,new
C101990,55,3,3,0,0.9297,1917.91,1930.81,5464.24,116,1,1,new
C101991,488,40,35,5,0.8824,3227.03,3165.8,124486.48,91,0,0,regular
C101992,931,15,13,2,0.8337,2581.78,2257.73,32618.89,102,0,0,regular
C101993,67,4,3,1,0.7654,2374.07,2177.04,7427.92,5,1,1,new
C101994,1127,49,47,2,0.9542,4078.64,3735.44,194707.58,68,0,0,regular
C101995,990,45,41,4,0.9087,7783.29,7024.98,354161.08,59,0,0,regular
C101996,132,23,19,4,0.8128,2685.93,2132.46,45768.07,23,1,1,regular
C101997,1041,42,36,6,0.8541,7729.92,7351.33,244699.57,59,0,0,regular
C101998,467,32,30,2,0.9479,5064.48,4839.14,157967.12,70,0,0,regular
C101999,993,10,9,1,0.9312,4902.68,4393.81,48686.25,0,0,0,regular
C102000,638,15,12,3,0.7932,8327.43,8297.27,112613.24,117,0,0,regular
C102001,579,48,46,2,0.948,7464.01,7584.49,333036.41,88,2,2,regular
C102002,582,88,83,5,0.9404,17347.86,16915.88,1541321.3,111,1,1,high_value
C102003,195,45,45,0,0.9912,2348.25,2354.56,102208.91,10,1,1,regular
C102004,39,2,2,0,0.7625,6469.83,5803.44,12236.55,7,1,0,new
C102005,708,19,17,2,0.8822,5571.48,5568.24,81195.9,111,0,0,regular
C102006,692,41,40,1,0.9694,10204.44,10249.4,377577.77,111,0,0,regular
C102007,61,3,3,0,0.8729,1484.03,1379.64,4011.57,76,0,0,new
C102008,88,3,2,1,0.8065,2927.46,2389.31,5448.49,24,0,0,new
C102009,129,32,29,3,0.9148,2944.89,2404.66,79988.93,34,1,1,regular
C102010,9,3,3,0,0.9475,1512.05,1350.8,5024.58,95,1,1,new
C102011,628,24,21,3,0.8929,3745.92,3583.12,71664.25,111,0,0,regular
C102012,69,2,1,1,0.6554,1819.38,1638.05,1993.66,80,0,0,new
C102013,807,38,38,0,0.995,9022.49,8769.53,379815.18,48,0,0,regular
C102014,1179,7,6,1,0.8798,854.0,823.9,5068.33,98,1,1,regular
C102015,1033,28,27,1,0.9489,3326.55,2757.26,95866.46,31,0,0,regular
C102016,492,43,37,6,0.8572,8962.07,7275.98,313552.03,15,0,0,regular
C102017,64,3,2,1,0.6474,3271.83,3106.27,5596.99,46,1,1,new
C102018,169,38,35,3,0.9224,8566.07,7340.19,318669.36,56,1,1,regular
C102019,1037,16,15,1,0.9322,16822.01,16881.48,260385.43,73,0,0,regular
C102020,500,27,24,3,0.9034,4722.36,4667.78,112022.91,82,0,0,regular
C102021,87,4,3,1,0.7615,4020.29,3571.22,13503.45,86,1,1,new
C102022,57,2,1,1,0.6497,6276.39,5770.02,6704.3,24,0,0,new
C102023,861,6,6,0,0.926,5727.8,5632.18,33599.55,79,0,0,regular
C102024,1109,5,4,1,0.8567,4372.08,4324.55,15145.13,5,0,0,regular
C102025,71,38,31,7,0.8288,7733.46,7065.86,266785.85,110,1,1,regular
C102026,254,46,41,5,0.8949,9157.81,9279.24,430061.06,53,1,1,regular
C102027,773,18,17,1,0.9492,4396.41,3978.89,77755.15,114,0,0,regular
C102028,676,47,44,3,0.935,3366.16,2658.81,160027.85,104,1,0,regular
C102029,197,25,21,4,0.8571,12610.31,11539.02,265295.11,23,1,1,regular
C102030,81,1,1,0,0.8635,434.46,419.9,400.13,13,0,0,new
C102031,126,28,27,1,0.9632,9210.23,9361.13,279417.58,109,0,0,regular
C102032,1189,48,40,8,0.8396,5268.77,4242.88,222659.5,58,2,2,regular
C102033,238,16,15,1,0.9138,13467.19,11928.28,204950.91,12,1,0,regular
C102034,78,2,2,0,0.7904,3822.96,3520.17,8063.58,73,1,1,new
C102035,998,34,28,6,0.8335,2700.64,2677.82,75887.03,114,2,2,regular
C102036,1374,99,91,8,0.9156,13220.39,12583.34,1043668.85,72,2,2,high_value
C102037,52,4,3,1,0.841,2482.05,2073.75,7804.55,31,1,1,new
C102038,862,23,21,2,0.8967,4826.18,4759.83,86305.86,40,2,2,regular
C102039,1141,8,7,1,0.8894,11394.41,10704.12,73069.23,31,0,0,regular
C102040,588,44,43,1,0.972,1542.15,1534.19,59468.63,64,0,0,regular
C102041,1176,21,19,2,0.8988,5727.97,5614.84,103611.49,50,2,2,regular
C102042,649,30,23,7,0.7688,9310.33,7550.89,240368.33,41,1,1,regular
C102043,823,49,47,2,0.9622,20696.94,20914.53,850101.89,21,0,0,high_value
C102044,1229,78,74,4,0.9431,21493.02,19107.97,1522445.83,3,1,1,high_value
C102045,16,1,1,0,0.8394,2737.96,2781.26,2951.16,99,0,0,new
C102046,793,21,18,3,0.8572,2720.91,2244.43,54311.21,96,0,0,regular
C102047,1061,29,26,3,0.8938,4690.66,4551.79,130596.33,14,0,0,regular
C102048,74,4,4,0,0.9728,2816.02,2402.56,12836.14,27,1,1,new
C102049,1016,39,35,4,0.9064,3307.26,2615.23,122557.7,52,0,0,regular
C102050,1457,24,24,0,0.995,15426.41,15712.88,397424.04,71,0,0,high_value
C102051,43,4,3,1,0.7726,3886.05,3314.21,11385.58,108,0,0,new
C102052,959,23,21,2,0.8972,5478.16,4378.83,108209.81,83,0,0,regular
C102053,232,10,10,0,0.9755,10077.21,9941.37,99619.56,76,1,1,regular
C102054,888,15,12,3,0.8263,11604.26,10254.51,150443.45,89,1,1,regular
C102055,193,34,31,3,0.9027,3164.81,2906.4,102531.78,72,0,0,regular
C102056,1400,96,94,2,0.9805,29496.05,29978.68,2998791.41,111,1,1,high_value
C102057,1113,36,33,3,0.9048,3487.23,3122.37,119483.47,119,0,0,regular
C102058,88,2,2,0,0.7696,1463.04,1164.73,3130.7,54,0,0,new
C102059,47,3,3,0,0.8535,2801.4,2649.8,7536.05,2,2,2,new
C102060,1073,67,63,4,0.946,11762.9,11181.15,701858.65,119,1,0,high_value
C102061,480,13,12,1,0.9249,6017.42,4974.06,73534.68,38,2,2,regular
C102062,115,39,38,1,0.98,1769.24,1611.6,57480.23,32,0,0,regular
C102063,8,1,1,0,0.8895,2316.97,2012.55,2603.56,15,1,1,new
C102064,355,21,20,1,0.9458,1753.54,1388.77,32329.94,91,1,1,regular
C102065,1664,35,31,4,0.8784,53577.82,45797.49,1455873.78,22,1,1,high_value
C102066,374,37,35,2,0.9394,3553.91,3547.83,130516.14,115,1,1,regular
C102067,1128,94,90,4,0.9601,20036.62,17072.39,1637612.35,25,2,2,high_value
C102068,1103,10,9,1,0.915,8846.13,7373.56,81094.47,8,1,1,regular
C102069,1193,28,28,0,0.995,3710.38,3731.97,96067.04,75,0,0,regular
C102070,479,7,6,1,0.82,4809.48,4192.7,25964.91,24,1,1,regular
C102071,1059,33,27,6,0.8136,3994.46,4017.36,115453.66,32,0,0,regular
C102072,585,24,23,1,0.9693,6101.37,6048.02,135632.0,12,1,1,regular
C102073,1100,14,12,2,0.8609,8413.56,7512.56,103217.33,79,0,0,regular
C102074,257,31,31,0,0.995,7429.5,6481.43,210700.33,26,0,0,regular
C102075,384,21,21,0,0.9902,3401.02,2765.21,72544.54,88,0,0,regular
C102076,747,79,79,0,0.995,9501.74,7846.04,732899.13,31,2,2,high_value
C102077,19,3,2,1,0.7091,1742.03,1455.96,3014.99,48,0,0,new
C102078,998,35,30,5,0.8547,2882.3,2573.56,92349.51,59,1,1,regular
C102079,32,1,1,0,0.8472,3453.24,3001.92,3507.48,64,1,1,new
C102080,520,32,32,0,0.995,8433.04,8197.7,304453.62,99,2,2,regular
C102081,576,15,12,3,0.82,2229.97,1898.15,29231.78,15,0,0,regular
C102082,969,42,42,0,0.995,7682.68,6775.23,329556.84,27,0,0,regular
C102083,52,2,1,1,0.7299,2685.09,2173.45,2317.02,90,0,0,new
C102084,915,18,16,2,0.9054,3468.9,2931.54,59697.01,102,0,0,regular
C102085,948,6,6,0,0.9365,8695.11,8416.22,52938.28,50,0,0,regular
C102086,996,43,40,3,0.9379,2780.07,2640.24,122379.59,0,1,1,regular
C102087,1196,7,6,1,0.8979,17733.99,15544.42,108885.65,100,0,0,regular
C102088,951,29,29,0,0.995,4047.47,3717.98,99841.56,73,1,1,regular
C102089,662,13,13,0,0.9935,4923.32,4381.75,70049.72,63,0,0,regular
C102090,591,14,13,1,0.9193,11356.84,11298.39,160894.29,46,2,2,regular
C102091,502,32,28,4,0.874,5000.99,4374.49,123199.22,83,1,1,regular
C102092,1002,41,41,0,0.9884,9183.41,8754.61,397283.81,34,0,0,regular
C102093,507,5,4,1,0.7886,1394.01,1160.44,5619.69,43,0,0,regular
C102094,903,92,86,6,0.9305,31071.1,27472.54,2744194.82,92,0,0,high_value
C102095,169,17,16,1,0.9544,5709.42,5178.67,102021.05,44,0,0,regular
C102096,20,3,2,1,0.7998,3047.85,2453.87,5637.73,113,0,0,new
C102097,363,7,7,0,0.9684,7141.3,6577.0,42688.11,52,1,0,regular
C102098,27,2,2,0,0.7907,1433.9,1316.2,2617.06,67,1,1,new
C102099,632,23,20,3,0.8773,8505.49,6958.35,191294.95,76,1,1,regular
C102100,876,19,18,1,0.9678,5984.0,6101.74,98387.04,83,0,0,regular
C102101,79,2,2,0,0.8662,4394.55,3525.3,9249.24,60,1,1,new
C102102,231,29,28,1,0.9622,10690.97,10636.15,325362.1,43,1,1,regular
C102103,518,71,68,3,0.9614,39066.78,35080.55,2906158.0,96,1,1,high_value
C102104,122,12,11,1,0.9271,5431.7,4527.05,50973.49,85,1,0,regular
C102105,1027,35,32,3,0.9126,5016.24,4048.46,136894.46,6,1,1,regular
C102106,938,7,6,1,0.8776,4629.62,4388.23,31852.77,75,0,0,regular
C102107,929,76,74,2,0.9717,16870.28,16213.49,1258672.66,108,1,1,high_value
C102108,360,16,14,2,0.9052,1406.16,1324.07,17109.51,67,1,1,regular
C102109,31,3,2,1,0.7878,2357.75,2076.63,4046.1,111,1,1,new
C102110,475,13,12,1,0.9436,7387.73,6068.41,96917.97,46,1,1,regular
C102111,103,44,41,3,0.9372,1889.11,1831.47,86862.93,29,0,0,regular
C102112,85,1,1,0,0.6558,1074.3,1062.59,1082.19,59,1,0,new
C102113,212,36,32,4,0.8817,5782.9,5054.54,177930.92,12,1,1,regular
C102114,52,4,4,0,0.995,448.9,440.78,1904.62,7,1,1,new
C102115,1143,78,68,10,0.8775,11545.0,10766.22,672573.65,68,0,0,high_value
C102116,330,6,5,1,0.8996,4726.43,4284.39,26460.33,3,1,0,regular
C102117,59,1,1,0,0.8426,1008.54,934.45,934.74,7,0,0,new
C102118,42,1,1,0,0.7357,2672.05,2153.3,2424.27,54,0,0,new
C102119,1070,39,36,3,0.9326,4897.1,3967.12,166288.65,27,0,0,regular
C102120,903,40,33,7,0.8258,5716.69,5456.06,163959.88,21,1,1,regular
C102121,66,2,2,0,0.7848,3930.05,3980.3,7599.67,60,1,1,new
C102122,1062,24,21,3,0.8751,5119.12,4616.8,114427.31,39,1,1,regular
C102123,49,2,2,0,0.9307,1696.65,1345.38,3391.48,73,2,2,new
C102124,381,35,35,0,0.995,4847.32,3860.11,178205.9,51,0,0,regular
C102125,236,33,31,2,0.9519,6944.33,6195.5,196788.84,23,0,0,regular
C102126,1113,34,33,1,0.9686,4048.4,3796.75,129504.77,84,0,0,regular
C102127,517,7,7,0,0.9373,7784.44,6361.21,54809.54,111,0,0,regular
C102128,31,2,2,0,0.827,2041.54,1608.58,4171.95,87,0,0,new
C102129,88,2,2,0,0.9304,4433.88,4234.68,8033.48,21,1,1,new
C102130,1148,20,19,1,0.9567,5731.31,4671.42,118945.88,66,0,0,regular
C102131,1051,12,12,0,0.978,8710.57,7710.28,91676.85,18,1,1,regular
C102132,538,73,69,4,0.9479,19458.63,18606.2,1180837.98,3,3,1,high_value
C102133,562,91,83,8,0.9075,17262.58,13983.92,1325206.27,19,0,0,high_value
C102134,965,40,36,4,0.8982,2797.8,2479.58,105382.55,97,0,0,regular
C102135,317,5,4,1,0.8264,3964.28,3198.18,13845.25,111,1,1,regular
C102136,87,31,25,6,0.8067,4270.55,3687.2,90996.72,71,1,0,regular
C102137,389,22,18,4,0.8087,5577.39,5571.72,99555.16,105,1,1,regular
C102138,733,9,8,1,0.8852,2772.93,2619.51,21162.97,49,2,2,regular
C102139,215,44,39,5,0.8961,15018.8,11797.9,525416.61,3,1,1,regular
C102140,440,38,36,2,0.951,4231.69,3437.3,159467.07,108,0,0,regular
C102141,1107,41,37,4,0.9083,4479.29,3809.71,172765.75,87,0,0,regular
C102142,145,47,45,2,0.9606,3009.06,2993.81,120048.14,79,1,1,regular
C102143,117,46,42,4,0.9127,2464.65,2364.34,95124.54,8,2,2,regular
C102144,543,36,33,3,0.9108,4171.58,3872.06,132086.05,115,0,0,regular
C102145,1257,84,77,7,0.9148,23287.13,19016.8,2056717.79,9,0,0,high_value
C102146,81,4,3,1,0.8297,2997.44,3006.22,9716.9,1,0,0,new
C102147,1320,52,50,2,0.9551,22342.29,21760.29,1062542.97,9,1,1,high_value
C102148,176,13,12,1,0.9281,4171.57,3493.53,57048.58,112,2,1,regular
C102149,34,3,2,1,0.7416,1158.88,1016.38,2286.43,99,1,1,new
C102150,199,26,25,1,0.9569,7339.38,6479.3,176897.39,13,1,1,regular
C102151,39,2,2,0,0.8258,7594.27,6994.33,17212.95,51,2,2,new
C102152,864,43,39,4,0.9105,6219.45,5410.64,259744.3,63,2,2,regular
C102153,773,45,40,5,0.894,2088.93,1734.66,84756.4,66,0,0,regular
C102154,805,23,23,0,0.9936,2098.85,1973.08,49731.9,24,1,1,regular
C102155,467,27,25,2,0.9101,4841.93,4564.06,138218.0,3,1,1,regular
C102156,68,1,1,0,0.995,5279.64,4678.67,4729.88,3,1,1,new
C102157,138,25,23,2,0.9263,2769.49,2483.67,60776.88,108,1,1,regular
C102158,182,35,32,3,0.9113,4841.32,3835.11,151251.5,74,1,1,regular
C102159,13,2,2,0,0.7778,2020.89,1797.51,4629.49,117,0,0,new
C102160,137,17,16,1,0.9439,2939.21,2857.19,41161.02,103,0,0,regular
C102161,278,40,35,5,0.8747,3296.3,3039.04,101929.22,28,3,3,regular
C102162,257,13,12,1,0.9187,5124.57,5129.53,60302.57,10,0,0,regular
C102163,97,15,14,1,0.9105,2438.62,2321.47,30752.95,78,0,0,regular
C102164,193,36,33,3,0.9295,3131.96,3027.45,109085.45,26,2,2,regular
C102165,712,36,34,2,0.931,6199.31,5517.51,201966.87,81,0,0,regular
C102166,813,47,44,3,0.9341,4436.1,3644.82,215461.14,116,0,0,regular
C102167,154,36,33,3,0.9157,3379.59,3375.96,119844.62,115,0,0,regular
C102168,1134,6,6,0,0.995,2617.54,2455.8,15567.71,30,1,1,regular
C102169,169,43,40,3,0.9354,2450.15,2445.92,108149.16,58,0,0,regular
C102170,843,23,23,0,0.995,4157.96,3859.44,84180.56,84,1,1,regular
C102171,972,5,5,0,0.913,15173.72,13490.58,77714.45,28,0,0,regular
C102172,653,31,30,1,0.9675,6318.93,5133.1,195546.75,67,1,1,regular
C102173,39,3,3,0,0.995,1969.44,1724.14,5458.14,43,2,2,new
C102174,184,23,23,0,0.994,6878.54,6351.74,136830.67,68,0,0,regular
C102175,335,26,23,3,0.8677,2854.07,2863.72,66336.75,76,1,1,regular
C102176,1029,8,7,1,0.9374,4486.9,4392.83,31537.2,105,1,1,regular
C102177,457,43,38,5,0.8941,3160.6,2854.51,125637.45,56,1,1,regular
C102178,99,27,25,2,0.9371,15145.91,13442.26,346038.0,34,0,0,regular
C102179,432,70,70,0,0.995,16017.0,12621.16,1013435.65,9,0,0,high_value
C102180,839,25,22,3,0.8626,5431.66,4694.5,136629.3,83,0,0,regular
C102181,1603,61,58,3,0.9547,9738.71,9889.82,499383.37,96,0,0,high_value
C102182,118,41,41,0,0.995,7010.26,6714.75,330482.58,49,0,0,regular
C102183,34,2,2,0,0.8614,1796.84,1627.83,3830.85,103,0,0,new
C102184,118,45,37,8,0.8327,9552.56,9427.92,367157.13,56,1,1,regular
C102185,74,4,4,0,0.8766,3898.42,3062.34,14844.17,57,0,0,new
C102186,211,49,42,7,0.8565,2968.2,2997.38,138420.18,5,0,0,regular
C102187,751,33,32,1,0.9546,25888.5,24540.24,930344.53,62,2,2,regular
C102188,260,28,26,2,0.9432,6279.77,4918.29,174142.34,71,3,3,regular
C102189,819,26,23,3,0.9022,31666.39,30061.78,774187.14,58,0,0,high_value
C102190,46,3,3,0,0.8356,4669.35,3735.25,13979.29,64,1,1,new
C102191,486,29,25,4,0.8603,6570.42,6133.51,143456.96,63,2,2,regular
C102192,548,49,46,3,0.9466,6422.16,5473.04,339646.07,83,1,1,regular
C102193,80,2,2,0,0.9505,795.38,660.88,1359.57,12,1,1,new
C102194,122,26,23,3,0.8714,8036.28,7479.69,184579.3,63,1,1,regular
C102195,672,22,19,3,0.8653,7575.96,6698.43,138205.69,52,1,1,regular
C102196,33,3,3,0,0.8536,3967.53,3156.12,12888.61,41,0,0,new
C102197,787,22,20,2,0.9295,15941.25,15580.37,341376.72,53,0,0,regular
C102198,495,5,4,1,0.8254,14664.21,12374.68,60910.15,81,0,0,regular
C102199,219,6,6,0,0.9431,7276.55,6755.33,38089.3,119,0,0,regular
C102200,64,1,1,0,0.8359,3216.03,2978.83,2962.14,26,0,0,new
C102201,506,62,60,2,0.9696,12356.52,9804.64,651125.04,5,0,0,high_value
C102202,910,23,22,1,0.9408,3705.5,3777.23,93235.04,41,0,0,regular
C102203,17,1,1,0,0.8625,762.5,676.67,677.36,37,0,0,new
C102204,684,32,30,2,0.9501,1211.68,1004.83,41445.15,8,1,1,regular
C102205,1022,21,19,2,0.8917,11271.03,9972.82,189268.27,59,0,0,regular
C102206,367,38,33,5,0.8621,9120.73,8434.25,333691.67,62,1,1,regular
C102207,1012,12,11,1,0.9243,1645.53,1284.72,18506.14,101,0,0,regular
C102208,43,1,1,0,0.8954,612.66,522.01,673.63,83,0,0,new
C102209,85,2,1,1,0.6413,2459.07,2234.61,2557.95,55,1,1,new
C102210,389,71,70,1,0.9898,27028.94,25587.61,2044619.95,78,0,0,high_value
C102211,1162,9,9,0,0.995,6048.33,5172.49,58204.24,34,1,1,regular
C102212,330,47,46,1,0.9865,1581.55,1386.92,67517.27,18,0,0,regular
C102213,1176,34,31,3,0.8978,4469.73,3723.71,156645.91,64,0,0,regular
C102214,1293,22,20,2,0.9184,25867.26,21995.7,539639.53,59,1,1,high_value
C102215,27,1,1,0,0.78,5196.68,4910.69,4732.23,35,0,0,new
C102216,58,1,1,0,0.7939,2122.2,1827.1,1998.72,107,0,0,new
C102217,217,40,39,1,0.9786,45380.09,38441.87,1787372.04,65,0,0,high_value
C102218,1073,89,86,3,0.9691,32995.47,28100.74,3162652.92,68,0,0,high_value
C102219,744,27,22,5,0.8112,5745.84,5326.59,137662.14,82,0,0,regular
C102220,762,9,7,2,0.8236,3921.85,3586.91,25822.67,34,0,0,regular
C102221,156,11,10,1,0.8719,22589.87,19826.15,238672.39,63,0,0,regular
C102222,648,31,31,0,0.9893,2583.98,2407.64,68127.8,107,2,2,regular
C102223,34,4,4,0,0.899,3867.95,3613.71,14695.0,73,0,0,new
C102224,606,18,17,1,0.9173,5207.2,4078.0,97540.87,102,1,1,regular
C102225,357,7,7,0,0.9711,15051.31,12964.81,94334.44,4,0,0,regular
C102226,289,24,22,2,0.9031,5675.32,4759.49,119365.69,86,0,0,regular
C102227,81,4,3,1,0.8071,1097.41,1074.35,2799.43,79,0,0,new
C102228,83,2,2,0,0.9037,4903.79,4149.12,8404.5,107,0,0,new
C102229,529,7,6,1,0.8952,2384.73,2041.68,12788.89,116,0,0,regular
C102230,144,47,41,6,0.864,2671.79,2428.84,96459.45,16,0,0,regular
C102231,929,24,23,1,0.9382,3813.99,3475.98,87451.55,58,1,1,regular
C102232,44,4,3,1,0.826,2148.48,2093.98,7218.89,111,0,0,new
C102233,655,65,62,3,0.9594,25574.83,22329.46,1388056.93,96,0,0,high_value
C102234,820,18,17,1,0.9702,3975.05,3368.77,75073.4,12,1,1,regular
C102235,210,40,36,4,0.8979,10251.23,9492.41,387661.42,65,1,1,regular
C102236,77,2,1,1,0.7442,1746.41,1667.45,1572.94,41,0,0,new
C102237,1043,12,11,1,0.9325,2068.01,2105.69,21313.15,84,0,0,regular
C102238,588,9,8,1,0.9272,1006.14,934.09,7310.63,61,2,2,regular
C102239,60,46,46,0,0.995,9291.16,8341.38,464486.77,37,1,1,regular
C102240,322,41,38,3,0.9322,4246.27,3447.7,172254.93,50,0,0,regular
C102241,59,2,2,0,0.8228,1561.43,1587.76,2939.62,116,0,0,new
C102242,630,46,43,3,0.9417,4214.46,3980.13,156992.63,43,2,1,regular
C102243,475,41,40,1,0.9705,8314.39,6814.51,299524.93,25,1,1,regular
C102244,210,21,20,1,0.9565,4170.46,3713.05,86659.04,13,1,1,regular
C102245,44,3,2,1,0.7063,5039.8,4608.76,8840.94,19,1,1,new
C102246,261,16,13,3,0.8201,5270.82,4385.59,69270.22,6,0,0,regular
C102247,449,16,12,4,0.7604,5510.76,5267.16,68369.44,5,1,1,regular
C102248,1185,37,37,0,0.9865,12365.62,11575.22,483298.55,63,0,0,regular
C102249,135,14,13,1,0.9363,1697.95,1419.66,19592.47,64,1,0,regular
C102250,342,20,18,2,0.9087,4319.1,4394.87,76804.04,95,0,0,regular
C102251,422,21,20,1,0.9517,5067.61,5106.53,100239.29,74,0,0,regular
C102252,639,11,11,0,0.995,4632.28,3908.37,56080.41,22,1,1,regular
C102253,339,42,42,0,0.9948,3544.32,3140.39,147464.38,77,0,0,regular
C102254,1110,69,66,3,0.9531,19886.44,19782.02,1275805.83,53,2,0,high_value
C102255,66,43,37,6,0.8568,11269.34,9888.97,369864.53,20,1,1,regular
C102256,700,40,37,3,0.934,15070.84,15208.85,590152.44,78,2,1,high_value
C102257,669,12,9,3,0.7668,19430.53,16090.38,181159.18,78,0,0,regular
C102258,19,2,2,0,0.995,1746.4,1665.66,3720.13,50,1,1,new
C102259,192,20,20,0,0.9765,3782.12,3494.23,79188.84,19,1,0,regular
C102260,177,47,46,1,0.9814,6269.43,5411.04,320862.4,3,0,0,regular
C102261,422,60,59,1,0.9813,19981.46,19027.75,1312362.77,90,0,0,high_value
C102262,439,36,32,4,0.9008,10067.14,7910.87,303562.21,18,0,0,regular
C102263,88,2,2,0,0.8687,2264.95,1892.16,4098.31,33,0,0,new
C102264,414,48,41,7,0.8605,1527.09,1286.9,70621.44,81,0,0,regular
C102265,57,4,2,2,0.6116,1597.29,1290.92,3398.75,50,1,0,new
C102266,394,24,20,4,0.8513,7429.77,5855.78,169590.93,98,1,1,regular
C102267,360,20,20,0,0.995,5342.11,4619.36,106744.62,44,0,0,regular
C102268,373,20,17,3,0.8319,6736.65,5607.49,130404.27,107,0,0,regular
C102269,435,15,13,2,0.8982,6167.78,5007.55,71105.93,44,1,1,regular
C102270,1015,31,25,6,0.7938,1851.21,1513.83,47534.77,9,0,0,regular
C102271,341,43,40,3,0.9278,5327.18,5211.6,212878.33,86,1,1,regular
C102272,371,15,14,1,0.9099,9915.96,7960.3,118110.1,79,0,0,regular
C102273,1150,38,34,4,0.8886,4988.51,4758.87,153983.21,119,1,1,regular
C102274,805,30,26,4,0.854,2050.54,1625.97,47771.57,11,2,2,regular
C102275,25,1,1,0,0.7141,6707.79,5297.49,5823.99,63,0,0,new
C102276,1049,39,34,5,0.8773,6284.78,5569.19,242411.15,85,0,0,regular
C102277,268,6,5,1,0.9018,13216.36,11519.97,75307.5,48,1,1,regular
C102278,244,5,5,0,0.995,1391.34,1267.49,7774.31,31,0,0,regular
C102279,567,46,42,4,0.9203,5589.09,5302.0,269170.06,35,2,2,regular
C102280,848,11,10,1,0.942,2572.18,2197.55,28273.36,1,1,1,regular
C102281,30,2,1,1,0.6924,1063.84,879.43,1201.77,74,1,1,new
C102282,918,38,33,5,0.8629,6403.06,6257.76,192133.76,93,0,0,regular
C102283,238,27,25,2,0.9086,3912.55,3207.01,90679.7,54,0,0,regular
C102284,951,5,5,0,0.995,6573.44,6386.94,36437.22,4,0,0,regular
C102285,75,1,1,0,0.5226,1801.1,1658.66,1790.01,92,0,0,new
C102286,589,35,33,2,0.9317,4076.89,3463.11,143294.63,108,1,1,regular
C102287,789,45,39,6,0.8603,2017.34,1725.68,80137.61,72,1,1,regular
C102288,43,4,3,1,0.8018,983.8,854.88,2779.32,10,0,0,new
C102289,757,29,25,4,0.8626,7398.63,6820.49,173026.2,49,1,1,regular
C102290,504,97,87,10,0.8938,15134.57,15363.26,1414741.8,68,0,0,high_value
C102291,801,42,40,2,0.9457,2972.78,2545.85,120056.12,114,0,0,regular
C102292,512,29,29,0,0.995,8128.2,8177.36,225774.08,59,0,0,regular
C102293,941,34,30,4,0.8891,15325.72,12708.63,475915.21,1,2,2,regular
C102294,894,48,37,11,0.7686,4184.1,3377.03,151093.26,84,1,1,regular
C102295,39,2,1,1,0.7265,2449.87,2223.76,2431.55,82,2,2,new
C102296,896,23,21,2,0.9338,2374.92,2409.01,52535.16,28,0,0,regular
C102297,27,4,3,1,0.6655,1389.37,1245.38,4115.54,49,2,2,new
C102298,43,1,1,0,0.7645,1937.96,1883.66,2199.55,5,0,0,new
C102299,895,46,40,6,0.8782,4867.45,4348.64,193833.25,14,1,1,regular
C102300,1333,44,43,1,0.981,8910.71,8768.15,436246.41,37,0,0,high_value
C102301,977,15,13,2,0.8799,5628.02,5487.64,80795.75,11,0,0,regular
C102302,389,20,19,1,0.9285,2635.14,2489.38,55939.54,33,1,1,regular
C102303,881,14,13,1,0.9217,4069.59,3775.36,57083.29,77,1,0,regular
C102304,287,31,28,3,0.8879,2539.47,2296.58,73334.87,45,0,0,regular
C102305,468,37,32,5,0.8571,5036.04,5084.5,162732.68,17,0,0,regular
C102306,1125,45,40,5,0.8844,1689.92,1544.2,68644.43,74,3,3,regular
C102307,382,27,27,0,0.995,4928.45,4242.97,121150.07,102,1,1,regular
C102308,1021,32,31,1,0.9767,3806.99,3775.52,107904.88,70,0,0,regular
C102309,541,31,30,1,0.9712,5016.12,4707.16,129453.19,37,1,0,regular
C102310,1783,44,41,3,0.9353,15833.9,14471.58,697014.69,96,1,1,high_value
C102311,13,1,1,0,0.7831,1164.27,1098.74,1033.24,41,0,0,new
C102312,684,6,6,0,0.9758,3761.55,3248.96,23125.53,1,0,0,regular
C102313,20,4,3,1,0.7783,2587.39,2279.5,6919.02,79,0,0,new
C102314,642,49,45,4,0.9182,1465.26,1211.69,57362.56,86,0,0,regular
C102315,109,40,36,4,0.8878,2134.94,2103.35,77632.35,26,0,0,regular
C102316,63,4,3,1,0.7967,4168.54,3917.35,13905.35,45,0,0,new
C102317,64,19,18,1,0.962,10271.55,10043.75,176901.46,0,0,0,regular
C102318,404,42,41,1,0.9812,6174.58,5286.51,284996.8,56,0,0,regular
C102319,531,54,51,3,0.9435,24140.58,24596.96,1050301.06,53,0,0,high_value
C102320,25,4,3,1,0.6596,2259.91,1956.47,6710.05,30,1,1,new
C102321,24,4,3,1,0.841,2610.64,2257.92,7001.97,63,1,1,new
C102322,66,31,27,4,0.8715,5312.54,5368.6,135511.39,81,0,0,regular
C102323,83,3,2,1,0.7646,2275.98,2133.09,3901.58,53,2,2,new
C102324,1109,47,42,5,0.9035,5101.13,5121.67,184382.23,95,0,0,regular
C102325,807,99,95,4,0.9577,21191.83,19698.96,2141756.75,54,0,0,high_value
C102326,284,15,14,1,0.9127,2987.99,2507.38,43771.25,49,0,0,regular
C102327,64,3,2,1,0.742,1005.08,878.22,1834.27,79,0,0,new
C102328,377,49,48,1,0.9776,1629.34,1606.75,87620.06,20,1,1,regular
C102329,1076,19,18,1,0.9631,5107.47,4583.81,97118.98,101,0,0,regular
C102330,1027,25,24,1,0.9753,10866.68,10325.03,247982.51,72,0,0,regular
C102331,803,18,17,1,0.9211,2408.9,1975.22,39816.86,43,0,0,regular
C102332,788,22,19,3,0.8826,7458.51,6533.24,132892.6,28,0,0,regular
C102333,24,1,1,0,0.6889,1984.19,1947.42,2180.98,94,0,0,new
C102334,898,18,16,2,0.8845,2975.02,2992.4,47514.02,1,1,1,regular
C102335,584,23,23,0,0.995,5955.06,5108.44,121981.19,7,0,0,regular
C102336,1165,20,19,1,0.9701,11609.88,9536.56,200848.23,72,0,0,regular
C102337,454,9,8,1,0.9045,5167.36,4059.59,38816.14,57,1,1,regular
C102338,70,40,34,6,0.8544,7214.6,5847.95,238169.46,20,1,1,regular
C102339,55,1,1,0,0.9582,922.57,904.63,948.21,45,0,0,new
C102340,81,1,1,0,0.995,1925.62,1712.57,2193.76,93,1,1,new
C102341,37,1,1,0,0.948,1495.82,1271.43,1388.99,55,0,0,new
C102342,510,33,33,0,0.995,2030.64,1961.92,63561.4,63,1,1,regular
C102343,544,29,26,3,0.8794,2523.08,2448.46,56231.43,10,0,0,regular
C102344,700,29,26,3,0.8909,6465.49,5605.05,161675.38,86,2,2,regular
C102345,31,2,2,0,0.8484,2386.95,2378.18,5024.64,16,1,0,new
C102346,954,37,31,6,0.831,8769.15,7814.61,309607.9,28,1,1,regular
C102347,548,6,6,0,0.9289,5422.26,4569.32,34877.86,35,0,0,regular
C102348,84,1,1,0,0.7855,1565.86,1559.51,1386.41,51,1,0,new
C102349,73,3,3,0,0.8923,2982.98,2436.23,9996.08,32,1,1,new
C102350,72,2,2,0,0.8488,1102.03,1123.0,2428.0,97,1,1,new
C102351,1189,48,42,6,0.8748,7285.14,6754.64,277430.44,46,0,0,regular
C102352,660,37,32,5,0.8597,6199.0,6197.04,224215.88,4,0,0,regular
C102353,865,34,31,3,0.9248,3491.29,2873.06,115181.68,54,0,0,regular
C102354,734,36,32,4,0.9007,9466.31,8267.75,328623.54,14,1,1,regular
C102355,469,6,5,1,0.9129,6677.17,6607.59,32976.59,26,1,1,regular
C102356,1168,14,14,0,0.995,5670.16,5561.89,72254.15,70,0,0,regular
C102357,483,40,36,4,0.9007,4754.52,4703.38,186521.41,74,0,0,regular
C102358,766,73,73,0,0.995,13400.81,11354.64,971638.73,79,2,2,high_value
C102359,11,4,3,1,0.8243,1259.85,1169.43,4309.57,45,0,0,new
C102360,85,38,34,4,0.9062,5201.06,4543.15,158445.24,100,0,0,regular
C102361,68,4,3,1,0.7982,1090.88,934.87,3130.67,7,0,0,new
C102362,1169,40,36,4,0.9112,5134.95,4646.26,197920.9,45,1,1,regular
C102363,661,35,32,3,0.9222,4731.13,4502.2,154679.06,29,1,1,regular
C102364,501,23,20,3,0.8748,3147.31,2846.56,61686.1,4,0,0,regular
C102365,984,27,24,3,0.8803,6047.92,5051.94,153929.12,67,0,0,regular
C102366,763,8,7,1,0.911,4002.95,3898.07,29982.28,6,0,0,regular
C102367,813,14,11,3,0.7917,9871.55,10016.36,111105.19,72,2,1,regular
C102368,841,16,16,0,0.995,2680.24,2324.01,40556.55,102,0,0,regular
C102369,286,44,44,0,0.995,3430.46,3374.96,156317.93,95,1,1,regular
C102370,160,10,9,1,0.9202,3137.89,3098.12,28624.32,81,1,1,regular
C102371,889,18,17,1,0.9499,13528.86,11398.4,250527.96,29,1,1,regular
C102372,84,10,10,0,0.9749,4015.73,3812.02,42005.99,78,0,0,regular
C102373,880,17,14,3,0.8305,3238.89,3255.8,45300.56,67,1,1,regular
C102374,208,5,5,0,0.9657,1283.67,1229.19,5491.6,59,0,0,regular
C102375,86,2,1,1,0.6802,4417.71,3477.65,3976.31,57,0,0,new
C102376,866,37,37,0,0.995,6176.85,5714.11,217339.84,17,0,0,regular
C102377,770,39,35,4,0.8987,6162.01,5957.6,222229.62,101,1,1,regular
C102378,36,2,1,1,0.5931,5192.93,4820.87,5648.39,100,0,0,new
C102379,756,36,32,4,0.8993,3147.74,2476.95,114626.61,87,1,1,regular
C102380,114,32,32,0,0.995,13735.72,11110.01,452703.81,65,0,0,regular
C102381,1017,45,40,5,0.8793,22689.57,22063.09,969891.17,15,0,0,regular
C102382,26,3,2,1,0.7462,2428.21,2178.43,5033.36,76,0,0,new
C102383,57,4,3,1,0.8073,2573.18,2598.7,7558.08,115,0,0,new
C102384,59,4,3,1,0.7715,2168.68,1907.56,6720.1,15,1,1,new
C102385,282,40,37,3,0.9237,16993.32,16606.04,610017.2,42,2,2,regular
C102386,1199,73,69,4,0.9458,19093.76,15055.78,1299145.86,108,0,0,high_value
C102387,52,1,1,0,0.7956,1516.48,1488.95,1703.47,114,0,0,new
C102388,937,23,22,1,0.9745,13520.02,13333.09,303138.69,53,0,0,regular
C102389,70,1,1,0,0.7072,4674.71,4052.5,4114.32,34,0,0,new
C102390,181,13,13,0,0.9802,2427.64,2073.86,31784.33,34,0,0,regular
C102391,533,6,6,0,0.9311,2461.32,2457.33,16776.01,56,0,0,regular
C102392,599,38,37,1,0.982,4158.85,4020.15,135414.27,38,0,0,regular
C102393,32,3,2,1,0.7616,386.11,356.57,881.37,66,0,0,new
C102394,750,34,26,8,0.7621,1904.49,1684.94,56760.51,9,1,1,regular
C102395,1448,48,48,0,0.995,40134.58,40090.47,1961548.46,7,1,0,high_value
C102396,1175,5,4,1,0.8894,2195.75,2106.45,8341.48,0,0,0,regular
C102397,9,2,2,0,0.8209,1499.16,1319.32,2556.34,85,1,1,new
C102398,10,2,2,0,0.8435,1812.89,1630.17,3098.78,110,1,1,new
C102399,1188,29,27,2,0.9462,6361.67,5112.39,165998.64,12,0,0,regular
C102400,118,48,43,5,0.8937,5957.17,5805.73,277911.66,109,0,0,regular
C102401,636,5,4,1,0.8552,3974.96,3903.44,18009.92,19,1,1,regular
C102402,541,30,27,3,0.884,8141.35,7045.15,197050.89,5,0,0,regular
C102403,628,49,39,10,0.802,5902.44,5042.56,229349.44,34,0,0,regular
C102404,413,20,17,3,0.8746,3717.45,3124.65,63229.32,35,0,0,regular
C102405,697,41,34,7,0.8222,1638.42,1346.17,53705.88,115,0,0,regular
C102406,621,42,35,7,0.8237,6150.13,6196.06,217834.6,13,0,0,regular
C102407,272,26,24,2,0.917,2111.28,2031.41,57131.63,116,1,0,regular
C102408,388,18,17,1,0.942,5653.34,4997.65,94334.52,103,1,1,regular
C102409,549,58,54,4,0.9343,40255.0,32463.28,1937554.73,58,2,2,high_value
C102410,1021,32,28,4,0.8801,1989.45,1618.34,58469.35,80,1,1,regular
C102411,563,53,48,5,0.9128,23332.91,22174.41,962524.23,63,0,0,high_value
C102412,501,13,12,1,0.891,5047.38,4182.96,68565.69,109,1,1,regular
C102413,511,38,33,5,0.8607,5058.38,4367.86,188955.15,25,3,3,regular
C102414,150,14,13,1,0.9062,4914.92,4962.51,56076.08,114,1,1,regular
C102415,63,4,4,0,0.9701,2600.15,2390.81,10559.39,50,0,0,new
C102416,1113,8,8,0,0.9521,6417.59,6250.76,55921.2,111,1,1,regular
C102417,95,25,22,3,0.876,2978.69,2397.64,64834.84,118,0,0,regular
C102418,81,2,1,1,0.7178,4484.4,3853.41,4455.84,101,1,1,new
C102419,1337,48,48,0,0.9908,16615.36,16531.38,910037.64,94,1,1,high_value
C102420,67,3,2,1,0.6924,986.48,961.34,1813.45,52,0,0,new
C102421,79,2,2,0,0.9505,640.51,610.81,1291.13,83,1,1,new
C102422,618,39,31,8,0.786,3973.95,3659.92,108962.54,29,1,1,regular
C102423,70,3,2,1,0.7375,6148.67,5192.84,11568.51,33,0,0,new
C102424,284,50,50,0,0.995,27550.38,25360.55,1522532.44,88,1,0,high_value
C102425,495,11,10,1,0.9406,1392.39,1103.02,14828.0,91,0,0,regular
C102426,55,3,2,1,0.7982,2190.73,1815.13,4528.69,31,0,0,new
C102427,742,48,48,0,0.995,15962.14,14435.9,677433.04,115,2,2,regular
C102428,1089,32,30,2,0.928,4922.21,3841.66,163202.15,81,0,0,regular
C102429,342,5,4,1,0.8949,5359.21,4478.88,20138.48,118,2,2,regular
C102430,374,30,26,4,0.8525,5650.08,4613.51,148443.83,57,1,1,regular
C102431,237,5,4,1,0.8815,5068.16,4373.43,18651.69,71,0,0,regular
C102432,818,8,7,1,0.8855,18438.59,18180.53,129873.04,78,1,1,regular
C102433,668,21,18,3,0.8744,2713.33,2733.36,49750.5,19,0,0,regular
C102434,455,34,29,5,0.8549,2516.43,2062.5,69483.87,33,1,1,regular
C102435,695,24,23,1,0.9414,33564.27,28041.53,773349.59,115,1,1,high_value
C102436,489,40,40,0,0.995,12788.88,12574.68,497137.53,80,1,0,regular
C102437,282,13,13,0,0.966,3183.41,2614.98,43836.23,64,0,0,regular
C102438,675,13,12,1,0.8907,5825.57,5580.4,70827.3,0,1,1,regular
C102439,557,28,27,1,0.9708,8556.43,6849.55,257226.83,4,0,0,regular
C102440,1108,56,53,3,0.9386,16557.55,15491.13,758986.64,66,1,1,high_value
C102441,60,1,1,0,0.6374,4817.95,4065.24,4133.76,9,1,1,new
C102442,1102,35,32,3,0.9038,10536.75,10114.17,305671.92,17,0,0,regular
C102443,306,9,8,1,0.898,5414.15,4897.91,38357.02,69,0,0,regular
C102444,374,44,42,2,0.9491,3420.71,2815.02,144785.94,115,0,0,regular
C102445,704,49,45,4,0.9184,4915.57,4308.67,201301.69,100,0,0,regular
C102446,19,4,3,1,0.772,1719.1,1553.11,4408.52,55,0,0,new
C102447,226,20,17,3,0.8634,20430.09,20818.96,324662.1,112,0,0,regular
C102448,705,34,32,2,0.9284,3269.0,2926.69,104896.74,72,0,0,regular
C102449,641,33,31,2,0.9357,6013.23,4908.58,198391.92,113,1,1,regular
C102450,804,46,41,5,0.8912,1828.61,1669.99,73587.53,28,0,0,regular
C102451,189,9,8,1,0.8421,4873.29,4058.72,44398.14,69,0,0,regular
C102452,1033,28,28,0,0.9851,3787.91,3754.18,96498.6,110,1,1,regular
C102453,613,36,35,1,0.9723,6749.64,6615.83,237233.86,117,1,1,regular
C102454,236,20,16,4,0.7908,6856.03,5559.39,101574.08,103,1,0,regular
C102455,415,42,42,0,0.9904,10530.51,9700.81,482971.34,17,0,0,regular
C102456,319,7,6,1,0.8975,10040.42,9509.9,54599.46,74,0,0,regular
C102457,66,2,2,0,0.8061,558.72,469.55,1272.19,11,1,0,new
C102458,595,40,39,1,0.9783,2553.45,2375.55,106055.78,45,1,1,regular
C102459,554,10,10,0,0.995,2739.6,2441.11,27863.41,3,1,1,regular
C102460,585,23,22,1,0.9702,5396.34,4833.49,119871.49,91,0,0,regular
C102461,1095,17,16,1,0.9245,4946.84,4513.05,75883.82,92,1,1,regular
C102462,24,2,2,0,0.9192,1265.55,1160.3,2167.4,11,0,0,new
C102463,618,5,4,1,0.7884,3264.19,3102.13,14682.81,109,0,0,regular
C102464,1157,21,20,1,0.9627,10659.16,9471.55,232045.96,100,0,0,regular
C102465,993,49,49,0,0.9905,1859.8,1773.19,81147.41,100,1,1,regular
C102466,994,21,18,3,0.8611,3157.56,2831.14,50392.16,53,1,1,regular
C102467,317,31,28,3,0.8938,2358.0,2214.34,62222.97,112,2,2,regular
C102468,559,49,43,6,0.8766,3969.71,3347.05,184172.78,117,2,2,regular
C102469,461,32,28,4,0.875,9506.89,8651.35,266445.79,65,0,0,regular
C102470,169,38,37,1,0.9745,3786.44,3378.71,146579.46,45,0,0,regular
C102471,145,48,44,4,0.9231,4782.5,4077.21,179256.61,91,0,0,regular
C102472,769,32,29,3,0.8962,6703.46,5328.94,219110.68,5,0,0,regular
C102473,539,42,42,0,0.995,3679.91,3320.92,139055.02,40,0,0,regular
C102474,1001,27,22,5,0.8239,5661.3,4429.07,117781.97,0,0,0,regular
C102475,67,1,1,0,0.797,583.68,509.88,661.98,91,0,0,new
C102476,87,2,2,0,0.9432,1615.61,1403.9,3456.98,5,0,0,new
C102477,73,1,1,0,0.7775,1639.09,1527.79,1644.53,90,0,0,new
C102478,625,30,28,2,0.9189,5566.85,5661.39,172842.21,67,0,0,regular
C102479,347,71,71,0,0.995,24792.51,24443.44,1528579.62,52,0,0,high_value
C102480,1160,22,20,2,0.8943,9706.87,9842.96,169460.13,75,0,0,regular
C102481,789,18,16,2,0.888,15821.5,15951.63,226955.78,5,1,1,regular
C102482,45,2,1,1,0.7326,1214.6,968.99,1128.82,97,2,1,new
C102483,262,20,17,3,0.8452,3511.66,2976.72,63441.82,31,1,0,regular
C102484,546,33,31,2,0.9479,4330.6,3686.54,135554.19,101,1,1,regular
C102485,102,21,19,2,0.9269,4203.08,3350.05,78086.8,106,1,1,regular
C102486,250,27,25,2,0.9361,3523.13,3463.93,95545.17,66,1,1,regular
C102487,962,11,10,1,0.9058,5662.42,5633.42,53518.22,70,3,3,regular
C102488,8,1,1,0,0.8549,1910.42,1767.5,1672.83,110,0,0,new
C102489,250,21,21,0,0.9805,2225.15,2211.44,45280.91,48,1,1,regular
C102490,695,78,75,3,0.9603,15065.91,14334.44,1220251.84,47,0,0,high_value
C102491,163,25,25,0,0.9949,1494.8,1324.0,37079.58,113,2,2,regular
C102492,24,4,3,1,0.8224,1831.04,1494.07,6279.44,48,0,0,new
C102493,452,75,70,5,0.9348,12246.33,12369.28,948829.59,43,1,1,high_value
C102494,779,37,33,4,0.885,6478.65,6129.76,232456.86,0,2,2,regular
C102495,1158,12,11,1,0.8979,3632.4,3142.04,43230.97,39,1,1,regular
C102496,463,12,12,0,0.9817,14663.65,11890.23,180246.25,29,0,0,regular
C102497,762,21,20,1,0.9606,3455.73,3358.11,77432.16,92,0,0,regular
C102498,331,21,19,2,0.8926,1353.79,1316.54,26415.48,60,1,0,regular
C102499,491,26,22,4,0.8472,5904.54,5375.03,124932.59,42,1,1,regular
