transaction_id,action,action_timestamp,action_success,amount_recovered,time_to_recovery_min,attempt_number_after_action,failure_after_action,stopping_rule_triggered,intervention_cost
TXN1000006,retry,2026-01-15 16:37:52,1,3639.67,120.0,2,0,0,2.0
TXN1000006,reminder,2026-01-15 16:31:52,1,3639.67,58.0,1,0,0,1.0
TXN1000006,escalation,2026-01-15 14:59:52,1,3639.67,256.0,1,0,0,15.0
TXN1000009,retry,2026-06-20 20:37:55,1,7141.68,126.0,2,0,0,2.0
TXN1000009,reminder,2026-06-20 19:47:55,1,7141.68,274.0,1,0,0,1.0
TXN1000009,escalation,2026-06-20 21:21:55,0,0.0,,1,1,0,15.0
TXN1000012,retry,2026-02-09 03:27:57,1,7125.18,87.0,4,0,1,2.0
TXN1000012,reminder,2026-02-09 03:16:57,0,0.0,,3,1,0,1.0
TXN1000012,escalation,2026-02-09 02:46:57,1,7125.18,42.0,3,0,0,15.0
TXN1000016,retry,2026-01-24 13:16:08,1,3024.66,337.0,2,0,0,2.0
TXN1000016,reminder,2026-01-24 13:59:08,1,3024.66,78.0,1,0,0,1.0
TXN1000016,escalation,2026-01-24 11:28:08,1,3024.66,180.0,1,0,0,15.0
TXN1000017,retry,2026-03-05 02:15:35,1,14503.76,189.0,3,0,0,2.0
TXN1000017,reminder,2026-03-05 02:19:35,0,0.0,,2,1,0,1.0
TXN1000017,escalation,2026-03-05 00:28:35,0,0.0,,2,1,0,15.0
TXN1000018,retry,2026-03-13 01:36:19,1,11490.86,154.0,2,0,0,2.0
TXN1000018,reminder,2026-03-13 03:56:19,0,0.0,,1,1,0,1.0
TXN1000018,escalation,2026-03-13 02:36:19,0,0.0,,1,1,0,15.0
TXN1000020,retry,2026-06-16 14:19:26,0,0.0,,2,1,0,2.0
TXN1000020,reminder,2026-06-16 16:07:26,1,116967.92,127.0,1,0,0,1.0
TXN1000020,escalation,2026-06-16 14:00:26,0,0.0,,1,1,0,15.0
TXN1000022,retry,2026-05-26 03:52:30,0,0.0,,4,1,1,2.0
TXN1000022,reminder,2026-05-26 02:33:30,0,0.0,,3,1,0,1.0
TXN1000022,escalation,2026-05-26 01:45:30,0,0.0,,3,1,0,15.0
TXN1000025,retry,2026-04-18 13:10:44,1,2884.05,40.0,2,0,0,2.0
TXN1000025,reminder,2026-04-18 15:23:44,1,2884.05,324.0,1,0,0,1.0
TXN1000025,escalation,2026-04-18 14:22:44,1,2884.05,77.0,1,0,0,15.0
TXN1000026,retry,2026-02-04 07:19:33,1,1476.35,3.0,2,0,0,2.0
TXN1000026,reminder,2026-02-04 05:53:33,1,1476.35,164.0,1,0,0,1.0
TXN1000026,escalation,2026-02-04 07:08:33,1,1476.35,62.0,1,0,0,15.0
TXN1000028,retry,2026-03-19 07:07:28,1,2727.58,333.0,3,0,0,2.0
TXN1000028,reminder,2026-03-19 08:25:28,1,2727.58,165.0,2,0,0,1.0
TXN1000028,escalation,2026-03-19 08:20:28,1,2727.58,36.0,2,0,0,15.0
TXN1000034,retry,2026-04-09 09:16:57,0,0.0,,4,1,1,2.0
TXN1000034,reminder,2026-04-09 07:59:57,0,0.0,,3,1,0,1.0
TXN1000034,escalation,2026-04-09 08:08:57,0,0.0,,3,1,0,15.0
TXN1000035,retry,2026-04-30 22:22:09,1,1603.29,202.0,3,0,0,2.0
TXN1000035,reminder,2026-04-30 21:54:09,0,0.0,,2,1,0,1.0
TXN1000035,escalation,2026-04-30 21:19:09,0,0.0,,2,1,0,15.0
TXN1000039,retry,2026-03-27 06:12:37,1,2718.13,233.0,2,0,0,2.0
TXN1000039,reminder,2026-03-27 05:05:37,0,0.0,,1,1,0,1.0
TXN1000039,escalation,2026-03-27 04:53:37,1,2718.13,327.0,1,0,0,15.0
TXN1000040,retry,2026-04-27 09:49:17,0,0.0,,5,1,1,2.0
TXN1000040,reminder,2026-04-27 08:26:17,1,30100.03,174.0,4,0,0,1.0
TXN1000040,escalation,2026-04-27 08:50:17,1,30100.03,287.0,4,0,0,15.0
TXN1000041,retry,2026-04-02 03:52:18,0,0.0,,2,1,0,2.0
TXN1000041,reminder,2026-04-02 03:07:18,1,1578.88,157.0,1,0,0,1.0
TXN1000041,escalation,2026-04-02 05:04:18,1,1578.88,282.0,1,0,0,15.0
TXN1000042,retry,2026-03-24 03:52:04,1,2345.74,205.0,2,0,0,2.0
TXN1000042,reminder,2026-03-24 03:25:04,1,2345.74,40.0,1,0,0,1.0
TXN1000042,escalation,2026-03-24 02:42:04,1,2345.74,113.0,1,0,0,15.0
TXN1000043,retry,2026-05-22 19:03:52,0,0.0,,2,1,0,2.0
TXN1000043,reminder,2026-05-22 18:41:52,0,0.0,,1,1,0,1.0
TXN1000043,escalation,2026-05-22 19:14:52,1,13116.75,339.0,1,0,0,15.0
TXN1000045,retry,2026-04-24 23:28:10,1,6580.42,237.0,2,0,0,2.0
TXN1000045,reminder,2026-04-25 01:08:10,1,6580.42,93.0,1,0,0,1.0
TXN1000045,escalation,2026-04-25 02:11:10,0,0.0,,1,1,0,15.0
TXN1000046,retry,2026-02-04 10:22:24,1,25727.23,218.0,3,0,0,2.0
TXN1000046,reminder,2026-02-04 10:31:24,1,25727.23,348.0,2,0,0,1.0
TXN1000046,escalation,2026-02-04 09:59:24,0,0.0,,2,1,0,15.0
TXN1000051,retry,2026-03-06 08:27:48,0,0.0,,3,1,0,2.0
TXN1000051,reminder,2026-03-06 09:34:48,0,0.0,,2,1,0,1.0
TXN1000051,escalation,2026-03-06 09:36:48,1,25767.3,247.0,2,0,0,15.0
TXN1000056,retry,2026-03-22 11:42:08,0,0.0,,2,1,0,2.0
TXN1000056,reminder,2026-03-22 10:59:08,1,1665.11,209.0,1,0,0,1.0
TXN1000056,escalation,2026-03-22 10:24:08,0,0.0,,1,1,0,15.0
TXN1000059,retry,2026-04-12 18:01:56,0,0.0,,2,1,0,2.0
TXN1000059,reminder,2026-04-12 17:13:56,1,677.53,249.0,1,0,0,1.0
TXN1000059,escalation,2026-04-12 17:34:56,0,0.0,,1,1,0,15.0
TXN1000065,retry,2026-01-06 14:36:03,1,5787.08,233.0,2,0,0,2.0
TXN1000065,reminder,2026-01-06 12:59:03,0,0.0,,1,1,0,1.0
TXN1000065,escalation,2026-01-06 12:23:03,1,5787.08,108.0,1,0,0,15.0
TXN1000067,retry,2026-01-15 03:47:59,0,0.0,,2,1,0,2.0
TXN1000067,reminder,2026-01-15 02:41:59,1,7374.69,225.0,1,0,0,1.0
TXN1000067,escalation,2026-01-15 02:12:59,0,0.0,,1,1,0,15.0
TXN1000070,retry,2026-01-05 19:37:49,0,0.0,,3,1,0,2.0
TXN1000070,reminder,2026-01-05 17:10:49,0,0.0,,2,1,0,1.0
TXN1000070,escalation,2026-01-05 19:24:49,0,0.0,,2,1,0,15.0
TXN1000071,retry,2026-04-22 22:58:29,0,0.0,,2,1,0,2.0
TXN1000071,reminder,2026-04-22 23:36:29,0,0.0,,1,1,0,1.0
TXN1000071,escalation,2026-04-22 23:57:29,0,0.0,,1,1,0,15.0
TXN1000072,retry,2026-03-11 04:37:44,0,0.0,,5,1,1,2.0
TXN1000072,reminder,2026-03-11 05:45:44,0,0.0,,4,1,0,1.0
TXN1000072,escalation,2026-03-11 04:31:44,0,0.0,,4,1,0,15.0
TXN1000075,retry,2026-03-19 23:30:19,1,4836.55,268.0,4,0,1,2.0
TXN1000075,reminder,2026-03-20 00:46:19,0,0.0,,3,1,0,1.0
TXN1000075,escalation,2026-03-19 23:39:19,0,0.0,,3,1,0,15.0
TXN1000077,retry,2026-04-13 20:40:09,1,13011.26,78.0,2,0,0,2.0
TXN1000077,reminder,2026-04-13 20:26:09,1,13011.26,325.0,1,0,0,1.0
TXN1000077,escalation,2026-04-13 21:49:09,1,13011.26,118.0,1,0,0,15.0
TXN1000080,retry,2026-05-15 18:02:46,0,0.0,,4,1,1,2.0
TXN1000080,reminder,2026-05-15 17:21:46,0,0.0,,3,1,0,1.0
TXN1000080,escalation,2026-05-15 16:39:46,0,0.0,,3,1,0,15.0
TXN1000081,retry,2026-05-03 20:13:47,1,23330.72,153.0,3,0,0,2.0
TXN1000081,reminder,2026-05-03 20:40:47,0,0.0,,2,1,0,1.0
TXN1000081,escalation,2026-05-03 20:59:47,0,0.0,,2,1,0,15.0
TXN1000082,retry,2026-05-02 15:01:52,0,0.0,,3,1,0,2.0
TXN1000082,reminder,2026-05-02 16:15:52,0,0.0,,2,1,0,1.0
TXN1000082,escalation,2026-05-02 16:17:52,0,0.0,,2,1,0,15.0
TXN1000083,retry,2026-04-09 00:34:44,0,0.0,,2,1,0,2.0
TXN1000083,reminder,2026-04-08 23:02:44,0,0.0,,1,1,0,1.0
TXN1000083,escalation,2026-04-09 00:01:44,0,0.0,,1,1,0,15.0
TXN1000087,retry,2026-04-10 18:16:29,0,0.0,,3,1,0,2.0
TXN1000087,reminder,2026-04-10 18:34:29,0,0.0,,2,1,0,1.0
TXN1000087,escalation,2026-04-10 19:55:29,0,0.0,,2,1,0,15.0
TXN1000088,retry,2026-05-17 07:59:42,1,2099.67,109.0,4,0,1,2.0
TXN1000088,reminder,2026-05-17 07:47:42,1,2099.67,42.0,3,0,0,1.0
TXN1000088,escalation,2026-05-17 07:04:42,1,2099.67,200.0,3,0,0,15.0
TXN1000089,retry,2026-01-21 07:41:48,0,0.0,,3,1,0,2.0
TXN1000089,reminder,2026-01-21 07:20:48,0,0.0,,2,1,0,1.0
TXN1000089,escalation,2026-01-21 08:17:48,1,1999.72,218.0,2,0,0,15.0
TXN1000092,retry,2026-06-29 21:03:05,0,0.0,,3,1,0,2.0
TXN1000092,reminder,2026-06-29 21:41:05,0,0.0,,2,1,0,1.0
TXN1000092,escalation,2026-06-29 20:18:05,0,0.0,,2,1,0,15.0
TXN1000093,retry,2026-02-10 16:27:28,1,2575.03,338.0,2,0,0,2.0
TXN1000093,reminder,2026-02-10 18:51:28,1,2575.03,316.0,1,0,0,1.0
TXN1000093,escalation,2026-02-10 16:57:28,1,2575.03,206.0,1,0,0,15.0
TXN1000096,retry,2026-05-20 18:04:22,1,6504.04,98.0,2,0,0,2.0
TXN1000096,reminder,2026-05-20 17:43:22,1,6504.04,234.0,1,0,0,1.0
TXN1000096,escalation,2026-05-20 16:39:22,1,6504.04,289.0,1,0,0,15.0
TXN1000097,retry,2026-02-03 20:37:07,0,0.0,,2,1,0,2.0
TXN1000097,reminder,2026-02-03 19:32:07,1,4433.41,264.0,1,0,0,1.0
TXN1000097,escalation,2026-02-03 19:35:07,0,0.0,,1,1,0,15.0
TXN1000098,retry,2026-03-24 16:38:40,0,0.0,,4,1,1,2.0
TXN1000098,reminder,2026-03-24 16:56:40,0,0.0,,3,1,0,1.0
TXN1000098,escalation,2026-03-24 17:16:40,0,0.0,,3,1,0,15.0
TXN1000099,retry,2026-03-28 22:44:58,0,0.0,,2,1,0,2.0
TXN1000099,reminder,2026-03-29 00:22:58,1,2832.21,169.0,1,0,0,1.0
TXN1000099,escalation,2026-03-28 22:47:58,0,0.0,,1,1,0,15.0
TXN1000100,retry,2026-06-20 00:45:24,1,19201.99,115.0,3,0,0,2.0
TXN1000100,reminder,2026-06-20 01:41:24,1,19201.99,84.0,2,0,0,1.0
TXN1000100,escalation,2026-06-20 02:37:24,0,0.0,,2,1,0,15.0
TXN1000101,retry,2026-05-09 02:32:39,1,2542.74,271.0,3,0,0,2.0
TXN1000101,reminder,2026-05-09 04:51:39,1,2542.74,160.0,2,0,0,1.0
TXN1000101,escalation,2026-05-09 04:09:39,0,0.0,,2,1,0,15.0
TXN1000102,retry,2026-03-30 11:37:49,1,7208.49,195.0,3,0,0,2.0
TXN1000102,reminder,2026-03-30 10:59:49,1,7208.49,75.0,2,0,0,1.0
TXN1000102,escalation,2026-03-30 12:59:49,1,7208.49,124.0,2,0,0,15.0
TXN1000106,retry,2026-06-01 18:47:45,1,998.79,268.0,4,0,1,2.0
TXN1000106,reminder,2026-06-01 18:38:45,1,998.79,272.0,3,0,0,1.0
TXN1000106,escalation,2026-06-01 16:40:45,0,0.0,,3,1,0,15.0
TXN1000108,retry,2026-02-05 17:04:16,1,14988.85,52.0,2,0,0,2.0
TXN1000108,reminder,2026-02-05 15:31:16,1,14988.85,103.0,1,0,0,1.0
TXN1000108,escalation,2026-02-05 15:34:16,1,14988.85,137.0,1,0,0,15.0
TXN1000110,retry,2026-01-18 01:47:24,1,2312.47,243.0,3,0,0,2.0
TXN1000110,reminder,2026-01-18 02:07:24,1,2312.47,75.0,2,0,0,1.0
TXN1000110,escalation,2026-01-18 01:59:24,0,0.0,,2,1,0,15.0
TXN1000114,retry,2026-06-29 08:52:23,1,416.63,298.0,3,0,0,2.0
TXN1000114,reminder,2026-06-29 08:18:23,0,0.0,,2,1,0,1.0
TXN1000114,escalation,2026-06-29 08:15:23,1,416.63,327.0,2,0,1,15.0
TXN1000117,retry,2026-03-22 06:11:02,1,9736.94,86.0,2,0,0,2.0
TXN1000117,reminder,2026-03-22 04:57:02,1,9736.94,275.0,1,0,0,1.0
TXN1000117,escalation,2026-03-22 03:36:02,1,9736.94,149.0,1,0,0,15.0
TXN1000118,retry,2026-05-29 11:19:05,1,5365.29,223.0,3,0,0,2.0
TXN1000118,reminder,2026-05-29 13:17:05,1,5365.29,79.0,2,0,0,1.0
TXN1000118,escalation,2026-05-29 12:21:05,0,0.0,,2,1,0,15.0
TXN1000119,retry,2026-04-14 00:43:54,1,10909.37,211.0,2,0,0,2.0
TXN1000119,reminder,2026-04-14 00:00:54,1,10909.37,206.0,1,0,0,1.0
TXN1000119,escalation,2026-04-14 01:14:54,1,10909.37,291.0,1,0,0,15.0
TXN1000120,retry,2026-04-01 19:32:58,1,3852.73,144.0,2,0,0,2.0
TXN1000120,reminder,2026-04-01 21:17:58,1,3852.73,232.0,1,0,0,1.0
TXN1000120,escalation,2026-04-01 18:42:58,1,3852.73,113.0,1,0,0,15.0
TXN1000121,retry,2026-04-10 08:59:14,1,8890.68,119.0,3,0,0,2.0
TXN1000121,reminder,2026-04-10 10:06:14,1,8890.68,204.0,2,0,0,1.0
TXN1000121,escalation,2026-04-10 08:10:14,0,0.0,,2,1,0,15.0
TXN1000127,retry,2026-04-07 01:41:24,1,7870.05,171.0,2,0,0,2.0
TXN1000127,reminder,2026-04-07 03:18:24,1,7870.05,214.0,1,0,0,1.0
TXN1000127,escalation,2026-04-07 02:18:24,1,7870.05,182.0,1,0,0,15.0
TXN1000128,retry,2026-06-27 11:34:43,0,0.0,,5,1,1,2.0
TXN1000128,reminder,2026-06-27 10:15:43,1,3731.77,127.0,4,0,0,1.0
TXN1000128,escalation,2026-06-27 12:13:43,0,0.0,,4,1,0,15.0
TXN1000130,retry,2026-05-27 12:00:49,1,40959.38,142.0,2,0,0,2.0
TXN1000130,reminder,2026-05-27 11:46:49,1,40959.38,336.0,1,0,0,1.0
TXN1000130,escalation,2026-05-27 12:47:49,0,0.0,,1,1,0,15.0
TXN1000134,retry,2026-05-04 21:51:05,1,1741.94,86.0,3,0,0,2.0
TXN1000134,reminder,2026-05-04 20:43:05,1,1741.94,131.0,2,0,0,1.0
TXN1000134,escalation,2026-05-04 21:28:05,1,1741.94,284.0,2,0,0,15.0
TXN1000135,retry,2026-06-19 18:25:17,1,1833.22,60.0,3,0,0,2.0
TXN1000135,reminder,2026-06-19 18:19:17,0,0.0,,2,1,0,1.0
TXN1000135,escalation,2026-06-19 18:08:17,1,1833.22,278.0,2,0,0,15.0
TXN1000137,retry,2026-03-05 13:33:26,0,0.0,,3,1,0,2.0
TXN1000137,reminder,2026-03-05 13:32:26,0,0.0,,2,1,0,1.0
TXN1000137,escalation,2026-03-05 13:51:26,0,0.0,,2,1,0,15.0
TXN1000138,retry,2026-02-05 21:01:52,0,0.0,,5,1,1,2.0
TXN1000138,reminder,2026-02-05 19:33:52,0,0.0,,4,1,0,1.0
TXN1000138,escalation,2026-02-05 21:44:52,1,4224.03,208.0,4,0,0,15.0
TXN1000140,retry,2026-05-15 21:46:44,1,2322.56,85.0,3,0,0,2.0
TXN1000140,reminder,2026-05-15 21:24:44,0,0.0,,2,1,0,1.0
TXN1000140,escalation,2026-05-15 21:34:44,1,2322.56,152.0,2,0,0,15.0
TXN1000145,retry,2026-04-02 03:00:17,0,0.0,,4,1,1,2.0
TXN1000145,reminder,2026-04-02 02:23:17,1,3294.98,359.0,3,0,0,1.0
TXN1000145,escalation,2026-04-02 03:56:17,0,0.0,,3,1,0,15.0
TXN1000149,retry,2026-01-31 11:17:59,0,0.0,,3,1,0,2.0
TXN1000149,reminder,2026-01-31 09:36:59,0,0.0,,2,1,0,1.0
TXN1000149,escalation,2026-01-31 09:45:59,1,398.31,122.0,2,0,1,15.0
TXN1000151,retry,2026-02-21 21:08:18,1,72005.52,110.0,3,0,0,2.0
TXN1000151,reminder,2026-02-21 21:44:18,1,72005.52,280.0,2,0,0,1.0
TXN1000151,escalation,2026-02-21 20:56:18,0,0.0,,2,1,0,15.0
TXN1000155,retry,2026-04-27 09:47:13,1,2956.83,261.0,2,0,0,2.0
TXN1000155,reminder,2026-04-27 08:25:13,1,2956.83,168.0,1,0,0,1.0
TXN1000155,escalation,2026-04-27 08:13:13,1,2956.83,124.0,1,0,0,15.0
TXN1000162,retry,2026-04-14 08:51:27,1,24379.08,67.0,4,0,1,2.0
TXN1000162,reminder,2026-04-14 10:22:27,0,0.0,,3,1,0,1.0
TXN1000162,escalation,2026-04-14 11:05:27,1,24379.08,159.0,3,0,0,15.0
TXN1000163,retry,2026-03-23 21:01:56,1,4485.15,104.0,2,0,0,2.0
TXN1000163,reminder,2026-03-23 22:00:56,1,4485.15,202.0,1,0,0,1.0
TXN1000163,escalation,2026-03-23 23:09:56,1,4485.15,356.0,1,0,0,15.0
TXN1000167,retry,2026-01-05 15:59:22,0,0.0,,2,1,0,2.0
TXN1000167,reminder,2026-01-05 13:53:22,1,16745.69,290.0,1,0,0,1.0
TXN1000167,escalation,2026-01-05 16:02:22,0,0.0,,1,1,0,15.0
TXN1000170,retry,2026-03-01 17:55:20,1,10981.94,205.0,2,0,0,2.0
TXN1000170,reminder,2026-03-01 15:41:20,1,10981.94,143.0,1,0,0,1.0
TXN1000170,escalation,2026-03-01 16:59:20,1,10981.94,263.0,1,0,0,15.0
TXN1000173,retry,2026-04-25 16:29:08,1,2972.14,250.0,4,0,1,2.0
TXN1000173,reminder,2026-04-25 14:54:08,1,2972.14,124.0,3,0,0,1.0
TXN1000173,escalation,2026-04-25 13:58:08,0,0.0,,3,1,0,15.0
TXN1000176,retry,2026-02-12 05:17:03,1,3266.34,20.0,3,0,0,2.0
TXN1000176,reminder,2026-02-12 05:09:03,0,0.0,,2,1,0,1.0
TXN1000176,escalation,2026-02-12 04:28:03,1,3266.34,43.0,2,0,0,15.0
TXN1000179,retry,2026-05-02 13:39:15,1,1495.59,170.0,4,0,1,2.0
TXN1000179,reminder,2026-05-02 14:16:15,1,1495.59,261.0,3,0,0,1.0
TXN1000179,escalation,2026-05-02 14:56:15,1,1495.59,65.0,3,0,0,15.0
TXN1000180,retry,2026-02-22 17:19:34,0,0.0,,3,1,0,2.0
TXN1000180,reminder,2026-02-22 17:17:34,0,0.0,,2,1,0,1.0
TXN1000180,escalation,2026-02-22 17:10:34,0,0.0,,2,1,0,15.0
TXN1000181,retry,2026-05-07 20:18:30,0,0.0,,2,1,0,2.0
TXN1000181,reminder,2026-05-07 20:20:30,0,0.0,,1,1,0,1.0
TXN1000181,escalation,2026-05-07 19:52:30,0,0.0,,1,1,0,15.0
TXN1000184,retry,2026-01-19 03:43:56,0,0.0,,2,1,0,2.0
TXN1000184,reminder,2026-01-19 05:02:56,0,0.0,,1,1,0,1.0
TXN1000184,escalation,2026-01-19 06:28:56,1,37537.18,107.0,1,0,0,15.0
TXN1000185,retry,2026-02-02 07:56:29,0,0.0,,5,1,1,2.0
TXN1000185,reminder,2026-02-02 07:33:29,0,0.0,,4,1,0,1.0
TXN1000185,escalation,2026-02-02 08:00:29,1,1567.84,340.0,4,0,0,15.0
TXN1000187,retry,2026-02-01 00:53:22,0,0.0,,2,1,0,2.0
TXN1000187,reminder,2026-02-01 00:06:22,0,0.0,,1,1,0,1.0
TXN1000187,escalation,2026-02-01 01:07:22,0,0.0,,1,1,0,15.0
TXN1000189,retry,2026-03-17 17:18:45,0,0.0,,2,1,0,2.0
TXN1000189,reminder,2026-03-17 16:23:45,1,2764.55,264.0,1,0,0,1.0
TXN1000189,escalation,2026-03-17 18:12:45,0,0.0,,1,1,0,15.0
TXN1000190,retry,2026-05-05 06:20:01,1,3166.04,292.0,2,0,0,2.0
TXN1000190,reminder,2026-05-05 07:22:01,0,0.0,,1,1,0,1.0
TXN1000190,escalation,2026-05-05 07:14:01,1,3166.04,270.0,1,0,0,15.0
TXN1000191,retry,2026-05-02 14:04:55,0,0.0,,2,1,0,2.0
TXN1000191,reminder,2026-05-02 13:56:55,1,2407.16,107.0,1,0,0,1.0
TXN1000191,escalation,2026-05-02 13:33:55,0,0.0,,1,1,0,15.0
TXN1000193,retry,2026-04-10 01:42:23,1,332.69,193.0,2,0,0,2.0
TXN1000193,reminder,2026-04-10 00:32:23,1,332.69,224.0,1,0,0,1.0
TXN1000193,escalation,2026-04-10 01:36:23,1,332.69,92.0,1,0,1,15.0
TXN1000197,retry,2026-01-10 14:02:29,0,0.0,,2,1,0,2.0
TXN1000197,reminder,2026-01-10 15:00:29,0,0.0,,1,1,0,1.0
TXN1000197,escalation,2026-01-10 15:36:29,0,0.0,,1,1,0,15.0
TXN1000198,retry,2026-02-24 16:00:31,0,0.0,,3,1,0,2.0
TXN1000198,reminder,2026-02-24 15:02:31,0,0.0,,2,1,0,1.0
TXN1000198,escalation,2026-02-24 14:32:31,1,6874.05,36.0,2,0,0,15.0
TXN1000204,retry,2026-05-12 09:24:45,0,0.0,,2,1,0,2.0
TXN1000204,reminder,2026-05-12 08:25:45,0,0.0,,1,1,0,1.0
TXN1000204,escalation,2026-05-12 08:53:45,0,0.0,,1,1,0,15.0
TXN1000210,retry,2026-06-11 02:03:28,0,0.0,,4,1,1,2.0
TXN1000210,reminder,2026-06-11 03:22:28,0,0.0,,3,1,0,1.0
TXN1000210,escalation,2026-06-11 01:34:28,1,1975.62,116.0,3,0,0,15.0
TXN1000215,retry,2026-01-12 16:47:02,1,7870.68,159.0,4,0,1,2.0
TXN1000215,reminder,2026-01-12 16:29:02,0,0.0,,3,1,0,1.0
TXN1000215,escalation,2026-01-12 17:02:02,1,7870.68,181.0,3,0,0,15.0
TXN1000216,retry,2026-03-08 17:05:33,0,0.0,,2,1,0,2.0
TXN1000216,reminder,2026-03-08 18:04:33,1,3129.11,347.0,1,0,0,1.0
TXN1000216,escalation,2026-03-08 19:23:33,0,0.0,,1,1,0,15.0
TXN1000217,retry,2026-01-04 01:08:54,1,11159.72,50.0,3,0,0,2.0
TXN1000217,reminder,2026-01-04 00:55:54,1,11159.72,63.0,2,0,0,1.0
TXN1000217,escalation,2026-01-04 01:37:54,1,11159.72,138.0,2,0,0,15.0
TXN1000221,retry,2026-06-23 17:35:53,0,0.0,,4,1,1,2.0
TXN1000221,reminder,2026-06-23 16:28:53,0,0.0,,3,1,0,1.0
TXN1000221,escalation,2026-06-23 16:23:53,0,0.0,,3,1,0,15.0
TXN1000223,retry,2026-01-28 02:25:18,0,0.0,,3,1,0,2.0
TXN1000223,reminder,2026-01-27 23:59:18,0,0.0,,2,1,0,1.0
TXN1000223,escalation,2026-01-28 01:27:18,1,2069.95,160.0,2,0,0,15.0
TXN1000224,retry,2026-02-02 14:47:42,1,34417.03,184.0,4,0,1,2.0
TXN1000224,reminder,2026-02-02 12:43:42,0,0.0,,3,1,0,1.0
TXN1000224,escalation,2026-02-02 13:50:42,1,34417.03,236.0,3,0,0,15.0
TXN1000225,retry,2026-06-20 09:29:36,1,2580.57,101.0,3,0,0,2.0
TXN1000225,reminder,2026-06-20 09:43:36,0,0.0,,2,1,0,1.0
TXN1000225,escalation,2026-06-20 07:41:36,1,2580.57,257.0,2,0,0,15.0
TXN1000227,retry,2026-02-17 12:45:18,0,0.0,,2,1,0,2.0
TXN1000227,reminder,2026-02-17 11:55:18,0,0.0,,1,1,0,1.0
TXN1000227,escalation,2026-02-17 13:06:18,1,2773.99,341.0,1,0,0,15.0
TXN1000229,retry,2026-04-27 02:50:28,1,4633.01,2.0,2,0,0,2.0
TXN1000229,reminder,2026-04-27 02:15:28,0,0.0,,1,1,0,1.0
TXN1000229,escalation,2026-04-27 03:05:28,0,0.0,,1,1,0,15.0
TXN1000231,retry,2026-03-10 08:52:43,0,0.0,,3,1,0,2.0
TXN1000231,reminder,2026-03-10 10:28:43,0,0.0,,2,1,0,1.0
TXN1000231,escalation,2026-03-10 09:38:43,0,0.0,,2,1,0,15.0
TXN1000233,retry,2026-04-22 09:44:29,0,0.0,,2,1,0,2.0
TXN1000233,reminder,2026-04-22 10:25:29,1,7295.53,171.0,1,0,0,1.0
TXN1000233,escalation,2026-04-22 10:02:29,1,7295.53,209.0,1,0,0,15.0
TXN1000239,retry,2026-06-06 10:30:36,1,10175.63,42.0,2,0,0,2.0
TXN1000239,reminder,2026-06-06 12:34:36,0,0.0,,1,1,0,1.0
TXN1000239,escalation,2026-06-06 11:11:36,1,10175.63,13.0,1,0,0,15.0
TXN1000241,retry,2026-02-17 16:40:16,0,0.0,,3,1,0,2.0
TXN1000241,reminder,2026-02-17 17:58:16,0,0.0,,2,1,0,1.0
TXN1000241,escalation,2026-02-17 15:33:16,0,0.0,,2,1,0,15.0
TXN1000243,retry,2026-05-20 21:10:26,1,15438.71,89.0,3,0,0,2.0
TXN1000243,reminder,2026-05-20 21:01:26,0,0.0,,2,1,0,1.0
TXN1000243,escalation,2026-05-20 21:14:26,0,0.0,,2,1,0,15.0
TXN1000244,retry,2026-01-15 16:35:58,1,4267.24,339.0,2,0,0,2.0
TXN1000244,reminder,2026-01-15 16:50:58,1,4267.24,139.0,1,0,0,1.0
TXN1000244,escalation,2026-01-15 15:04:58,1,4267.24,88.0,1,0,0,15.0
TXN1000246,retry,2026-05-01 11:47:21,1,5975.97,174.0,3,0,0,2.0
TXN1000246,reminder,2026-05-01 12:28:21,0,0.0,,2,1,0,1.0
TXN1000246,escalation,2026-05-01 13:21:21,1,5975.97,241.0,2,0,0,15.0
TXN1000247,retry,2026-02-02 11:45:39,0,0.0,,2,1,0,2.0
TXN1000247,reminder,2026-02-02 14:02:39,0,0.0,,1,1,0,1.0
TXN1000247,escalation,2026-02-02 12:12:39,0,0.0,,1,1,0,15.0
TXN1000250,retry,2026-02-26 15:42:11,1,2766.38,219.0,2,0,0,2.0
TXN1000250,reminder,2026-02-26 16:52:11,1,2766.38,203.0,1,0,0,1.0
TXN1000250,escalation,2026-02-26 16:50:11,1,2766.38,267.0,1,0,0,15.0
TXN1000251,retry,2026-03-04 17:19:53,0,0.0,,2,1,0,2.0
TXN1000251,reminder,2026-03-04 18:15:53,0,0.0,,1,1,0,1.0
TXN1000251,escalation,2026-03-04 16:21:53,1,1442.24,97.0,1,0,0,15.0
TXN1000257,retry,2026-03-13 19:46:03,1,906.32,224.0,2,0,0,2.0
TXN1000257,reminder,2026-03-13 20:32:03,0,0.0,,1,1,0,1.0
TXN1000257,escalation,2026-03-13 20:23:03,1,906.32,78.0,1,0,0,15.0
TXN1000258,retry,2026-03-26 04:42:48,0,0.0,,2,1,0,2.0
TXN1000258,reminder,2026-03-26 03:10:48,1,4327.13,116.0,1,0,0,1.0
TXN1000258,escalation,2026-03-26 02:27:48,1,4327.13,356.0,1,0,0,15.0
TXN1000262,retry,2026-04-20 10:00:08,1,2517.19,191.0,2,0,0,2.0
TXN1000262,reminder,2026-04-20 08:43:08,0,0.0,,1,1,0,1.0
TXN1000262,escalation,2026-04-20 08:45:08,1,2517.19,36.0,1,0,0,15.0
TXN1000263,retry,2026-06-06 04:30:06,0,0.0,,2,1,0,2.0
TXN1000263,reminder,2026-06-06 02:52:06,0,0.0,,1,1,0,1.0
TXN1000263,escalation,2026-06-06 04:48:06,1,7608.1,18.0,1,0,0,15.0
TXN1000264,retry,2026-04-22 13:06:43,1,1317.58,327.0,2,0,0,2.0
TXN1000264,reminder,2026-04-22 13:33:43,0,0.0,,1,1,0,1.0
TXN1000264,escalation,2026-04-22 13:33:43,1,1317.58,270.0,1,0,0,15.0
TXN1000265,retry,2026-05-12 11:15:18,0,0.0,,3,1,0,2.0
TXN1000265,reminder,2026-05-12 12:23:18,0,0.0,,2,1,0,1.0
TXN1000265,escalation,2026-05-12 12:21:18,1,2280.05,137.0,2,0,0,15.0
TXN1000268,retry,2026-02-26 17:56:09,0,0.0,,2,1,0,2.0
TXN1000268,reminder,2026-02-26 18:16:09,1,4014.72,260.0,1,0,0,1.0
TXN1000268,escalation,2026-02-26 19:25:09,0,0.0,,1,1,0,15.0
TXN1000269,retry,2026-04-21 23:07:12,0,0.0,,3,1,0,2.0
TXN1000269,reminder,2026-04-21 22:17:12,1,4282.65,266.0,2,0,0,1.0
TXN1000269,escalation,2026-04-21 21:53:12,1,4282.65,161.0,2,0,0,15.0
TXN1000270,retry,2026-02-16 05:10:46,0,0.0,,4,1,1,2.0
TXN1000270,reminder,2026-02-16 02:53:46,0,0.0,,3,1,0,1.0
TXN1000270,escalation,2026-02-16 04:31:46,0,0.0,,3,1,0,15.0
TXN1000271,retry,2026-03-19 14:48:54,0,0.0,,3,1,0,2.0
TXN1000271,reminder,2026-03-19 14:01:54,1,1991.57,63.0,2,0,0,1.0
TXN1000271,escalation,2026-03-19 13:03:54,0,0.0,,2,1,0,15.0
TXN1000274,retry,2026-02-24 15:17:27,1,8036.01,223.0,2,0,0,2.0
TXN1000274,reminder,2026-02-24 14:38:27,1,8036.01,52.0,1,0,0,1.0
TXN1000274,escalation,2026-02-24 15:17:27,0,0.0,,1,1,0,15.0
TXN1000277,retry,2026-03-05 16:07:07,0,0.0,,3,1,0,2.0
TXN1000277,reminder,2026-03-05 14:53:07,1,12051.98,35.0,2,0,0,1.0
TXN1000277,escalation,2026-03-05 16:04:07,0,0.0,,2,1,0,15.0
TXN1000279,retry,2026-06-01 14:49:00,0,0.0,,4,1,1,2.0
TXN1000279,reminder,2026-06-01 16:25:00,1,1811.23,221.0,3,0,0,1.0
TXN1000279,escalation,2026-06-01 16:01:00,0,0.0,,3,1,0,15.0
TXN1000281,retry,2026-05-21 05:39:51,0,0.0,,3,1,0,2.0
TXN1000281,reminder,2026-05-21 05:34:51,1,3617.16,295.0,2,0,0,1.0
TXN1000281,escalation,2026-05-21 06:39:51,1,3617.16,91.0,2,0,0,15.0
TXN1000282,retry,2026-05-12 07:15:08,1,5299.65,222.0,2,0,0,2.0
TXN1000282,reminder,2026-05-12 06:46:08,1,5299.65,100.0,1,0,0,1.0
TXN1000282,escalation,2026-05-12 06:57:08,1,5299.65,155.0,1,0,0,15.0
TXN1000284,retry,2026-04-19 21:18:50,1,1269.26,293.0,3,0,0,2.0
TXN1000284,reminder,2026-04-19 22:09:50,0,0.0,,2,1,0,1.0
TXN1000284,escalation,2026-04-19 20:23:50,0,0.0,,2,1,0,15.0
TXN1000285,retry,2026-01-07 11:37:18,0,0.0,,4,1,1,2.0
TXN1000285,reminder,2026-01-07 09:43:18,0,0.0,,3,1,0,1.0
TXN1000285,escalation,2026-01-07 10:47:18,1,542.71,181.0,3,0,0,15.0
TXN1000286,retry,2026-01-04 21:34:55,0,0.0,,2,1,0,2.0
TXN1000286,reminder,2026-01-04 20:32:55,0,0.0,,1,1,0,1.0
TXN1000286,escalation,2026-01-04 20:41:55,1,3442.59,137.0,1,0,0,15.0
TXN1000287,retry,2026-05-31 04:29:40,1,2327.64,210.0,2,0,0,2.0
TXN1000287,reminder,2026-05-31 02:06:40,1,2327.64,241.0,1,0,0,1.0
TXN1000287,escalation,2026-05-31 01:33:40,1,2327.64,92.0,1,0,0,15.0
TXN1000291,retry,2026-06-07 11:11:18,1,15271.79,123.0,2,0,0,2.0
TXN1000291,reminder,2026-06-07 10:29:18,1,15271.79,180.0,1,0,0,1.0
TXN1000291,escalation,2026-06-07 09:32:18,0,0.0,,1,1,0,15.0
TXN1000294,retry,2026-01-31 02:56:19,1,3655.18,40.0,2,0,0,2.0
TXN1000294,reminder,2026-01-31 02:01:19,0,0.0,,1,1,0,1.0
TXN1000294,escalation,2026-01-31 01:40:19,1,3655.18,163.0,1,0,0,15.0
TXN1000295,retry,2026-04-27 20:15:35,0,0.0,,2,1,0,2.0
TXN1000295,reminder,2026-04-27 21:21:35,1,13064.67,98.0,1,0,0,1.0
TXN1000295,escalation,2026-04-27 20:06:35,1,13064.67,73.0,1,0,0,15.0
TXN1000296,retry,2026-06-07 12:07:58,1,1193.57,282.0,3,0,0,2.0
TXN1000296,reminder,2026-06-07 10:55:58,0,0.0,,2,1,0,1.0
TXN1000296,escalation,2026-06-07 11:44:58,0,0.0,,2,1,0,15.0
TXN1000298,retry,2026-01-28 09:16:22,0,0.0,,4,1,1,2.0
TXN1000298,reminder,2026-01-28 10:21:22,0,0.0,,3,1,0,1.0
TXN1000298,escalation,2026-01-28 10:15:22,0,0.0,,3,1,0,15.0
TXN1000299,retry,2026-05-11 03:09:49,0,0.0,,2,1,0,2.0
TXN1000299,reminder,2026-05-11 04:53:49,1,3998.29,197.0,1,0,0,1.0
TXN1000299,escalation,2026-05-11 05:06:49,1,3998.29,351.0,1,0,0,15.0
TXN1000302,retry,2026-03-11 14:46:40,1,13310.13,221.0,2,0,0,2.0
TXN1000302,reminder,2026-03-11 16:51:40,1,13310.13,319.0,1,0,0,1.0
TXN1000302,escalation,2026-03-11 17:19:40,1,13310.13,63.0,1,0,0,15.0
TXN1000304,retry,2026-06-27 01:42:56,1,825.66,293.0,3,0,0,2.0
TXN1000304,reminder,2026-06-27 00:54:56,0,0.0,,2,1,0,1.0
TXN1000304,escalation,2026-06-27 01:46:56,1,825.66,178.0,2,0,0,15.0
TXN1000308,retry,2026-04-15 16:33:12,0,0.0,,2,1,0,2.0
TXN1000308,reminder,2026-04-15 18:55:12,1,18230.68,79.0,1,0,0,1.0
TXN1000308,escalation,2026-04-15 18:27:12,1,18230.68,156.0,1,0,0,15.0
TXN1000309,retry,2026-03-28 21:54:04,1,479.5,96.0,2,0,0,2.0
TXN1000309,reminder,2026-03-28 19:43:04,1,479.5,37.0,1,0,0,1.0
TXN1000309,escalation,2026-03-28 21:51:04,1,479.5,312.0,1,0,1,15.0
TXN1000310,retry,2026-01-04 15:14:53,0,0.0,,2,1,0,2.0
TXN1000310,reminder,2026-01-04 13:24:53,1,3008.42,354.0,1,0,0,1.0
TXN1000310,escalation,2026-01-04 14:58:53,1,3008.42,147.0,1,0,0,15.0
TXN1000312,retry,2026-05-06 15:48:14,1,1230.51,82.0,2,0,0,2.0
TXN1000312,reminder,2026-05-06 16:21:14,1,1230.51,293.0,1,0,0,1.0
TXN1000312,escalation,2026-05-06 14:39:14,1,1230.51,99.0,1,0,0,15.0
TXN1000315,retry,2026-01-13 00:19:28,0,0.0,,2,1,0,2.0
TXN1000315,reminder,2026-01-13 00:26:28,1,6087.55,27.0,1,0,0,1.0
TXN1000315,escalation,2026-01-13 00:42:28,1,6087.55,350.0,1,0,0,15.0
TXN1000319,retry,2026-01-10 09:00:59,1,7614.56,159.0,3,0,0,2.0
TXN1000319,reminder,2026-01-10 09:50:59,0,0.0,,2,1,0,1.0
TXN1000319,escalation,2026-01-10 09:49:59,0,0.0,,2,1,0,15.0
TXN1000320,retry,2026-04-28 15:02:13,1,933.76,210.0,4,0,1,2.0
TXN1000320,reminder,2026-04-28 15:23:13,0,0.0,,3,1,0,1.0
TXN1000320,escalation,2026-04-28 16:14:13,0,0.0,,3,1,0,15.0
TXN1000321,retry,2026-04-27 03:37:01,1,2105.89,307.0,2,0,0,2.0
TXN1000321,reminder,2026-04-27 02:55:01,1,2105.89,159.0,1,0,0,1.0
TXN1000321,escalation,2026-04-27 03:20:01,0,0.0,,1,1,0,15.0
TXN1000325,retry,2026-05-03 07:22:16,1,2005.49,80.0,2,0,0,2.0
TXN1000325,reminder,2026-05-03 06:39:16,1,2005.49,298.0,1,0,0,1.0
TXN1000325,escalation,2026-05-03 06:20:16,1,2005.49,251.0,1,0,0,15.0
TXN1000330,retry,2026-01-06 02:29:17,1,10987.14,33.0,2,0,0,2.0
TXN1000330,reminder,2026-01-06 01:50:17,0,0.0,,1,1,0,1.0
TXN1000330,escalation,2026-01-06 04:28:17,1,10987.14,187.0,1,0,0,15.0
TXN1000332,retry,2026-03-27 19:23:07,1,15054.32,138.0,2,0,0,2.0
TXN1000332,reminder,2026-03-27 18:52:07,1,15054.32,199.0,1,0,0,1.0
TXN1000332,escalation,2026-03-27 19:26:07,1,15054.32,11.0,1,0,0,15.0
TXN1000335,retry,2026-01-03 03:24:17,0,0.0,,4,1,1,2.0
TXN1000335,reminder,2026-01-03 04:22:17,0,0.0,,3,1,0,1.0
TXN1000335,escalation,2026-01-03 03:01:17,0,0.0,,3,1,0,15.0
TXN1000336,retry,2026-06-16 04:24:25,1,2630.68,272.0,2,0,0,2.0
TXN1000336,reminder,2026-06-16 04:09:25,0,0.0,,1,1,0,1.0
TXN1000336,escalation,2026-06-16 04:49:25,1,2630.68,28.0,1,0,0,15.0
TXN1000338,retry,2026-05-28 05:22:11,1,6161.73,267.0,3,0,0,2.0
TXN1000338,reminder,2026-05-28 06:57:11,0,0.0,,2,1,0,1.0
TXN1000338,escalation,2026-05-28 05:51:11,1,6161.73,44.0,2,0,0,15.0
TXN1000339,retry,2026-02-05 03:02:44,1,8433.44,301.0,2,0,0,2.0
TXN1000339,reminder,2026-02-05 04:08:44,0,0.0,,1,1,0,1.0
TXN1000339,escalation,2026-02-05 02:21:44,1,8433.44,113.0,1,0,0,15.0
TXN1000340,retry,2026-06-06 02:05:08,0,0.0,,4,1,1,2.0
TXN1000340,reminder,2026-06-06 01:58:08,0,0.0,,3,1,0,1.0
TXN1000340,escalation,2026-06-06 04:36:08,1,1770.47,343.0,3,0,0,15.0
TXN1000341,retry,2026-03-31 13:28:13,0,0.0,,2,1,0,2.0
TXN1000341,reminder,2026-03-31 12:19:13,0,0.0,,1,1,0,1.0
TXN1000341,escalation,2026-03-31 12:30:13,1,4041.71,21.0,1,0,0,15.0
TXN1000342,retry,2026-04-29 07:54:56,1,3506.56,345.0,2,0,0,2.0
TXN1000342,reminder,2026-04-29 07:57:56,0,0.0,,1,1,0,1.0
TXN1000342,escalation,2026-04-29 08:08:56,1,3506.56,24.0,1,0,0,15.0
TXN1000347,retry,2026-05-23 08:33:58,0,0.0,,3,1,0,2.0
TXN1000347,reminder,2026-05-23 08:05:58,0,0.0,,2,1,0,1.0
TXN1000347,escalation,2026-05-23 08:31:58,0,0.0,,2,1,0,15.0
TXN1000348,retry,2026-02-04 23:49:19,0,0.0,,4,1,1,2.0
TXN1000348,reminder,2026-02-04 22:35:19,0,0.0,,3,1,0,1.0
TXN1000348,escalation,2026-02-04 23:30:19,0,0.0,,3,1,0,15.0
TXN1000350,retry,2026-02-03 21:27:30,0,0.0,,4,1,1,2.0
TXN1000350,reminder,2026-02-04 00:03:30,1,1973.9,339.0,3,0,0,1.0
TXN1000350,escalation,2026-02-03 22:33:30,1,1973.9,5.0,3,0,0,15.0
TXN1000351,retry,2026-04-11 22:10:48,1,1354.44,295.0,2,0,0,2.0
TXN1000351,reminder,2026-04-11 22:36:48,1,1354.44,121.0,1,0,0,1.0
TXN1000351,escalation,2026-04-11 23:33:48,0,0.0,,1,1,0,15.0
TXN1000355,retry,2026-02-12 13:11:34,1,1358.3,125.0,2,0,0,2.0
TXN1000355,reminder,2026-02-12 13:02:34,1,1358.3,130.0,1,0,0,1.0
TXN1000355,escalation,2026-02-12 14:28:34,1,1358.3,55.0,1,0,0,15.0
TXN1000357,retry,2026-05-15 13:22:37,1,6468.9,299.0,2,0,0,2.0
TXN1000357,reminder,2026-05-15 13:21:37,0,0.0,,1,1,0,1.0
TXN1000357,escalation,2026-05-15 14:06:37,0,0.0,,1,1,0,15.0
TXN1000358,retry,2026-06-13 17:16:33,1,6445.66,153.0,3,0,0,2.0
TXN1000358,reminder,2026-06-13 17:49:33,1,6445.66,123.0,2,0,0,1.0
TXN1000358,escalation,2026-06-13 17:22:33,1,6445.66,100.0,2,0,0,15.0
TXN1000359,retry,2026-02-22 06:16:05,1,3558.71,257.0,2,0,0,2.0
TXN1000359,reminder,2026-02-22 07:01:05,0,0.0,,1,1,0,1.0
TXN1000359,escalation,2026-02-22 07:07:05,1,3558.71,148.0,1,0,0,15.0
TXN1000360,retry,2026-02-15 20:04:10,0,0.0,,2,1,0,2.0
TXN1000360,reminder,2026-02-15 20:47:10,0,0.0,,1,1,0,1.0
TXN1000360,escalation,2026-02-15 20:11:10,1,12083.63,335.0,1,0,0,15.0
TXN1000364,retry,2026-03-14 10:00:03,1,6704.24,164.0,2,0,0,2.0
TXN1000364,reminder,2026-03-14 12:36:03,0,0.0,,1,1,0,1.0
TXN1000364,escalation,2026-03-14 11:00:03,1,6704.24,238.0,1,0,0,15.0
TXN1000367,retry,2026-03-11 18:42:55,1,78913.44,344.0,3,0,0,2.0
TXN1000367,reminder,2026-03-11 19:42:55,0,0.0,,2,1,0,1.0
TXN1000367,escalation,2026-03-11 19:20:55,0,0.0,,2,1,0,15.0
TXN1000369,retry,2026-04-06 21:24:04,1,6618.37,193.0,2,0,0,2.0
TXN1000369,reminder,2026-04-06 20:30:04,1,6618.37,182.0,1,0,0,1.0
TXN1000369,escalation,2026-04-06 20:46:04,0,0.0,,1,1,0,15.0
TXN1000373,retry,2026-04-25 03:49:06,1,10275.55,199.0,3,0,0,2.0
TXN1000373,reminder,2026-04-25 06:07:06,0,0.0,,2,1,0,1.0
TXN1000373,escalation,2026-04-25 05:43:06,1,10275.55,58.0,2,0,0,15.0
TXN1000376,retry,2026-01-20 06:51:37,1,7477.71,100.0,2,0,0,2.0
TXN1000376,reminder,2026-01-20 07:59:37,1,7477.71,298.0,1,0,0,1.0
TXN1000376,escalation,2026-01-20 06:49:37,0,0.0,,1,1,0,15.0
TXN1000380,retry,2026-02-06 09:48:55,1,8666.16,101.0,2,0,0,2.0
TXN1000380,reminder,2026-02-06 08:33:55,1,8666.16,253.0,1,0,0,1.0
TXN1000380,escalation,2026-02-06 09:28:55,1,8666.16,127.0,1,0,0,15.0
TXN1000381,retry,2026-02-01 00:24:51,1,2790.32,72.0,2,0,0,2.0
TXN1000381,reminder,2026-01-31 23:49:51,1,2790.32,296.0,1,0,0,1.0
TXN1000381,escalation,2026-02-01 02:29:51,1,2790.32,50.0,1,0,0,15.0
TXN1000383,retry,2026-05-09 18:58:14,1,7775.9,153.0,3,0,0,2.0
TXN1000383,reminder,2026-05-09 19:35:14,0,0.0,,2,1,0,1.0
TXN1000383,escalation,2026-05-09 21:15:14,0,0.0,,2,1,0,15.0
TXN1000387,retry,2026-01-17 08:07:50,1,1880.2,330.0,2,0,0,2.0
TXN1000387,reminder,2026-01-17 07:24:50,1,1880.2,48.0,1,0,0,1.0
TXN1000387,escalation,2026-01-17 06:57:50,0,0.0,,1,1,0,15.0
TXN1000388,retry,2026-04-28 02:19:32,1,14469.95,155.0,2,0,0,2.0
TXN1000388,reminder,2026-04-28 02:44:32,1,14469.95,149.0,1,0,0,1.0
TXN1000388,escalation,2026-04-28 01:57:32,1,14469.95,280.0,1,0,0,15.0
TXN1000391,retry,2026-04-14 18:13:09,1,1635.22,63.0,2,0,0,2.0
TXN1000391,reminder,2026-04-14 19:02:09,1,1635.22,291.0,1,0,0,1.0
TXN1000391,escalation,2026-04-14 18:41:09,1,1635.22,270.0,1,0,0,15.0
TXN1000394,retry,2026-02-27 10:00:45,1,3168.7,33.0,2,0,0,2.0
TXN1000394,reminder,2026-02-27 08:45:45,0,0.0,,1,1,0,1.0
TXN1000394,escalation,2026-02-27 11:15:45,0,0.0,,1,1,0,15.0
TXN1000395,retry,2026-04-15 03:49:30,1,4916.91,92.0,3,0,0,2.0
TXN1000395,reminder,2026-04-15 03:44:30,0,0.0,,2,1,0,1.0
TXN1000395,escalation,2026-04-15 02:02:30,0,0.0,,2,1,0,15.0
TXN1000396,retry,2026-04-09 15:57:25,0,0.0,,2,1,0,2.0
TXN1000396,reminder,2026-04-09 14:14:25,0,0.0,,1,1,0,1.0
TXN1000396,escalation,2026-04-09 14:15:25,1,5631.75,39.0,1,0,0,15.0
TXN1000397,retry,2026-06-14 16:08:31,1,15584.73,181.0,2,0,0,2.0
TXN1000397,reminder,2026-06-14 14:31:31,1,15584.73,264.0,1,0,0,1.0
TXN1000397,escalation,2026-06-14 15:32:31,0,0.0,,1,1,0,15.0
TXN1000400,retry,2026-06-12 14:44:36,1,4430.38,94.0,2,0,0,2.0
TXN1000400,reminder,2026-06-12 13:57:36,0,0.0,,1,1,0,1.0
TXN1000400,escalation,2026-06-12 14:36:36,1,4430.38,69.0,1,0,0,15.0
TXN1000404,retry,2026-04-19 05:24:31,1,24671.08,77.0,2,0,0,2.0
TXN1000404,reminder,2026-04-19 04:23:31,1,24671.08,155.0,1,0,0,1.0
TXN1000404,escalation,2026-04-19 04:45:31,0,0.0,,1,1,0,15.0
TXN1000406,retry,2026-01-31 01:40:32,1,8909.97,351.0,2,0,0,2.0
TXN1000406,reminder,2026-01-31 01:02:32,0,0.0,,1,1,0,1.0
TXN1000406,escalation,2026-01-31 00:16:32,0,0.0,,1,1,0,15.0
TXN1000407,retry,2026-05-22 12:17:18,0,0.0,,2,1,0,2.0
TXN1000407,reminder,2026-05-22 12:31:18,0,0.0,,1,1,0,1.0
TXN1000407,escalation,2026-05-22 12:49:18,1,5018.94,50.0,1,0,0,15.0
TXN1000409,retry,2026-06-28 12:58:33,1,3520.57,276.0,2,0,0,2.0
TXN1000409,reminder,2026-06-28 13:19:33,0,0.0,,1,1,0,1.0
TXN1000409,escalation,2026-06-28 13:55:33,1,3520.57,167.0,1,0,0,15.0
TXN1000410,retry,2026-01-06 18:27:48,1,2974.24,326.0,3,0,0,2.0
TXN1000410,reminder,2026-01-06 19:03:48,0,0.0,,2,1,0,1.0
TXN1000410,escalation,2026-01-06 19:07:48,0,0.0,,2,1,0,15.0
TXN1000413,retry,2026-03-06 21:08:04,1,16182.18,95.0,2,0,0,2.0
TXN1000413,reminder,2026-03-06 21:58:04,1,16182.18,262.0,1,0,0,1.0
TXN1000413,escalation,2026-03-06 23:06:04,1,16182.18,56.0,1,0,0,15.0
TXN1000416,retry,2026-01-02 15:03:56,1,3125.57,43.0,2,0,0,2.0
TXN1000416,reminder,2026-01-02 14:52:56,0,0.0,,1,1,0,1.0
TXN1000416,escalation,2026-01-02 16:23:56,0,0.0,,1,1,0,15.0
TXN1000423,retry,2026-04-01 20:52:15,1,4598.87,170.0,5,0,1,2.0
TXN1000423,reminder,2026-04-01 23:22:15,1,4598.87,357.0,4,0,0,1.0
TXN1000423,escalation,2026-04-01 21:49:15,1,4598.87,161.0,4,0,0,15.0
TXN1000424,retry,2026-05-08 17:43:25,1,2763.89,75.0,2,0,0,2.0
TXN1000424,reminder,2026-05-08 18:56:25,0,0.0,,1,1,0,1.0
TXN1000424,escalation,2026-05-08 18:30:25,1,2763.89,49.0,1,0,0,15.0
TXN1000426,retry,2026-03-12 11:30:57,1,3179.92,297.0,2,0,0,2.0
TXN1000426,reminder,2026-03-12 11:50:57,1,3179.92,308.0,1,0,0,1.0
TXN1000426,escalation,2026-03-12 12:48:57,1,3179.92,220.0,1,0,0,15.0
TXN1000429,retry,2026-05-10 00:00:04,0,0.0,,2,1,0,2.0
TXN1000429,reminder,2026-05-10 01:34:04,1,5575.68,40.0,1,0,0,1.0
TXN1000429,escalation,2026-05-09 23:49:04,1,5575.68,209.0,1,0,0,15.0
TXN1000430,retry,2026-02-10 19:35:38,1,3372.7,54.0,2,0,0,2.0
TXN1000430,reminder,2026-02-10 18:51:38,1,3372.7,117.0,1,0,0,1.0
TXN1000430,escalation,2026-02-10 18:36:38,0,0.0,,1,1,0,15.0
TXN1000431,retry,2026-05-18 03:11:03,1,5423.09,359.0,3,0,0,2.0
TXN1000431,reminder,2026-05-18 04:29:03,0,0.0,,2,1,0,1.0
TXN1000431,escalation,2026-05-18 03:10:03,0,0.0,,2,1,0,15.0
TXN1000433,retry,2026-05-07 02:00:38,1,4723.96,55.0,3,0,0,2.0
TXN1000433,reminder,2026-05-07 01:55:38,0,0.0,,2,1,0,1.0
TXN1000433,escalation,2026-05-07 03:05:38,1,4723.96,265.0,2,0,0,15.0
TXN1000437,retry,2026-04-26 01:19:45,0,0.0,,2,1,0,2.0
TXN1000437,reminder,2026-04-26 01:14:45,1,2322.5,285.0,1,0,0,1.0
TXN1000437,escalation,2026-04-25 23:33:45,0,0.0,,1,1,0,15.0
TXN1000440,retry,2026-04-04 05:54:10,1,3340.75,283.0,4,0,1,2.0
TXN1000440,reminder,2026-04-04 06:18:10,0,0.0,,3,1,0,1.0
TXN1000440,escalation,2026-04-04 04:18:10,1,3340.75,85.0,3,0,0,15.0
TXN1000441,retry,2026-04-29 17:19:07,0,0.0,,2,1,0,2.0
TXN1000441,reminder,2026-04-29 17:06:07,0,0.0,,1,1,0,1.0
TXN1000441,escalation,2026-04-29 15:52:07,1,10955.0,45.0,1,0,0,15.0
TXN1000444,retry,2026-03-09 18:50:26,1,7108.04,82.0,2,0,0,2.0
TXN1000444,reminder,2026-03-09 19:09:26,1,7108.04,292.0,1,0,0,1.0
TXN1000444,escalation,2026-03-09 19:23:26,1,7108.04,277.0,1,0,0,15.0
TXN1000445,retry,2026-02-08 05:37:21,1,11123.74,359.0,2,0,0,2.0
TXN1000445,reminder,2026-02-08 06:29:21,0,0.0,,1,1,0,1.0
TXN1000445,escalation,2026-02-08 06:24:21,0,0.0,,1,1,0,15.0
TXN1000446,retry,2026-04-05 08:59:51,0,0.0,,4,1,1,2.0
TXN1000446,reminder,2026-04-05 10:44:51,0,0.0,,3,1,0,1.0
TXN1000446,escalation,2026-04-05 08:15:51,1,1742.23,11.0,3,0,0,15.0
TXN1000450,retry,2026-03-17 02:50:24,0,0.0,,2,1,0,2.0
TXN1000450,reminder,2026-03-17 02:38:24,1,831.98,286.0,1,0,0,1.0
TXN1000450,escalation,2026-03-17 01:10:24,1,831.98,90.0,1,0,0,15.0
TXN1000451,retry,2026-01-30 10:17:57,1,4003.14,104.0,3,0,0,2.0
TXN1000451,reminder,2026-01-30 07:56:57,0,0.0,,2,1,0,1.0
TXN1000451,escalation,2026-01-30 08:14:57,0,0.0,,2,1,0,15.0
TXN1000452,retry,2026-03-30 00:27:24,1,8120.06,187.0,3,0,0,2.0
TXN1000452,reminder,2026-03-30 01:40:24,0,0.0,,2,1,0,1.0
TXN1000452,escalation,2026-03-29 23:30:24,1,8120.06,62.0,2,0,0,15.0
TXN1000455,retry,2026-01-31 11:30:04,0,0.0,,2,1,0,2.0
TXN1000455,reminder,2026-01-31 10:39:04,0,0.0,,1,1,0,1.0
TXN1000455,escalation,2026-01-31 10:37:04,1,6305.98,81.0,1,0,0,15.0
TXN1000456,retry,2026-05-28 21:39:39,1,1592.41,315.0,3,0,0,2.0
TXN1000456,reminder,2026-05-28 21:12:39,1,1592.41,248.0,2,0,0,1.0
TXN1000456,escalation,2026-05-28 20:24:39,0,0.0,,2,1,0,15.0
TXN1000458,retry,2026-04-30 04:08:09,0,0.0,,5,1,1,2.0
TXN1000458,reminder,2026-04-30 03:23:09,0,0.0,,4,1,0,1.0
TXN1000458,escalation,2026-04-30 02:45:09,0,0.0,,4,1,0,15.0
TXN1000460,retry,2026-04-14 10:46:48,0,0.0,,4,1,1,2.0
TXN1000460,reminder,2026-04-14 09:46:48,1,11400.51,295.0,3,0,0,1.0
TXN1000460,escalation,2026-04-14 08:13:48,0,0.0,,3,1,0,15.0
TXN1000461,retry,2026-06-28 16:34:17,0,0.0,,2,1,0,2.0
TXN1000461,reminder,2026-06-28 15:32:17,0,0.0,,1,1,0,1.0
TXN1000461,escalation,2026-06-28 15:52:17,0,0.0,,1,1,0,15.0
TXN1000463,retry,2026-01-03 22:58:35,1,5968.24,264.0,3,0,0,2.0
TXN1000463,reminder,2026-01-03 22:24:35,1,5968.24,277.0,2,0,0,1.0
TXN1000463,escalation,2026-01-03 22:53:35,0,0.0,,2,1,0,15.0
TXN1000466,retry,2026-04-13 20:07:42,0,0.0,,4,1,1,2.0
TXN1000466,reminder,2026-04-13 22:43:42,0,0.0,,3,1,0,1.0
TXN1000466,escalation,2026-04-13 20:11:42,1,1521.77,313.0,3,0,0,15.0
TXN1000467,retry,2026-05-23 10:58:03,1,2225.87,256.0,2,0,0,2.0
TXN1000467,reminder,2026-05-23 10:02:03,1,2225.87,105.0,1,0,0,1.0
TXN1000467,escalation,2026-05-23 10:40:03,1,2225.87,21.0,1,0,0,15.0
TXN1000469,retry,2026-06-15 19:47:48,1,5650.56,157.0,2,0,0,2.0
TXN1000469,reminder,2026-06-15 21:24:48,0,0.0,,1,1,0,1.0
TXN1000469,escalation,2026-06-15 20:03:48,1,5650.56,297.0,1,0,0,15.0
TXN1000471,retry,2026-04-03 18:09:12,0,0.0,,4,1,1,2.0
TXN1000471,reminder,2026-04-03 17:49:12,1,7479.38,213.0,3,0,0,1.0
TXN1000471,escalation,2026-04-03 20:17:12,0,0.0,,3,1,0,15.0
TXN1000475,retry,2026-03-04 19:54:49,1,2802.26,329.0,2,0,0,2.0
TXN1000475,reminder,2026-03-04 18:58:49,1,2802.26,238.0,1,0,0,1.0
TXN1000475,escalation,2026-03-04 18:05:49,0,0.0,,1,1,0,15.0
TXN1000476,retry,2026-03-08 17:35:37,1,987.42,130.0,2,0,0,2.0
TXN1000476,reminder,2026-03-08 16:19:37,1,987.42,29.0,1,0,0,1.0
TXN1000476,escalation,2026-03-08 15:10:37,1,987.42,208.0,1,0,0,15.0
TXN1000482,retry,2026-02-08 00:30:59,1,5812.73,325.0,3,0,0,2.0
TXN1000482,reminder,2026-02-07 23:51:59,0,0.0,,2,1,0,1.0
TXN1000482,escalation,2026-02-08 00:15:59,0,0.0,,2,1,0,15.0
TXN1000485,retry,2026-06-22 14:23:03,1,2908.33,249.0,2,0,0,2.0
TXN1000485,reminder,2026-06-22 13:44:03,1,2908.33,284.0,1,0,0,1.0
TXN1000485,escalation,2026-06-22 14:09:03,0,0.0,,1,1,0,15.0
TXN1000488,retry,2026-04-10 07:59:36,0,0.0,,5,1,1,2.0
TXN1000488,reminder,2026-04-10 09:04:36,1,3183.89,226.0,4,0,0,1.0
TXN1000488,escalation,2026-04-10 09:29:36,0,0.0,,4,1,0,15.0
TXN1000489,retry,2026-03-25 06:30:45,1,3498.52,297.0,3,0,0,2.0
TXN1000489,reminder,2026-03-25 05:53:45,0,0.0,,2,1,0,1.0
TXN1000489,escalation,2026-03-25 06:02:45,0,0.0,,2,1,0,15.0
TXN1000492,retry,2026-01-21 04:32:37,1,4207.37,53.0,2,0,0,2.0
TXN1000492,reminder,2026-01-21 01:59:37,0,0.0,,1,1,0,1.0
TXN1000492,escalation,2026-01-21 02:07:37,0,0.0,,1,1,0,15.0
TXN1000496,retry,2026-05-10 02:06:20,1,3292.07,339.0,2,0,0,2.0
TXN1000496,reminder,2026-05-10 02:28:20,0,0.0,,1,1,0,1.0
TXN1000496,escalation,2026-05-10 02:09:20,0,0.0,,1,1,0,15.0
TXN1000499,retry,2026-06-09 02:49:12,1,2675.65,283.0,3,0,0,2.0
TXN1000499,reminder,2026-06-09 03:06:12,1,2675.65,20.0,2,0,0,1.0
TXN1000499,escalation,2026-06-09 02:38:12,1,2675.65,293.0,2,0,0,15.0
TXN1000501,retry,2026-01-22 14:07:09,1,7320.57,300.0,2,0,0,2.0
TXN1000501,reminder,2026-01-22 16:03:09,1,7320.57,312.0,1,0,0,1.0
TXN1000501,escalation,2026-01-22 16:26:09,0,0.0,,1,1,0,15.0
TXN1000502,retry,2026-05-06 17:34:18,0,0.0,,4,1,1,2.0
TXN1000502,reminder,2026-05-06 18:12:18,0,0.0,,3,1,0,1.0
TXN1000502,escalation,2026-05-06 17:42:18,0,0.0,,3,1,0,15.0
TXN1000503,retry,2026-06-18 12:29:50,1,8122.08,314.0,2,0,0,2.0
TXN1000503,reminder,2026-06-18 12:57:50,1,8122.08,253.0,1,0,0,1.0
TXN1000503,escalation,2026-06-18 12:27:50,1,8122.08,346.0,1,0,0,15.0
TXN1000505,retry,2026-01-05 14:00:56,0,0.0,,2,1,0,2.0
TXN1000505,reminder,2026-01-05 12:29:56,1,7211.87,248.0,1,0,0,1.0
TXN1000505,escalation,2026-01-05 12:12:56,1,7211.87,38.0,1,0,0,15.0
TXN1000509,retry,2026-05-09 13:18:42,1,5120.35,184.0,2,0,0,2.0
TXN1000509,reminder,2026-05-09 12:06:42,1,5120.35,211.0,1,0,0,1.0
TXN1000509,escalation,2026-05-09 13:04:42,1,5120.35,10.0,1,0,0,15.0
TXN1000514,retry,2026-05-28 23:35:26,0,0.0,,3,1,0,2.0
TXN1000514,reminder,2026-05-28 22:24:26,1,1842.05,151.0,2,0,0,1.0
TXN1000514,escalation,2026-05-28 22:45:26,0,0.0,,2,1,0,15.0
TXN1000518,retry,2026-05-15 21:37:00,1,9515.71,148.0,2,0,0,2.0
TXN1000518,reminder,2026-05-15 18:47:00,1,9515.71,271.0,1,0,0,1.0
TXN1000518,escalation,2026-05-15 20:27:00,1,9515.71,225.0,1,0,0,15.0
TXN1000522,retry,2026-01-21 14:30:56,1,3879.3,212.0,2,0,0,2.0
TXN1000522,reminder,2026-01-21 13:38:56,0,0.0,,1,1,0,1.0
TXN1000522,escalation,2026-01-21 14:18:56,0,0.0,,1,1,0,15.0
TXN1000523,retry,2026-04-15 14:26:46,1,1878.12,328.0,3,0,0,2.0
TXN1000523,reminder,2026-04-15 13:10:46,1,1878.12,265.0,2,0,0,1.0
TXN1000523,escalation,2026-04-15 13:16:46,1,1878.12,104.0,2,0,0,15.0
TXN1000528,retry,2026-01-22 16:42:04,1,2954.49,125.0,2,0,0,2.0
TXN1000528,reminder,2026-01-22 16:04:04,1,2954.49,334.0,1,0,0,1.0
TXN1000528,escalation,2026-01-22 15:54:04,1,2954.49,210.0,1,0,0,15.0
TXN1000531,retry,2026-05-02 02:04:31,1,1742.14,52.0,2,0,0,2.0
TXN1000531,reminder,2026-05-02 03:18:31,0,0.0,,1,1,0,1.0
TXN1000531,escalation,2026-05-02 03:05:31,1,1742.14,96.0,1,0,0,15.0
TXN1000535,retry,2026-01-30 15:26:34,1,4767.91,156.0,2,0,0,2.0
TXN1000535,reminder,2026-01-30 15:27:34,1,4767.91,170.0,1,0,0,1.0
TXN1000535,escalation,2026-01-30 14:47:34,1,4767.91,112.0,1,0,0,15.0
TXN1000536,retry,2026-03-29 14:58:29,1,23355.57,85.0,4,0,1,2.0
TXN1000536,reminder,2026-03-29 15:42:29,0,0.0,,3,1,0,1.0
TXN1000536,escalation,2026-03-29 15:29:29,0,0.0,,3,1,0,15.0
TXN1000537,retry,2026-04-15 18:28:16,0,0.0,,3,1,0,2.0
TXN1000537,reminder,2026-04-15 19:37:16,1,1682.28,329.0,2,0,0,1.0
TXN1000537,escalation,2026-04-15 20:24:16,1,1682.28,22.0,2,0,0,15.0
TXN1000538,retry,2026-06-11 05:55:00,1,2407.45,246.0,3,0,0,2.0
TXN1000538,reminder,2026-06-11 05:09:00,1,2407.45,137.0,2,0,0,1.0
TXN1000538,escalation,2026-06-11 05:38:00,0,0.0,,2,1,0,15.0
TXN1000543,retry,2026-03-11 02:38:08,1,4438.11,282.0,2,0,0,2.0
TXN1000543,reminder,2026-03-11 03:50:08,0,0.0,,1,1,0,1.0
TXN1000543,escalation,2026-03-11 01:18:08,0,0.0,,1,1,0,15.0
TXN1000547,retry,2026-03-02 13:52:40,0,0.0,,2,1,0,2.0
TXN1000547,reminder,2026-03-02 14:10:40,1,905.48,2.0,1,0,0,1.0
TXN1000547,escalation,2026-03-02 11:43:40,1,905.48,254.0,1,0,0,15.0
TXN1000548,retry,2026-04-18 22:21:19,1,17950.82,98.0,4,0,1,2.0
TXN1000548,reminder,2026-04-18 21:37:19,1,17950.82,357.0,3,0,0,1.0
TXN1000548,escalation,2026-04-18 21:25:19,1,17950.82,10.0,3,0,0,15.0
TXN1000549,retry,2026-02-18 10:22:27,0,0.0,,3,1,0,2.0
TXN1000549,reminder,2026-02-18 10:00:27,0,0.0,,2,1,0,1.0
TXN1000549,escalation,2026-02-18 11:32:27,0,0.0,,2,1,0,15.0
TXN1000551,retry,2026-01-16 22:53:59,1,10683.31,37.0,2,0,0,2.0
TXN1000551,reminder,2026-01-17 00:01:59,1,10683.31,180.0,1,0,0,1.0
TXN1000551,escalation,2026-01-16 22:13:59,1,10683.31,239.0,1,0,0,15.0
TXN1000552,retry,2026-06-25 03:05:13,0,0.0,,2,1,0,2.0
TXN1000552,reminder,2026-06-25 02:20:13,0,0.0,,1,1,0,1.0
TXN1000552,escalation,2026-06-25 00:27:13,1,2188.93,345.0,1,0,0,15.0
TXN1000553,retry,2026-04-19 23:33:23,1,2067.2,233.0,2,0,0,2.0
TXN1000553,reminder,2026-04-20 01:00:23,1,2067.2,288.0,1,0,0,1.0
TXN1000553,escalation,2026-04-20 00:29:23,1,2067.2,180.0,1,0,0,15.0
TXN1000554,retry,2026-05-19 03:20:59,1,20356.38,53.0,2,0,0,2.0
TXN1000554,reminder,2026-05-19 04:47:59,0,0.0,,1,1,0,1.0
TXN1000554,escalation,2026-05-19 03:24:59,0,0.0,,1,1,0,15.0
TXN1000556,retry,2026-02-25 05:12:13,1,4955.83,212.0,2,0,0,2.0
TXN1000556,reminder,2026-02-25 05:52:13,1,4955.83,245.0,1,0,0,1.0
TXN1000556,escalation,2026-02-25 06:37:13,1,4955.83,338.0,1,0,0,15.0
TXN1000557,retry,2026-06-22 17:53:51,1,2259.57,216.0,2,0,0,2.0
TXN1000557,reminder,2026-06-22 18:52:51,1,2259.57,203.0,1,0,0,1.0
TXN1000557,escalation,2026-06-22 18:22:51,1,2259.57,279.0,1,0,0,15.0
TXN1000561,retry,2026-02-12 17:36:04,1,2340.14,201.0,3,0,0,2.0
TXN1000561,reminder,2026-02-12 16:24:04,0,0.0,,2,1,0,1.0
TXN1000561,escalation,2026-02-12 15:48:04,0,0.0,,2,1,0,15.0
TXN1000563,retry,2026-01-11 11:21:26,0,0.0,,5,1,1,2.0
TXN1000563,reminder,2026-01-11 13:40:26,0,0.0,,4,1,0,1.0
TXN1000563,escalation,2026-01-11 12:02:26,0,0.0,,4,1,0,15.0
TXN1000564,retry,2026-03-05 07:30:19,1,2767.0,334.0,2,0,0,2.0
TXN1000564,reminder,2026-03-05 07:42:19,0,0.0,,1,1,0,1.0
TXN1000564,escalation,2026-03-05 07:41:19,1,2767.0,47.0,1,0,0,15.0
TXN1000573,retry,2026-01-08 12:38:03,1,3034.0,92.0,2,0,0,2.0
TXN1000573,reminder,2026-01-08 10:45:03,1,3034.0,164.0,1,0,0,1.0
TXN1000573,escalation,2026-01-08 12:53:03,1,3034.0,78.0,1,0,0,15.0
TXN1000575,retry,2026-04-14 22:51:35,1,24776.88,242.0,2,0,0,2.0
TXN1000575,reminder,2026-04-15 00:54:35,1,24776.88,250.0,1,0,0,1.0
TXN1000575,escalation,2026-04-14 22:17:35,0,0.0,,1,1,0,15.0
TXN1000577,retry,2026-01-23 15:28:29,1,2012.23,77.0,5,0,1,2.0
TXN1000577,reminder,2026-01-23 13:27:29,1,2012.23,329.0,4,0,0,1.0
TXN1000577,escalation,2026-01-23 15:05:29,1,2012.23,182.0,4,0,0,15.0
TXN1000580,retry,2026-06-25 03:05:40,0,0.0,,2,1,0,2.0
TXN1000580,reminder,2026-06-25 03:43:40,0,0.0,,1,1,0,1.0
TXN1000580,escalation,2026-06-25 05:11:40,1,6655.48,66.0,1,0,0,15.0
TXN1000581,retry,2026-06-10 15:50:31,1,3704.03,229.0,2,0,0,2.0
TXN1000581,reminder,2026-06-10 14:41:31,1,3704.03,56.0,1,0,0,1.0
TXN1000581,escalation,2026-06-10 16:40:31,1,3704.03,172.0,1,0,0,15.0
TXN1000584,retry,2026-05-06 13:02:49,1,49254.13,334.0,2,0,0,2.0
TXN1000584,reminder,2026-05-06 13:12:49,0,0.0,,1,1,0,1.0
TXN1000584,escalation,2026-05-06 12:17:49,1,49254.13,208.0,1,0,0,15.0
TXN1000585,retry,2026-01-11 06:31:47,1,1602.69,57.0,2,0,0,2.0
TXN1000585,reminder,2026-01-11 09:15:47,1,1602.69,277.0,1,0,0,1.0
TXN1000585,escalation,2026-01-11 08:04:47,1,1602.69,85.0,1,0,0,15.0
TXN1000586,retry,2026-04-10 14:25:21,0,0.0,,2,1,0,2.0
TXN1000586,reminder,2026-04-10 12:07:21,0,0.0,,1,1,0,1.0
TXN1000586,escalation,2026-04-10 14:27:21,0,0.0,,1,1,0,15.0
TXN1000589,retry,2026-04-19 17:49:45,1,15485.58,200.0,2,0,0,2.0
TXN1000589,reminder,2026-04-19 15:14:45,0,0.0,,1,1,0,1.0
TXN1000589,escalation,2026-04-19 15:24:45,1,15485.58,172.0,1,0,0,15.0
TXN1000592,retry,2026-01-21 06:17:47,1,3212.6,100.0,2,0,0,2.0
TXN1000592,reminder,2026-01-21 06:16:47,0,0.0,,1,1,0,1.0
TXN1000592,escalation,2026-01-21 06:13:47,1,3212.6,357.0,1,0,0,15.0
TXN1000595,retry,2026-04-02 15:10:51,0,0.0,,4,1,1,2.0
TXN1000595,reminder,2026-04-02 13:14:51,1,3005.32,177.0,3,0,0,1.0
TXN1000595,escalation,2026-04-02 14:16:51,0,0.0,,3,1,0,15.0
TXN1000596,retry,2026-06-13 11:52:25,1,1444.8,320.0,2,0,0,2.0
TXN1000596,reminder,2026-06-13 11:19:25,0,0.0,,1,1,0,1.0
TXN1000596,escalation,2026-06-13 10:25:25,1,1444.8,196.0,1,0,0,15.0
TXN1000597,retry,2026-01-20 13:42:15,1,7267.7,15.0,2,0,0,2.0
TXN1000597,reminder,2026-01-20 13:20:15,0,0.0,,1,1,0,1.0
TXN1000597,escalation,2026-01-20 13:14:15,1,7267.7,138.0,1,0,0,15.0
TXN1000599,retry,2026-01-28 16:17:08,1,7689.54,330.0,2,0,0,2.0
TXN1000599,reminder,2026-01-28 17:36:08,1,7689.54,177.0,1,0,0,1.0
TXN1000599,escalation,2026-01-28 16:20:08,0,0.0,,1,1,0,15.0
TXN1000600,retry,2026-03-24 04:14:00,0,0.0,,4,1,1,2.0
TXN1000600,reminder,2026-03-24 06:19:00,1,7160.56,72.0,3,0,0,1.0
TXN1000600,escalation,2026-03-24 03:56:00,0,0.0,,3,1,0,15.0
TXN1000603,retry,2026-05-25 03:03:08,1,3385.21,199.0,3,0,0,2.0
TXN1000603,reminder,2026-05-25 05:18:08,1,3385.21,327.0,2,0,0,1.0
TXN1000603,escalation,2026-05-25 03:09:08,1,3385.21,27.0,2,0,0,15.0
TXN1000606,retry,2026-06-29 13:46:45,0,0.0,,2,1,0,2.0
TXN1000606,reminder,2026-06-29 15:18:45,1,3330.82,281.0,1,0,0,1.0
TXN1000606,escalation,2026-06-29 12:41:45,1,3330.82,135.0,1,0,0,15.0
TXN1000607,retry,2026-03-03 12:13:17,1,16574.87,195.0,2,0,0,2.0
TXN1000607,reminder,2026-03-03 14:38:17,1,16574.87,352.0,1,0,0,1.0
TXN1000607,escalation,2026-03-03 14:07:17,1,16574.87,291.0,1,0,0,15.0
TXN1000609,retry,2026-02-10 01:56:57,1,8001.42,27.0,3,0,0,2.0
TXN1000609,reminder,2026-02-10 02:04:57,0,0.0,,2,1,0,1.0
TXN1000609,escalation,2026-02-10 01:16:57,1,8001.42,191.0,2,0,0,15.0
TXN1000610,retry,2026-04-02 18:14:00,1,72511.95,359.0,2,0,0,2.0
TXN1000610,reminder,2026-04-02 15:50:00,1,72511.95,228.0,1,0,0,1.0
TXN1000610,escalation,2026-04-02 17:22:00,1,72511.95,263.0,1,0,0,15.0
TXN1000611,retry,2026-06-20 05:34:12,1,4624.18,286.0,5,0,1,2.0
TXN1000611,reminder,2026-06-20 08:18:12,0,0.0,,4,1,0,1.0
TXN1000611,escalation,2026-06-20 08:11:12,0,0.0,,4,1,0,15.0
TXN1000612,retry,2026-01-15 10:28:01,1,1738.12,272.0,3,0,0,2.0
TXN1000612,reminder,2026-01-15 09:39:01,0,0.0,,2,1,0,1.0
TXN1000612,escalation,2026-01-15 10:10:01,0,0.0,,2,1,0,15.0
TXN1000614,retry,2026-04-21 05:13:49,1,20652.96,331.0,2,0,0,2.0
TXN1000614,reminder,2026-04-21 06:45:49,1,20652.96,258.0,1,0,0,1.0
TXN1000614,escalation,2026-04-21 05:06:49,0,0.0,,1,1,0,15.0
TXN1000622,retry,2026-01-15 01:43:27,1,6231.94,346.0,2,0,0,2.0
TXN1000622,reminder,2026-01-15 01:01:27,0,0.0,,1,1,0,1.0
TXN1000622,escalation,2026-01-15 02:21:27,1,6231.94,39.0,1,0,0,15.0
TXN1000624,retry,2026-01-17 18:25:25,1,12193.39,90.0,2,0,0,2.0
TXN1000624,reminder,2026-01-17 17:20:25,1,12193.39,238.0,1,0,0,1.0
TXN1000624,escalation,2026-01-17 16:24:25,1,12193.39,143.0,1,0,0,15.0
TXN1000625,retry,2026-04-27 06:28:32,1,2690.82,271.0,2,0,0,2.0
TXN1000625,reminder,2026-04-27 05:12:32,1,2690.82,225.0,1,0,0,1.0
TXN1000625,escalation,2026-04-27 06:16:32,0,0.0,,1,1,0,15.0
TXN1000627,retry,2026-03-30 18:02:16,1,2307.83,159.0,2,0,0,2.0
TXN1000627,reminder,2026-03-30 16:15:16,1,2307.83,13.0,1,0,0,1.0
TXN1000627,escalation,2026-03-30 16:17:16,0,0.0,,1,1,0,15.0
TXN1000629,retry,2026-04-26 18:50:56,0,0.0,,3,1,0,2.0
TXN1000629,reminder,2026-04-26 17:34:56,0,0.0,,2,1,0,1.0
TXN1000629,escalation,2026-04-26 18:15:56,1,1862.05,337.0,2,0,0,15.0
TXN1000631,retry,2026-04-25 13:26:54,0,0.0,,3,1,0,2.0
TXN1000631,reminder,2026-04-25 13:17:54,1,1329.93,344.0,2,0,0,1.0
TXN1000631,escalation,2026-04-25 14:01:54,1,1329.93,216.0,2,0,0,15.0
TXN1000632,retry,2026-02-10 09:54:54,0,0.0,,2,1,0,2.0
TXN1000632,reminder,2026-02-10 09:22:54,1,11431.93,77.0,1,0,0,1.0
TXN1000632,escalation,2026-02-10 09:59:54,0,0.0,,1,1,0,15.0
TXN1000634,retry,2026-06-16 15:47:04,1,2756.95,96.0,4,0,1,2.0
TXN1000634,reminder,2026-06-16 16:49:04,0,0.0,,3,1,0,1.0
TXN1000634,escalation,2026-06-16 17:52:04,1,2756.95,63.0,3,0,0,15.0
TXN1000636,retry,2026-02-15 09:11:31,1,6348.45,193.0,3,0,0,2.0
TXN1000636,reminder,2026-02-15 08:20:31,1,6348.45,109.0,2,0,0,1.0
TXN1000636,escalation,2026-02-15 09:12:31,1,6348.45,112.0,2,0,0,15.0
TXN1000639,retry,2026-03-16 17:30:12,1,2322.85,163.0,2,0,0,2.0
TXN1000639,reminder,2026-03-16 19:01:12,0,0.0,,1,1,0,1.0
TXN1000639,escalation,2026-03-16 18:34:12,0,0.0,,1,1,0,15.0
TXN1000641,retry,2026-01-21 04:20:38,1,10165.8,174.0,2,0,0,2.0
TXN1000641,reminder,2026-01-21 02:57:38,1,10165.8,335.0,1,0,0,1.0
TXN1000641,escalation,2026-01-21 04:26:38,1,10165.8,304.0,1,0,0,15.0
TXN1000642,retry,2026-06-01 21:36:45,0,0.0,,2,1,0,2.0
TXN1000642,reminder,2026-06-01 22:21:45,1,444.32,338.0,1,0,0,1.0
TXN1000642,escalation,2026-06-01 20:34:45,1,444.32,310.0,1,0,1,15.0
TXN1000643,retry,2026-04-05 11:01:54,1,1796.41,247.0,2,0,0,2.0
TXN1000643,reminder,2026-04-05 10:40:54,0,0.0,,1,1,0,1.0
TXN1000643,escalation,2026-04-05 10:00:54,1,1796.41,232.0,1,0,0,15.0
TXN1000645,retry,2026-04-19 21:45:50,1,3731.49,256.0,3,0,0,2.0
TXN1000645,reminder,2026-04-19 21:06:50,1,3731.49,55.0,2,0,0,1.0
TXN1000645,escalation,2026-04-19 21:26:50,1,3731.49,84.0,2,0,0,15.0
TXN1000646,retry,2026-01-17 19:02:19,1,4863.77,25.0,2,0,0,2.0
TXN1000646,reminder,2026-01-17 18:43:19,0,0.0,,1,1,0,1.0
TXN1000646,escalation,2026-01-17 20:23:19,1,4863.77,218.0,1,0,0,15.0
TXN1000647,retry,2026-04-01 14:33:29,0,0.0,,2,1,0,2.0
TXN1000647,reminder,2026-04-01 14:00:29,1,4439.82,90.0,1,0,0,1.0
TXN1000647,escalation,2026-04-01 16:14:29,1,4439.82,271.0,1,0,0,15.0
TXN1000651,retry,2026-03-02 17:35:16,1,1781.47,153.0,2,0,0,2.0
TXN1000651,reminder,2026-03-02 15:44:16,1,1781.47,164.0,1,0,0,1.0
TXN1000651,escalation,2026-03-02 15:50:16,1,1781.47,56.0,1,0,0,15.0
TXN1000656,retry,2026-01-27 04:21:06,1,3146.9,165.0,2,0,0,2.0
TXN1000656,reminder,2026-01-27 04:08:06,0,0.0,,1,1,0,1.0
TXN1000656,escalation,2026-01-27 04:14:06,0,0.0,,1,1,0,15.0
TXN1000657,retry,2026-06-19 12:31:14,1,9001.09,352.0,4,0,1,2.0
TXN1000657,reminder,2026-06-19 14:07:14,1,9001.09,314.0,3,0,0,1.0
TXN1000657,escalation,2026-06-19 13:57:14,1,9001.09,272.0,3,0,0,15.0
TXN1000658,retry,2026-06-02 06:52:51,1,1317.53,65.0,2,0,0,2.0
TXN1000658,reminder,2026-06-02 09:07:51,1,1317.53,246.0,1,0,0,1.0
TXN1000658,escalation,2026-06-02 07:46:51,1,1317.53,187.0,1,0,0,15.0
TXN1000662,retry,2026-03-29 12:11:15,1,4175.58,284.0,2,0,0,2.0
TXN1000662,reminder,2026-03-29 14:06:15,1,4175.58,229.0,1,0,0,1.0
TXN1000662,escalation,2026-03-29 11:47:15,1,4175.58,41.0,1,0,0,15.0
TXN1000663,retry,2026-01-17 09:53:45,1,11702.71,54.0,2,0,0,2.0
TXN1000663,reminder,2026-01-17 09:20:45,1,11702.71,151.0,1,0,0,1.0
TXN1000663,escalation,2026-01-17 09:28:45,1,11702.71,267.0,1,0,0,15.0
TXN1000666,retry,2026-05-10 09:58:10,1,2587.99,181.0,2,0,0,2.0
TXN1000666,reminder,2026-05-10 10:42:10,0,0.0,,1,1,0,1.0
TXN1000666,escalation,2026-05-10 11:13:10,1,2587.99,163.0,1,0,0,15.0
TXN1000672,retry,2026-04-29 21:18:47,1,1471.59,263.0,3,0,0,2.0
TXN1000672,reminder,2026-04-29 21:05:47,0,0.0,,2,1,0,1.0
TXN1000672,escalation,2026-04-29 23:03:47,0,0.0,,2,1,0,15.0
TXN1000673,retry,2026-02-17 06:59:17,1,3100.79,206.0,2,0,0,2.0
TXN1000673,reminder,2026-02-17 06:53:17,0,0.0,,1,1,0,1.0
TXN1000673,escalation,2026-02-17 07:01:17,1,3100.79,337.0,1,0,0,15.0
TXN1000675,retry,2026-03-14 09:47:39,1,1901.4,173.0,2,0,0,2.0
TXN1000675,reminder,2026-03-14 10:58:39,0,0.0,,1,1,0,1.0
TXN1000675,escalation,2026-03-14 10:46:39,1,1901.4,58.0,1,0,0,15.0
TXN1000680,retry,2026-03-10 03:56:14,1,20257.19,271.0,2,0,0,2.0
TXN1000680,reminder,2026-03-10 02:27:14,1,20257.19,231.0,1,0,0,1.0
TXN1000680,escalation,2026-03-10 04:10:14,1,20257.19,77.0,1,0,0,15.0
TXN1000683,retry,2026-06-03 11:54:13,1,3303.39,340.0,2,0,0,2.0
TXN1000683,reminder,2026-06-03 10:19:13,1,3303.39,263.0,1,0,0,1.0
TXN1000683,escalation,2026-06-03 09:39:13,1,3303.39,199.0,1,0,0,15.0
TXN1000689,retry,2026-06-02 00:31:23,1,826.92,154.0,4,0,1,2.0
TXN1000689,reminder,2026-06-02 00:26:23,0,0.0,,3,1,0,1.0
TXN1000689,escalation,2026-06-02 02:37:23,0,0.0,,3,1,0,15.0
TXN1000692,retry,2026-01-07 18:17:50,1,10141.27,70.0,2,0,0,2.0
TXN1000692,reminder,2026-01-07 18:29:50,1,10141.27,75.0,1,0,0,1.0
TXN1000692,escalation,2026-01-07 17:22:50,1,10141.27,63.0,1,0,0,15.0
TXN1000701,retry,2026-04-03 19:31:11,1,8751.57,312.0,2,0,0,2.0
TXN1000701,reminder,2026-04-03 20:22:11,1,8751.57,44.0,1,0,0,1.0
TXN1000701,escalation,2026-04-03 21:34:11,0,0.0,,1,1,0,15.0
TXN1000709,retry,2026-04-23 04:00:18,1,1033.4,167.0,2,0,0,2.0
TXN1000709,reminder,2026-04-23 04:28:18,0,0.0,,1,1,0,1.0
TXN1000709,escalation,2026-04-23 04:31:18,0,0.0,,1,1,0,15.0
TXN1000710,retry,2026-04-12 15:36:09,1,10471.09,164.0,3,0,0,2.0
TXN1000710,reminder,2026-04-12 17:14:09,1,10471.09,193.0,2,0,0,1.0
TXN1000710,escalation,2026-04-12 17:11:09,0,0.0,,2,1,0,15.0
TXN1000712,retry,2026-05-08 22:11:43,0,0.0,,5,1,1,2.0
TXN1000712,reminder,2026-05-08 23:08:43,0,0.0,,4,1,0,1.0
TXN1000712,escalation,2026-05-08 21:32:43,0,0.0,,4,1,0,15.0
TXN1000714,retry,2026-06-19 20:55:20,0,0.0,,2,1,0,2.0
TXN1000714,reminder,2026-06-19 19:38:20,0,0.0,,1,1,0,1.0
TXN1000714,escalation,2026-06-19 19:36:20,0,0.0,,1,1,0,15.0
TXN1000715,retry,2026-04-05 21:47:30,1,5651.89,296.0,3,0,0,2.0
TXN1000715,reminder,2026-04-05 21:24:30,1,5651.89,142.0,2,0,0,1.0
TXN1000715,escalation,2026-04-05 21:11:30,0,0.0,,2,1,0,15.0
TXN1000716,retry,2026-01-31 16:37:17,1,16446.2,82.0,3,0,0,2.0
TXN1000716,reminder,2026-01-31 15:11:17,1,16446.2,53.0,2,0,0,1.0
TXN1000716,escalation,2026-01-31 15:48:17,1,16446.2,340.0,2,0,0,15.0
TXN1000718,retry,2026-05-27 21:04:01,1,29408.54,318.0,2,0,0,2.0
TXN1000718,reminder,2026-05-27 18:17:01,1,29408.54,18.0,1,0,0,1.0
TXN1000718,escalation,2026-05-27 20:22:01,1,29408.54,200.0,1,0,0,15.0
TXN1000720,retry,2026-06-07 12:04:32,0,0.0,,3,1,0,2.0
TXN1000720,reminder,2026-06-07 10:39:32,0,0.0,,2,1,0,1.0
TXN1000720,escalation,2026-06-07 12:01:32,1,20251.12,305.0,2,0,0,15.0
TXN1000731,retry,2026-01-09 06:51:53,0,0.0,,2,1,0,2.0
TXN1000731,reminder,2026-01-09 05:36:53,1,1207.03,168.0,1,0,0,1.0
TXN1000731,escalation,2026-01-09 06:08:53,0,0.0,,1,1,0,15.0
TXN1000733,retry,2026-06-15 15:06:02,0,0.0,,5,1,1,2.0
TXN1000733,reminder,2026-06-15 17:05:02,0,0.0,,4,1,0,1.0
TXN1000733,escalation,2026-06-15 15:30:02,0,0.0,,4,1,0,15.0
TXN1000738,retry,2026-04-29 13:42:56,1,11266.62,149.0,2,0,0,2.0
TXN1000738,reminder,2026-04-29 14:27:56,1,11266.62,301.0,1,0,0,1.0
TXN1000738,escalation,2026-04-29 12:02:56,1,11266.62,77.0,1,0,0,15.0
TXN1000741,retry,2026-03-18 22:53:27,1,28272.0,117.0,3,0,0,2.0
TXN1000741,reminder,2026-03-18 21:46:27,0,0.0,,2,1,0,1.0
TXN1000741,escalation,2026-03-18 20:17:27,1,28272.0,135.0,2,0,0,15.0
TXN1000742,retry,2026-01-03 19:05:23,0,0.0,,3,1,0,2.0
TXN1000742,reminder,2026-01-03 17:10:23,0,0.0,,2,1,0,1.0
TXN1000742,escalation,2026-01-03 17:31:23,0,0.0,,2,1,0,15.0
TXN1000743,retry,2026-03-22 12:27:32,1,2008.93,233.0,5,0,1,2.0
TXN1000743,reminder,2026-03-22 11:36:32,0,0.0,,4,1,0,1.0
TXN1000743,escalation,2026-03-22 12:09:32,0,0.0,,4,1,0,15.0
TXN1000745,retry,2026-01-04 01:19:15,1,7572.62,270.0,2,0,0,2.0
TXN1000745,reminder,2026-01-04 01:11:15,0,0.0,,1,1,0,1.0
TXN1000745,escalation,2026-01-03 23:55:15,1,7572.62,91.0,1,0,0,15.0
TXN1000748,retry,2026-05-18 05:52:20,1,525.25,235.0,2,0,0,2.0
TXN1000748,reminder,2026-05-18 05:29:20,1,525.25,134.0,1,0,0,1.0
TXN1000748,escalation,2026-05-18 07:05:20,0,0.0,,1,1,0,15.0
TXN1000749,retry,2026-04-01 16:10:35,1,1415.19,359.0,2,0,0,2.0
TXN1000749,reminder,2026-04-01 16:52:35,0,0.0,,1,1,0,1.0
TXN1000749,escalation,2026-04-01 16:18:35,0,0.0,,1,1,0,15.0
TXN1000750,retry,2026-05-05 19:11:45,0,0.0,,3,1,0,2.0
TXN1000750,reminder,2026-05-05 18:20:45,1,8331.92,297.0,2,0,0,1.0
TXN1000750,escalation,2026-05-05 21:07:45,1,8331.92,147.0,2,0,0,15.0
TXN1000752,retry,2026-04-18 12:43:12,1,6668.07,135.0,2,0,0,2.0
TXN1000752,reminder,2026-04-18 12:07:12,1,6668.07,288.0,1,0,0,1.0
TXN1000752,escalation,2026-04-18 10:35:12,0,0.0,,1,1,0,15.0
TXN1000754,retry,2026-02-17 04:11:58,0,0.0,,2,1,0,2.0
TXN1000754,reminder,2026-02-17 04:14:58,0,0.0,,1,1,0,1.0
TXN1000754,escalation,2026-02-17 04:17:58,0,0.0,,1,1,0,15.0
TXN1000755,retry,2026-02-21 07:29:34,1,18775.04,171.0,2,0,0,2.0
TXN1000755,reminder,2026-02-21 07:44:34,0,0.0,,1,1,0,1.0
TXN1000755,escalation,2026-02-21 07:26:34,1,18775.04,252.0,1,0,0,15.0
TXN1000758,retry,2026-04-20 04:17:22,1,2103.11,328.0,2,0,0,2.0
TXN1000758,reminder,2026-04-20 03:52:22,0,0.0,,1,1,0,1.0
TXN1000758,escalation,2026-04-20 04:13:22,0,0.0,,1,1,0,15.0
TXN1000760,retry,2026-04-16 12:32:01,1,2186.93,140.0,2,0,0,2.0
TXN1000760,reminder,2026-04-16 13:27:01,0,0.0,,1,1,0,1.0
TXN1000760,escalation,2026-04-16 12:32:01,0,0.0,,1,1,0,15.0
TXN1000761,retry,2026-04-02 05:22:41,0,0.0,,2,1,0,2.0
TXN1000761,reminder,2026-04-02 05:33:41,1,14153.18,36.0,1,0,0,1.0
TXN1000761,escalation,2026-04-02 04:15:41,1,14153.18,251.0,1,0,0,15.0
TXN1000762,retry,2026-02-26 09:56:50,1,5987.09,225.0,3,0,0,2.0
TXN1000762,reminder,2026-02-26 09:43:50,1,5987.09,23.0,2,0,0,1.0
TXN1000762,escalation,2026-02-26 09:31:50,1,5987.09,356.0,2,0,0,15.0
TXN1000764,retry,2026-01-28 11:23:48,0,0.0,,3,1,0,2.0
TXN1000764,reminder,2026-01-28 11:15:48,0,0.0,,2,1,0,1.0
TXN1000764,escalation,2026-01-28 10:07:48,1,9106.78,43.0,2,0,0,15.0
TXN1000765,retry,2026-05-24 21:52:23,0,0.0,,4,1,1,2.0
TXN1000765,reminder,2026-05-24 21:15:23,0,0.0,,3,1,0,1.0
TXN1000765,escalation,2026-05-24 22:17:23,0,0.0,,3,1,0,15.0
TXN1000768,retry,2026-06-13 20:26:06,1,2547.77,352.0,2,0,0,2.0
TXN1000768,reminder,2026-06-13 18:18:06,1,2547.77,126.0,1,0,0,1.0
TXN1000768,escalation,2026-06-13 18:56:06,1,2547.77,69.0,1,0,0,15.0
TXN1000776,retry,2026-03-13 09:38:22,1,1979.29,51.0,2,0,0,2.0
TXN1000776,reminder,2026-03-13 09:11:22,1,1979.29,137.0,1,0,0,1.0
TXN1000776,escalation,2026-03-13 09:41:22,1,1979.29,34.0,1,0,0,15.0
TXN1000781,retry,2026-06-23 10:58:27,0,0.0,,2,1,0,2.0
TXN1000781,reminder,2026-06-23 11:05:27,0,0.0,,1,1,0,1.0
TXN1000781,escalation,2026-06-23 11:14:27,0,0.0,,1,1,0,15.0
TXN1000782,retry,2026-05-19 02:59:42,1,4360.88,96.0,2,0,0,2.0
TXN1000782,reminder,2026-05-19 03:57:42,0,0.0,,1,1,0,1.0
TXN1000782,escalation,2026-05-19 02:44:42,1,4360.88,42.0,1,0,0,15.0
TXN1000783,retry,2026-01-31 01:00:18,1,5446.94,101.0,2,0,0,2.0
TXN1000783,reminder,2026-01-30 23:50:18,1,5446.94,310.0,1,0,0,1.0
TXN1000783,escalation,2026-01-30 22:59:18,1,5446.94,207.0,1,0,0,15.0
TXN1000786,retry,2026-03-02 17:29:05,1,11619.95,344.0,2,0,0,2.0
TXN1000786,reminder,2026-03-02 17:26:05,0,0.0,,1,1,0,1.0
TXN1000786,escalation,2026-03-02 17:10:05,1,11619.95,205.0,1,0,0,15.0
TXN1000787,retry,2026-04-26 04:42:43,1,1189.42,311.0,3,0,0,2.0
TXN1000787,reminder,2026-04-26 02:59:43,0,0.0,,2,1,0,1.0
TXN1000787,escalation,2026-04-26 03:00:43,1,1189.42,71.0,2,0,0,15.0
TXN1000788,retry,2026-03-26 23:27:24,0,0.0,,5,1,1,2.0
TXN1000788,reminder,2026-03-26 21:38:24,0,0.0,,4,1,0,1.0
TXN1000788,escalation,2026-03-26 22:43:24,0,0.0,,4,1,0,15.0
TXN1000789,retry,2026-04-11 01:10:42,1,2915.35,178.0,3,0,0,2.0
TXN1000789,reminder,2026-04-11 02:45:42,1,2915.35,293.0,2,0,0,1.0
TXN1000789,escalation,2026-04-11 01:19:42,1,2915.35,253.0,2,0,0,15.0
TXN1000791,retry,2026-04-09 03:10:44,1,4161.45,146.0,2,0,0,2.0
TXN1000791,reminder,2026-04-09 00:47:44,1,4161.45,54.0,1,0,0,1.0
TXN1000791,escalation,2026-04-09 00:48:44,0,0.0,,1,1,0,15.0
TXN1000794,retry,2026-04-15 01:57:28,0,0.0,,2,1,0,2.0
TXN1000794,reminder,2026-04-14 23:35:28,1,39783.46,8.0,1,0,0,1.0
TXN1000794,escalation,2026-04-15 00:19:28,1,39783.46,188.0,1,0,0,15.0
TXN1000803,retry,2026-05-30 16:21:53,0,0.0,,3,1,0,2.0
TXN1000803,reminder,2026-05-30 14:57:53,1,6375.9,186.0,2,0,0,1.0
TXN1000803,escalation,2026-05-30 16:52:53,1,6375.9,284.0,2,0,0,15.0
TXN1000805,retry,2026-05-19 00:22:00,1,11969.6,258.0,3,0,0,2.0
TXN1000805,reminder,2026-05-19 02:17:00,1,11969.6,23.0,2,0,0,1.0
TXN1000805,escalation,2026-05-19 02:21:00,0,0.0,,2,1,0,15.0
TXN1000807,retry,2026-02-09 04:06:50,1,28165.76,259.0,2,0,0,2.0
TXN1000807,reminder,2026-02-09 02:54:50,1,28165.76,342.0,1,0,0,1.0
TXN1000807,escalation,2026-02-09 04:39:50,1,28165.76,292.0,1,0,0,15.0
TXN1000808,retry,2026-02-08 05:39:18,1,22509.1,39.0,2,0,0,2.0
TXN1000808,reminder,2026-02-08 05:01:18,0,0.0,,1,1,0,1.0
TXN1000808,escalation,2026-02-08 05:17:18,0,0.0,,1,1,0,15.0
TXN1000809,retry,2026-04-13 00:26:23,1,47374.0,162.0,2,0,0,2.0
TXN1000809,reminder,2026-04-13 00:33:23,0,0.0,,1,1,0,1.0
TXN1000809,escalation,2026-04-13 00:11:23,1,47374.0,278.0,1,0,0,15.0
TXN1000811,retry,2026-02-17 09:16:09,1,2693.72,91.0,3,0,0,2.0
TXN1000811,reminder,2026-02-17 10:24:09,0,0.0,,2,1,0,1.0
TXN1000811,escalation,2026-02-17 08:55:09,1,2693.72,48.0,2,0,0,15.0
TXN1000813,retry,2026-05-31 05:32:28,1,506.67,261.0,2,0,0,2.0
TXN1000813,reminder,2026-05-31 04:18:28,1,506.67,70.0,1,0,0,1.0
TXN1000813,escalation,2026-05-31 04:27:28,1,506.67,81.0,1,0,0,15.0
TXN1000817,retry,2026-05-30 13:07:59,0,0.0,,3,1,0,2.0
TXN1000817,reminder,2026-05-30 13:41:59,1,5457.4,336.0,2,0,0,1.0
TXN1000817,escalation,2026-05-30 13:19:59,1,5457.4,199.0,2,0,0,15.0
TXN1000818,retry,2026-06-22 08:23:39,1,2036.02,352.0,3,0,0,2.0
TXN1000818,reminder,2026-06-22 09:00:39,1,2036.02,158.0,2,0,0,1.0
TXN1000818,escalation,2026-06-22 08:28:39,1,2036.02,52.0,2,0,0,15.0
TXN1000821,retry,2026-02-03 12:16:50,1,4833.29,52.0,2,0,0,2.0
TXN1000821,reminder,2026-02-03 11:14:50,0,0.0,,1,1,0,1.0
TXN1000821,escalation,2026-02-03 10:21:50,1,4833.29,298.0,1,0,0,15.0
TXN1000822,retry,2026-05-03 12:13:00,0,0.0,,3,1,0,2.0
TXN1000822,reminder,2026-05-03 12:51:00,0,0.0,,2,1,0,1.0
TXN1000822,escalation,2026-05-03 12:06:00,1,2598.2,196.0,2,0,0,15.0
TXN1000824,retry,2026-05-05 17:44:12,0,0.0,,4,1,1,2.0
TXN1000824,reminder,2026-05-05 15:30:12,0,0.0,,3,1,0,1.0
TXN1000824,escalation,2026-05-05 16:44:12,1,4662.64,14.0,3,0,0,15.0
TXN1000828,retry,2026-01-20 19:45:02,0,0.0,,5,1,1,2.0
TXN1000828,reminder,2026-01-20 17:58:02,0,0.0,,4,1,0,1.0
TXN1000828,escalation,2026-01-20 19:15:02,1,2892.98,40.0,4,0,0,15.0
TXN1000830,retry,2026-01-18 05:42:00,1,7949.17,315.0,2,0,0,2.0
TXN1000830,reminder,2026-01-18 07:19:00,1,7949.17,58.0,1,0,0,1.0
TXN1000830,escalation,2026-01-18 06:24:00,1,7949.17,115.0,1,0,0,15.0
TXN1000834,retry,2026-04-26 17:33:06,1,15561.77,9.0,3,0,0,2.0
TXN1000834,reminder,2026-04-26 18:38:06,0,0.0,,2,1,0,1.0
TXN1000834,escalation,2026-04-26 16:30:06,0,0.0,,2,1,0,15.0
TXN1000849,retry,2026-05-04 07:02:23,0,0.0,,2,1,0,2.0
TXN1000849,reminder,2026-05-04 05:33:23,0,0.0,,1,1,0,1.0
TXN1000849,escalation,2026-05-04 07:42:23,0,0.0,,1,1,0,15.0
TXN1000850,retry,2026-05-24 21:55:24,1,1105.25,314.0,3,0,0,2.0
TXN1000850,reminder,2026-05-24 20:32:24,0,0.0,,2,1,0,1.0
TXN1000850,escalation,2026-05-24 19:49:24,0,0.0,,2,1,0,15.0
TXN1000856,retry,2026-03-13 17:32:36,1,4800.56,135.0,2,0,0,2.0
TXN1000856,reminder,2026-03-13 17:37:36,1,4800.56,69.0,1,0,0,1.0
TXN1000856,escalation,2026-03-13 15:55:36,0,0.0,,1,1,0,15.0
TXN1000858,retry,2026-04-16 16:05:22,1,58349.21,226.0,2,0,0,2.0
TXN1000858,reminder,2026-04-16 16:31:22,1,58349.21,174.0,1,0,0,1.0
TXN1000858,escalation,2026-04-16 17:27:22,1,58349.21,276.0,1,0,0,15.0
TXN1000864,retry,2026-06-28 13:28:50,1,3756.84,188.0,2,0,0,2.0
TXN1000864,reminder,2026-06-28 13:51:50,0,0.0,,1,1,0,1.0
TXN1000864,escalation,2026-06-28 13:11:50,0,0.0,,1,1,0,15.0
TXN1000866,retry,2026-05-06 03:33:55,0,0.0,,2,1,0,2.0
TXN1000866,reminder,2026-05-06 02:27:55,1,1802.8,305.0,1,0,0,1.0
TXN1000866,escalation,2026-05-06 03:38:55,1,1802.8,238.0,1,0,0,15.0
TXN1000867,retry,2026-06-22 09:40:28,0,0.0,,2,1,0,2.0
TXN1000867,reminder,2026-06-22 09:47:28,1,2935.12,269.0,1,0,0,1.0
TXN1000867,escalation,2026-06-22 08:49:28,1,2935.12,341.0,1,0,0,15.0
TXN1000868,retry,2026-03-01 15:44:58,1,9780.29,301.0,3,0,0,2.0
TXN1000868,reminder,2026-03-01 16:38:58,0,0.0,,2,1,0,1.0
TXN1000868,escalation,2026-03-01 15:50:58,1,9780.29,27.0,2,0,0,15.0
TXN1000869,retry,2026-01-23 00:20:34,0,0.0,,2,1,0,2.0
TXN1000869,reminder,2026-01-22 23:58:34,1,812.26,163.0,1,0,0,1.0
TXN1000869,escalation,2026-01-23 00:18:34,0,0.0,,1,1,0,15.0
TXN1000871,retry,2026-01-03 11:21:53,0,0.0,,2,1,0,2.0
TXN1000871,reminder,2026-01-03 10:40:53,0,0.0,,1,1,0,1.0
TXN1000871,escalation,2026-01-03 10:48:53,0,0.0,,1,1,0,15.0
TXN1000872,retry,2026-06-04 10:21:34,1,1718.47,180.0,2,0,0,2.0
TXN1000872,reminder,2026-06-04 09:40:34,1,1718.47,292.0,1,0,0,1.0
TXN1000872,escalation,2026-06-04 07:44:34,0,0.0,,1,1,0,15.0
TXN1000874,retry,2026-03-31 23:34:03,0,0.0,,3,1,0,2.0
TXN1000874,reminder,2026-03-31 21:50:03,0,0.0,,2,1,0,1.0
TXN1000874,escalation,2026-03-31 23:48:03,1,4663.33,219.0,2,0,0,15.0
TXN1000875,retry,2026-03-02 19:12:10,1,497.38,105.0,2,0,0,2.0
TXN1000875,reminder,2026-03-02 19:54:10,1,497.38,353.0,1,0,0,1.0
TXN1000875,escalation,2026-03-02 21:18:10,1,497.38,212.0,1,0,1,15.0
TXN1000876,retry,2026-04-05 17:32:43,0,0.0,,2,1,0,2.0
TXN1000876,reminder,2026-04-05 16:19:43,1,3629.32,64.0,1,0,0,1.0
TXN1000876,escalation,2026-04-05 15:19:43,1,3629.32,26.0,1,0,0,15.0
TXN1000880,retry,2026-02-16 01:12:56,0,0.0,,2,1,0,2.0
TXN1000880,reminder,2026-02-15 22:48:56,0,0.0,,1,1,0,1.0
TXN1000880,escalation,2026-02-15 22:52:56,1,13570.69,135.0,1,0,0,15.0
TXN1000882,retry,2026-01-03 00:26:29,1,1016.17,36.0,3,0,0,2.0
TXN1000882,reminder,2026-01-02 23:47:29,0,0.0,,2,1,0,1.0
TXN1000882,escalation,2026-01-02 23:47:29,0,0.0,,2,1,0,15.0
TXN1000884,retry,2026-01-24 11:19:08,1,17718.51,203.0,2,0,0,2.0
TXN1000884,reminder,2026-01-24 11:03:08,0,0.0,,1,1,0,1.0
TXN1000884,escalation,2026-01-24 10:01:08,0,0.0,,1,1,0,15.0
TXN1000885,retry,2026-04-02 23:24:57,1,1779.35,162.0,2,0,0,2.0
TXN1000885,reminder,2026-04-03 00:21:57,0,0.0,,1,1,0,1.0
TXN1000885,escalation,2026-04-03 00:07:57,1,1779.35,4.0,1,0,0,15.0
TXN1000888,retry,2026-06-25 10:30:13,1,2125.11,42.0,3,0,0,2.0
TXN1000888,reminder,2026-06-25 10:15:13,0,0.0,,2,1,0,1.0
TXN1000888,escalation,2026-06-25 09:31:13,0,0.0,,2,1,0,15.0
TXN1000891,retry,2026-02-23 11:02:40,1,4189.6,221.0,2,0,0,2.0
TXN1000891,reminder,2026-02-23 09:41:40,1,4189.6,143.0,1,0,0,1.0
TXN1000891,escalation,2026-02-23 09:42:40,0,0.0,,1,1,0,15.0
TXN1000892,retry,2026-06-30 00:01:41,1,9842.15,168.0,2,0,0,2.0
TXN1000892,reminder,2026-06-29 22:22:41,0,0.0,,1,1,0,1.0
TXN1000892,escalation,2026-06-29 22:43:41,1,9842.15,28.0,1,0,0,15.0
TXN1000893,retry,2026-02-04 09:10:28,0,0.0,,2,1,0,2.0
TXN1000893,reminder,2026-02-04 06:40:28,0,0.0,,1,1,0,1.0
TXN1000893,escalation,2026-02-04 07:06:28,1,1616.58,321.0,1,0,0,15.0
TXN1000895,retry,2026-02-26 14:30:47,0,0.0,,3,1,0,2.0
TXN1000895,reminder,2026-02-26 14:15:47,0,0.0,,2,1,0,1.0
TXN1000895,escalation,2026-02-26 12:16:47,1,19931.01,336.0,2,0,0,15.0
TXN1000896,retry,2026-02-06 10:46:06,0,0.0,,2,1,0,2.0
TXN1000896,reminder,2026-02-06 11:39:06,1,7386.12,314.0,1,0,0,1.0
TXN1000896,escalation,2026-02-06 12:06:06,0,0.0,,1,1,0,15.0
TXN1000897,retry,2026-05-22 19:57:08,1,7977.06,268.0,3,0,0,2.0
TXN1000897,reminder,2026-05-22 20:12:08,1,7977.06,295.0,2,0,0,1.0
TXN1000897,escalation,2026-05-22 18:41:08,1,7977.06,194.0,2,0,0,15.0
TXN1000898,retry,2026-05-15 00:38:54,1,4101.55,5.0,2,0,0,2.0
TXN1000898,reminder,2026-05-15 01:08:54,0,0.0,,1,1,0,1.0
TXN1000898,escalation,2026-05-15 00:42:54,1,4101.55,264.0,1,0,0,15.0
TXN1000899,retry,2026-02-23 17:30:42,0,0.0,,2,1,0,2.0
TXN1000899,reminder,2026-02-23 15:16:42,1,1971.42,283.0,1,0,0,1.0
TXN1000899,escalation,2026-02-23 17:22:42,0,0.0,,1,1,0,15.0
TXN1000902,retry,2026-06-20 11:14:54,1,2489.1,241.0,3,0,0,2.0
TXN1000902,reminder,2026-06-20 13:08:54,1,2489.1,76.0,2,0,0,1.0
TXN1000902,escalation,2026-06-20 11:11:54,1,2489.1,174.0,2,0,0,15.0
TXN1000903,retry,2026-03-10 06:51:00,1,6718.14,103.0,2,0,0,2.0
TXN1000903,reminder,2026-03-10 07:29:00,0,0.0,,1,1,0,1.0
TXN1000903,escalation,2026-03-10 07:24:00,1,6718.14,291.0,1,0,0,15.0
TXN1000904,retry,2026-02-03 20:31:49,1,1742.82,345.0,3,0,0,2.0
TXN1000904,reminder,2026-02-03 19:35:49,1,1742.82,17.0,2,0,0,1.0
TXN1000904,escalation,2026-02-03 20:06:49,0,0.0,,2,1,0,15.0
TXN1000906,retry,2026-01-09 15:46:37,1,10848.26,355.0,2,0,0,2.0
TXN1000906,reminder,2026-01-09 16:07:37,0,0.0,,1,1,0,1.0
TXN1000906,escalation,2026-01-09 15:35:37,1,10848.26,190.0,1,0,0,15.0
TXN1000907,retry,2026-05-14 20:31:23,0,0.0,,4,1,1,2.0
TXN1000907,reminder,2026-05-14 21:51:23,1,5383.53,228.0,3,0,0,1.0
TXN1000907,escalation,2026-05-14 20:42:23,1,5383.53,151.0,3,0,0,15.0
TXN1000910,retry,2026-06-07 04:27:33,1,5070.24,157.0,2,0,0,2.0
TXN1000910,reminder,2026-06-07 04:02:33,1,5070.24,109.0,1,0,0,1.0
TXN1000910,escalation,2026-06-07 04:37:33,1,5070.24,2.0,1,0,0,15.0
TXN1000915,retry,2026-05-26 04:11:09,1,2374.79,336.0,3,0,0,2.0
TXN1000915,reminder,2026-05-26 05:55:09,1,2374.79,111.0,2,0,0,1.0
TXN1000915,escalation,2026-05-26 04:09:09,0,0.0,,2,1,0,15.0
TXN1000916,retry,2026-02-12 19:35:59,1,7913.58,162.0,2,0,0,2.0
TXN1000916,reminder,2026-02-12 20:12:59,1,7913.58,211.0,1,0,0,1.0
TXN1000916,escalation,2026-02-12 18:49:59,1,7913.58,203.0,1,0,0,15.0
TXN1000917,retry,2026-06-14 10:27:48,0,0.0,,3,1,0,2.0
TXN1000917,reminder,2026-06-14 10:36:48,1,934.53,335.0,2,0,0,1.0
TXN1000917,escalation,2026-06-14 11:51:48,1,934.53,211.0,2,0,0,15.0
TXN1000918,retry,2026-06-01 19:36:26,1,1787.2,3.0,2,0,0,2.0
TXN1000918,reminder,2026-06-01 19:00:26,1,1787.2,343.0,1,0,0,1.0
TXN1000918,escalation,2026-06-01 19:05:26,1,1787.2,209.0,1,0,0,15.0
TXN1000919,retry,2026-01-26 19:03:41,1,9089.44,288.0,4,0,1,2.0
TXN1000919,reminder,2026-01-26 19:06:41,0,0.0,,3,1,0,1.0
TXN1000919,escalation,2026-01-26 19:24:41,0,0.0,,3,1,0,15.0
TXN1000925,retry,2026-06-29 20:15:08,1,4009.75,12.0,2,0,0,2.0
TXN1000925,reminder,2026-06-29 18:35:08,0,0.0,,1,1,0,1.0
TXN1000925,escalation,2026-06-29 17:18:08,0,0.0,,1,1,0,15.0
TXN1000929,retry,2026-06-18 22:56:24,1,3076.96,160.0,3,0,0,2.0
TXN1000929,reminder,2026-06-18 23:58:24,0,0.0,,2,1,0,1.0
TXN1000929,escalation,2026-06-18 23:37:24,1,3076.96,222.0,2,0,0,15.0
TXN1000931,retry,2026-06-23 11:35:04,1,1048.65,236.0,2,0,0,2.0
TXN1000931,reminder,2026-06-23 10:31:04,1,1048.65,92.0,1,0,0,1.0
TXN1000931,escalation,2026-06-23 10:58:04,1,1048.65,167.0,1,0,0,15.0
TXN1000938,retry,2026-04-20 07:11:28,0,0.0,,3,1,0,2.0
TXN1000938,reminder,2026-04-20 05:46:28,0,0.0,,2,1,0,1.0
TXN1000938,escalation,2026-04-20 07:51:28,1,4834.53,144.0,2,0,0,15.0
TXN1000942,retry,2026-01-23 17:10:52,1,1303.7,251.0,2,0,0,2.0
TXN1000942,reminder,2026-01-23 15:25:52,0,0.0,,1,1,0,1.0
TXN1000942,escalation,2026-01-23 17:56:52,1,1303.7,44.0,1,0,0,15.0
TXN1000945,retry,2026-06-14 14:49:17,0,0.0,,2,1,0,2.0
TXN1000945,reminder,2026-06-14 12:41:17,0,0.0,,1,1,0,1.0
TXN1000945,escalation,2026-06-14 12:43:17,0,0.0,,1,1,0,15.0
TXN1000949,retry,2026-05-14 14:17:37,1,1276.4,319.0,2,0,0,2.0
TXN1000949,reminder,2026-05-14 14:20:37,1,1276.4,93.0,1,0,0,1.0
TXN1000949,escalation,2026-05-14 12:56:37,1,1276.4,120.0,1,0,0,15.0
TXN1000950,retry,2026-03-21 22:14:40,1,15078.23,236.0,2,0,0,2.0
TXN1000950,reminder,2026-03-21 22:08:40,1,15078.23,355.0,1,0,0,1.0
TXN1000950,escalation,2026-03-21 23:05:40,0,0.0,,1,1,0,15.0
TXN1000955,retry,2026-03-04 04:19:24,0,0.0,,4,1,1,2.0
TXN1000955,reminder,2026-03-04 06:31:24,0,0.0,,3,1,0,1.0
TXN1000955,escalation,2026-03-04 04:39:24,0,0.0,,3,1,0,15.0
TXN1000959,retry,2026-03-04 12:28:59,1,19011.15,206.0,2,0,0,2.0
TXN1000959,reminder,2026-03-04 13:54:59,1,19011.15,196.0,1,0,0,1.0
TXN1000959,escalation,2026-03-04 11:44:59,1,19011.15,351.0,1,0,0,15.0
TXN1000965,retry,2026-04-17 17:50:55,1,675.44,300.0,2,0,0,2.0
TXN1000965,reminder,2026-04-17 15:28:55,0,0.0,,1,1,0,1.0
TXN1000965,escalation,2026-04-17 17:30:55,1,675.44,349.0,1,0,0,15.0
TXN1000966,retry,2026-02-03 15:54:33,1,8285.52,75.0,2,0,0,2.0
TXN1000966,reminder,2026-02-03 13:40:33,1,8285.52,203.0,1,0,0,1.0
TXN1000966,escalation,2026-02-03 14:06:33,1,8285.52,130.0,1,0,0,15.0
TXN1000967,retry,2026-03-26 17:10:51,1,2102.62,56.0,2,0,0,2.0
TXN1000967,reminder,2026-03-26 16:58:51,0,0.0,,1,1,0,1.0
TXN1000967,escalation,2026-03-26 15:17:51,1,2102.62,274.0,1,0,0,15.0
TXN1000970,retry,2026-01-05 14:01:44,0,0.0,,2,1,0,2.0
TXN1000970,reminder,2026-01-05 13:25:44,0,0.0,,1,1,0,1.0
TXN1000970,escalation,2026-01-05 13:42:44,1,1719.13,203.0,1,0,0,15.0
TXN1000972,retry,2026-05-16 11:05:35,0,0.0,,3,1,0,2.0
TXN1000972,reminder,2026-05-16 11:55:35,1,1656.46,215.0,2,0,0,1.0
TXN1000972,escalation,2026-05-16 10:58:35,0,0.0,,2,1,0,15.0
TXN1000976,retry,2026-04-21 15:32:38,1,3397.51,304.0,2,0,0,2.0
TXN1000976,reminder,2026-04-21 15:36:38,0,0.0,,1,1,0,1.0
TXN1000976,escalation,2026-04-21 17:04:38,1,3397.51,29.0,1,0,0,15.0
TXN1000977,retry,2026-03-28 20:08:10,1,14586.34,123.0,2,0,0,2.0
TXN1000977,reminder,2026-03-28 18:38:10,0,0.0,,1,1,0,1.0
TXN1000977,escalation,2026-03-28 21:05:10,1,14586.34,206.0,1,0,0,15.0
TXN1000980,retry,2026-02-03 23:34:15,0,0.0,,5,1,1,2.0
TXN1000980,reminder,2026-02-03 23:08:15,1,3161.74,260.0,4,0,0,1.0
TXN1000980,escalation,2026-02-04 00:41:15,0,0.0,,4,1,0,15.0
TXN1000981,retry,2026-04-27 13:11:20,0,0.0,,3,1,0,2.0
TXN1000981,reminder,2026-04-27 12:58:20,0,0.0,,2,1,0,1.0
TXN1000981,escalation,2026-04-27 14:14:20,0,0.0,,2,1,0,15.0
TXN1000983,retry,2026-01-17 02:20:12,1,13731.46,232.0,2,0,0,2.0
TXN1000983,reminder,2026-01-17 02:18:12,1,13731.46,123.0,1,0,0,1.0
TXN1000983,escalation,2026-01-17 00:05:12,1,13731.46,14.0,1,0,0,15.0
TXN1000984,retry,2026-03-26 08:38:30,0,0.0,,2,1,0,2.0
TXN1000984,reminder,2026-03-26 10:06:30,0,0.0,,1,1,0,1.0
TXN1000984,escalation,2026-03-26 08:38:30,0,0.0,,1,1,0,15.0
TXN1000988,retry,2026-05-19 07:06:17,1,6503.19,146.0,2,0,0,2.0
TXN1000988,reminder,2026-05-19 05:51:17,1,6503.19,2.0,1,0,0,1.0
TXN1000988,escalation,2026-05-19 06:17:17,1,6503.19,212.0,1,0,0,15.0
TXN1000990,retry,2026-05-24 17:34:58,1,6027.25,24.0,2,0,0,2.0
TXN1000990,reminder,2026-05-24 15:53:58,1,6027.25,116.0,1,0,0,1.0
TXN1000990,escalation,2026-05-24 16:52:58,1,6027.25,116.0,1,0,0,15.0
TXN1000991,retry,2026-05-22 23:57:16,0,0.0,,4,1,1,2.0
TXN1000991,reminder,2026-05-23 00:57:16,0,0.0,,3,1,0,1.0
TXN1000991,escalation,2026-05-22 23:52:16,1,26313.83,45.0,3,0,0,15.0
TXN1000992,retry,2026-05-07 22:55:51,1,2050.51,288.0,2,0,0,2.0
TXN1000992,reminder,2026-05-07 23:55:51,1,2050.51,139.0,1,0,0,1.0
TXN1000992,escalation,2026-05-07 22:08:51,1,2050.51,163.0,1,0,0,15.0
TXN1000995,retry,2026-02-15 22:35:02,1,6051.68,116.0,2,0,0,2.0
TXN1000995,reminder,2026-02-15 21:55:02,0,0.0,,1,1,0,1.0
TXN1000995,escalation,2026-02-15 22:41:02,1,6051.68,320.0,1,0,0,15.0
TXN1000997,retry,2026-02-04 20:37:35,1,2731.74,267.0,2,0,0,2.0
TXN1000997,reminder,2026-02-04 22:22:35,0,0.0,,1,1,0,1.0
TXN1000997,escalation,2026-02-04 21:40:35,1,2731.74,317.0,1,0,0,15.0
TXN1000999,retry,2026-03-18 03:26:24,1,4448.77,187.0,3,0,0,2.0
TXN1000999,reminder,2026-03-18 04:10:24,0,0.0,,2,1,0,1.0
TXN1000999,escalation,2026-03-18 04:57:24,0,0.0,,2,1,0,15.0
TXN1001003,retry,2026-05-10 08:40:40,1,3706.28,133.0,2,0,0,2.0
TXN1001003,reminder,2026-05-10 09:21:40,1,3706.28,72.0,1,0,0,1.0
TXN1001003,escalation,2026-05-10 09:10:40,0,0.0,,1,1,0,15.0
TXN1001006,retry,2026-03-20 05:48:08,0,0.0,,4,1,1,2.0
TXN1001006,reminder,2026-03-20 03:50:08,0,0.0,,3,1,0,1.0
TXN1001006,escalation,2026-03-20 05:15:08,1,4894.59,97.0,3,0,0,15.0
TXN1001007,retry,2026-02-26 06:36:53,1,1133.62,44.0,2,0,0,2.0
TXN1001007,reminder,2026-02-26 06:58:53,0,0.0,,1,1,0,1.0
TXN1001007,escalation,2026-02-26 05:13:53,1,1133.62,239.0,1,0,0,15.0
TXN1001008,retry,2026-02-19 21:52:36,0,0.0,,3,1,0,2.0
TXN1001008,reminder,2026-02-19 23:30:36,1,4452.12,354.0,2,0,0,1.0
TXN1001008,escalation,2026-02-20 00:02:36,0,0.0,,2,1,0,15.0
TXN1001012,retry,2026-03-24 14:26:27,1,3183.92,143.0,2,0,0,2.0
TXN1001012,reminder,2026-03-24 13:59:27,1,3183.92,240.0,1,0,0,1.0
TXN1001012,escalation,2026-03-24 15:02:27,1,3183.92,317.0,1,0,0,15.0
TXN1001013,retry,2026-01-04 12:16:35,0,0.0,,2,1,0,2.0
TXN1001013,reminder,2026-01-04 12:59:35,1,6401.49,277.0,1,0,0,1.0
TXN1001013,escalation,2026-01-04 11:27:35,1,6401.49,239.0,1,0,0,15.0
TXN1001014,retry,2026-04-02 02:42:06,0,0.0,,3,1,0,2.0
TXN1001014,reminder,2026-04-02 02:42:06,0,0.0,,2,1,0,1.0
TXN1001014,escalation,2026-04-02 02:20:06,1,12859.5,48.0,2,0,0,15.0
TXN1001016,retry,2026-03-01 23:48:39,1,7722.84,280.0,2,0,0,2.0
TXN1001016,reminder,2026-03-02 00:19:39,1,7722.84,84.0,1,0,0,1.0
TXN1001016,escalation,2026-03-01 21:51:39,0,0.0,,1,1,0,15.0
TXN1001020,retry,2026-03-10 13:53:31,0,0.0,,3,1,0,2.0
TXN1001020,reminder,2026-03-10 13:52:31,0,0.0,,2,1,0,1.0
TXN1001020,escalation,2026-03-10 14:05:31,1,6249.04,142.0,2,0,0,15.0
TXN1001023,retry,2026-04-07 06:59:53,1,6791.1,249.0,4,0,1,2.0
TXN1001023,reminder,2026-04-07 08:13:53,0,0.0,,3,1,0,1.0
TXN1001023,escalation,2026-04-07 06:46:53,0,0.0,,3,1,0,15.0
TXN1001024,retry,2026-03-29 10:54:47,1,14948.72,284.0,2,0,0,2.0
TXN1001024,reminder,2026-03-29 12:09:47,1,14948.72,300.0,1,0,0,1.0
TXN1001024,escalation,2026-03-29 11:15:47,0,0.0,,1,1,0,15.0
TXN1001027,retry,2026-05-19 07:51:30,1,24469.24,310.0,2,0,0,2.0
TXN1001027,reminder,2026-05-19 06:28:30,1,24469.24,2.0,1,0,0,1.0
TXN1001027,escalation,2026-05-19 07:26:30,0,0.0,,1,1,0,15.0
TXN1001030,retry,2026-05-02 20:19:15,0,0.0,,3,1,0,2.0
TXN1001030,reminder,2026-05-02 20:13:15,1,1841.49,287.0,2,0,0,1.0
TXN1001030,escalation,2026-05-02 19:25:15,0,0.0,,2,1,0,15.0
TXN1001031,retry,2026-05-27 04:48:24,0,0.0,,4,1,1,2.0
TXN1001031,reminder,2026-05-27 06:16:24,0,0.0,,3,1,0,1.0
TXN1001031,escalation,2026-05-27 04:00:24,0,0.0,,3,1,0,15.0
TXN1001034,retry,2026-01-18 07:55:26,0,0.0,,4,1,1,2.0
TXN1001034,reminder,2026-01-18 07:11:26,0,0.0,,3,1,0,1.0
TXN1001034,escalation,2026-01-18 06:34:26,0,0.0,,3,1,0,15.0
TXN1001036,retry,2026-05-19 22:35:13,1,578.76,140.0,4,0,1,2.0
TXN1001036,reminder,2026-05-19 20:52:13,0,0.0,,3,1,0,1.0
TXN1001036,escalation,2026-05-19 22:37:13,1,578.76,116.0,3,0,0,15.0
TXN1001037,retry,2026-06-25 15:04:00,0,0.0,,4,1,1,2.0
TXN1001037,reminder,2026-06-25 14:32:00,0,0.0,,3,1,0,1.0
TXN1001037,escalation,2026-06-25 15:45:00,1,1523.85,148.0,3,0,0,15.0
TXN1001041,retry,2026-02-27 06:59:19,0,0.0,,3,1,0,2.0
TXN1001041,reminder,2026-02-27 06:15:19,1,3337.93,135.0,2,0,0,1.0
TXN1001041,escalation,2026-02-27 06:14:19,1,3337.93,39.0,2,0,0,15.0
TXN1001042,retry,2026-03-23 15:13:28,0,0.0,,4,1,1,2.0
TXN1001042,reminder,2026-03-23 15:57:28,0,0.0,,3,1,0,1.0
TXN1001042,escalation,2026-03-23 15:48:28,1,7137.53,305.0,3,0,0,15.0
TXN1001043,retry,2026-04-01 23:44:10,1,1026.62,154.0,4,0,1,2.0
TXN1001043,reminder,2026-04-01 23:37:10,0,0.0,,3,1,0,1.0
TXN1001043,escalation,2026-04-01 23:10:10,1,1026.62,201.0,3,0,0,15.0
TXN1001046,retry,2026-03-25 19:15:05,1,8802.36,104.0,4,0,1,2.0
TXN1001046,reminder,2026-03-25 19:15:05,1,8802.36,195.0,3,0,0,1.0
TXN1001046,escalation,2026-03-25 18:41:05,1,8802.36,225.0,3,0,0,15.0
TXN1001048,retry,2026-03-19 23:37:57,0,0.0,,5,1,1,2.0
TXN1001048,reminder,2026-03-19 23:42:57,0,0.0,,4,1,0,1.0
TXN1001048,escalation,2026-03-20 00:11:57,0,0.0,,4,1,0,15.0
TXN1001051,retry,2026-03-08 15:44:59,1,528.63,10.0,3,0,0,2.0
TXN1001051,reminder,2026-03-08 15:57:59,1,528.63,287.0,2,0,0,1.0
TXN1001051,escalation,2026-03-08 16:33:59,0,0.0,,2,1,0,15.0
TXN1001052,retry,2026-03-09 06:15:11,1,9155.16,108.0,2,0,0,2.0
TXN1001052,reminder,2026-03-09 05:47:11,0,0.0,,1,1,0,1.0
TXN1001052,escalation,2026-03-09 08:20:11,0,0.0,,1,1,0,15.0
TXN1001055,retry,2026-03-22 18:23:35,0,0.0,,2,1,0,2.0
TXN1001055,reminder,2026-03-22 17:50:35,1,12920.67,153.0,1,0,0,1.0
TXN1001055,escalation,2026-03-22 17:18:35,1,12920.67,49.0,1,0,0,15.0
TXN1001058,retry,2026-01-22 00:18:42,0,0.0,,3,1,0,2.0
TXN1001058,reminder,2026-01-21 22:17:42,0,0.0,,2,1,0,1.0
TXN1001058,escalation,2026-01-21 23:33:42,0,0.0,,2,1,0,15.0
TXN1001060,retry,2026-05-24 20:58:23,1,5904.67,58.0,3,0,0,2.0
TXN1001060,reminder,2026-05-24 19:53:23,1,5904.67,62.0,2,0,0,1.0
TXN1001060,escalation,2026-05-24 20:18:23,1,5904.67,20.0,2,0,0,15.0
TXN1001062,retry,2026-02-24 16:29:02,0,0.0,,4,1,1,2.0
TXN1001062,reminder,2026-02-24 15:48:02,0,0.0,,3,1,0,1.0
TXN1001062,escalation,2026-02-24 15:39:02,0,0.0,,3,1,0,15.0
TXN1001067,retry,2026-05-12 00:11:46,1,3273.13,236.0,2,0,0,2.0
TXN1001067,reminder,2026-05-12 02:40:46,1,3273.13,57.0,1,0,0,1.0
TXN1001067,escalation,2026-05-12 02:09:46,0,0.0,,1,1,0,15.0
TXN1001070,retry,2026-03-07 19:35:04,1,408.25,189.0,2,0,0,2.0
TXN1001070,reminder,2026-03-07 18:56:04,0,0.0,,1,1,0,1.0
TXN1001070,escalation,2026-03-07 20:08:04,1,408.25,198.0,1,0,1,15.0
TXN1001074,retry,2026-03-13 11:13:47,1,1085.89,156.0,5,0,1,2.0
TXN1001074,reminder,2026-03-13 10:49:47,0,0.0,,4,1,0,1.0
TXN1001074,escalation,2026-03-13 10:55:47,1,1085.89,91.0,4,0,0,15.0
TXN1001077,retry,2026-02-09 19:20:58,1,1932.74,3.0,3,0,0,2.0
TXN1001077,reminder,2026-02-09 20:58:58,0,0.0,,2,1,0,1.0
TXN1001077,escalation,2026-02-09 19:19:58,0,0.0,,2,1,0,15.0
TXN1001079,retry,2026-06-17 12:19:47,1,19393.88,334.0,2,0,0,2.0
TXN1001079,reminder,2026-06-17 13:36:47,1,19393.88,303.0,1,0,0,1.0
TXN1001079,escalation,2026-06-17 14:29:47,1,19393.88,5.0,1,0,0,15.0
TXN1001087,retry,2026-06-22 11:52:19,1,11826.58,207.0,2,0,0,2.0
TXN1001087,reminder,2026-06-22 10:53:19,1,11826.58,239.0,1,0,0,1.0
TXN1001087,escalation,2026-06-22 09:17:19,1,11826.58,224.0,1,0,0,15.0
TXN1001088,retry,2026-06-04 07:41:39,0,0.0,,2,1,0,2.0
TXN1001088,reminder,2026-06-04 07:36:39,0,0.0,,1,1,0,1.0
TXN1001088,escalation,2026-06-04 08:08:39,0,0.0,,1,1,0,15.0
TXN1001091,retry,2026-04-19 17:06:05,1,1142.59,132.0,2,0,0,2.0
TXN1001091,reminder,2026-04-19 15:26:05,1,1142.59,203.0,1,0,0,1.0
TXN1001091,escalation,2026-04-19 15:08:05,0,0.0,,1,1,0,15.0
TXN1001094,retry,2026-03-08 17:38:54,0,0.0,,3,1,0,2.0
TXN1001094,reminder,2026-03-08 15:57:54,1,3867.21,355.0,2,0,0,1.0
TXN1001094,escalation,2026-03-08 15:33:54,1,3867.21,66.0,2,0,0,15.0
TXN1001097,retry,2026-05-20 11:31:11,0,0.0,,2,1,0,2.0
TXN1001097,reminder,2026-05-20 13:36:11,1,5152.17,295.0,1,0,0,1.0
TXN1001097,escalation,2026-05-20 12:22:11,1,5152.17,220.0,1,0,0,15.0
TXN1001099,retry,2026-06-12 19:55:16,1,943.99,144.0,5,0,1,2.0
TXN1001099,reminder,2026-06-12 18:46:16,0,0.0,,4,1,0,1.0
TXN1001099,escalation,2026-06-12 18:44:16,0,0.0,,4,1,0,15.0
TXN1001100,retry,2026-06-11 08:18:40,1,11683.46,173.0,2,0,0,2.0
TXN1001100,reminder,2026-06-11 08:41:40,0,0.0,,1,1,0,1.0
TXN1001100,escalation,2026-06-11 09:39:40,1,11683.46,151.0,1,0,0,15.0
TXN1001102,retry,2026-06-13 15:25:25,1,10599.47,20.0,2,0,0,2.0
TXN1001102,reminder,2026-06-13 15:21:25,1,10599.47,357.0,1,0,0,1.0
TXN1001102,escalation,2026-06-13 14:02:25,1,10599.47,329.0,1,0,0,15.0
TXN1001104,retry,2026-05-30 06:18:44,1,5278.21,106.0,2,0,0,2.0
TXN1001104,reminder,2026-05-30 07:56:44,1,5278.21,306.0,1,0,0,1.0
TXN1001104,escalation,2026-05-30 08:21:44,1,5278.21,232.0,1,0,0,15.0
TXN1001107,retry,2026-06-25 01:39:15,0,0.0,,2,1,0,2.0
TXN1001107,reminder,2026-06-25 00:18:15,1,1772.03,276.0,1,0,0,1.0
TXN1001107,escalation,2026-06-25 00:50:15,1,1772.03,70.0,1,0,0,15.0
TXN1001108,retry,2026-01-20 18:11:55,0,0.0,,2,1,0,2.0
TXN1001108,reminder,2026-01-20 17:55:55,0,0.0,,1,1,0,1.0
TXN1001108,escalation,2026-01-20 17:52:55,0,0.0,,1,1,0,15.0
TXN1001109,retry,2026-05-14 15:43:51,0,0.0,,3,1,0,2.0
TXN1001109,reminder,2026-05-14 18:19:51,0,0.0,,2,1,0,1.0
TXN1001109,escalation,2026-05-14 15:57:51,1,10206.63,324.0,2,0,0,15.0
TXN1001110,retry,2026-03-04 23:38:51,1,11345.38,174.0,2,0,0,2.0
TXN1001110,reminder,2026-03-05 00:22:51,0,0.0,,1,1,0,1.0
TXN1001110,escalation,2026-03-05 01:28:51,1,11345.38,199.0,1,0,0,15.0
TXN1001111,retry,2026-04-09 13:18:06,1,1080.5,291.0,2,0,0,2.0
TXN1001111,reminder,2026-04-09 11:00:06,0,0.0,,1,1,0,1.0
TXN1001111,escalation,2026-04-09 12:08:06,1,1080.5,351.0,1,0,0,15.0
TXN1001113,retry,2026-01-20 20:20:35,1,2056.18,64.0,2,0,0,2.0
TXN1001113,reminder,2026-01-20 21:10:35,1,2056.18,155.0,1,0,0,1.0
TXN1001113,escalation,2026-01-20 22:05:35,1,2056.18,278.0,1,0,0,15.0
TXN1001117,retry,2026-02-17 15:29:43,1,1868.89,204.0,2,0,0,2.0
TXN1001117,reminder,2026-02-17 15:11:43,0,0.0,,1,1,0,1.0
TXN1001117,escalation,2026-02-17 15:38:43,1,1868.89,163.0,1,0,0,15.0
TXN1001124,retry,2026-04-14 07:57:41,1,1334.28,242.0,2,0,0,2.0
TXN1001124,reminder,2026-04-14 08:45:41,1,1334.28,180.0,1,0,0,1.0
TXN1001124,escalation,2026-04-14 08:56:41,1,1334.28,269.0,1,0,0,15.0
TXN1001125,retry,2026-06-29 23:02:02,1,4941.43,6.0,2,0,0,2.0
TXN1001125,reminder,2026-06-29 23:03:02,1,4941.43,74.0,1,0,0,1.0
TXN1001125,escalation,2026-06-29 23:24:02,0,0.0,,1,1,0,15.0
TXN1001126,retry,2026-01-09 09:46:18,1,12678.61,231.0,2,0,0,2.0
TXN1001126,reminder,2026-01-09 10:08:18,1,12678.61,235.0,1,0,0,1.0
TXN1001126,escalation,2026-01-09 09:50:18,0,0.0,,1,1,0,15.0
TXN1001128,retry,2026-02-01 12:22:34,0,0.0,,2,1,0,2.0
TXN1001128,reminder,2026-02-01 14:20:34,1,6038.28,107.0,1,0,0,1.0
TXN1001128,escalation,2026-02-01 14:36:34,0,0.0,,1,1,0,15.0
TXN1001135,retry,2026-06-18 15:11:37,1,2144.85,345.0,2,0,0,2.0
TXN1001135,reminder,2026-06-18 15:01:37,1,2144.85,5.0,1,0,0,1.0
TXN1001135,escalation,2026-06-18 16:06:37,0,0.0,,1,1,0,15.0
TXN1001136,retry,2026-03-12 02:46:57,1,6504.55,143.0,2,0,0,2.0
TXN1001136,reminder,2026-03-12 01:41:57,1,6504.55,276.0,1,0,0,1.0
TXN1001136,escalation,2026-03-12 01:58:57,0,0.0,,1,1,0,15.0
TXN1001139,retry,2026-03-04 15:25:09,1,5570.71,240.0,3,0,0,2.0
TXN1001139,reminder,2026-03-04 14:08:09,1,5570.71,55.0,2,0,0,1.0
TXN1001139,escalation,2026-03-04 13:36:09,0,0.0,,2,1,0,15.0
TXN1001142,retry,2026-01-05 09:41:35,1,12755.95,56.0,2,0,0,2.0
TXN1001142,reminder,2026-01-05 08:31:35,0,0.0,,1,1,0,1.0
TXN1001142,escalation,2026-01-05 08:12:35,0,0.0,,1,1,0,15.0
TXN1001148,retry,2026-02-24 18:55:14,1,2642.35,181.0,3,0,0,2.0
TXN1001148,reminder,2026-02-24 18:31:14,0,0.0,,2,1,0,1.0
TXN1001148,escalation,2026-02-24 18:09:14,1,2642.35,124.0,2,0,0,15.0
TXN1001151,retry,2026-01-09 20:16:20,1,3708.39,77.0,2,0,0,2.0
TXN1001151,reminder,2026-01-09 18:54:20,1,3708.39,56.0,1,0,0,1.0
TXN1001151,escalation,2026-01-09 18:56:20,0,0.0,,1,1,0,15.0
TXN1001153,retry,2026-04-09 08:48:28,1,2785.96,120.0,2,0,0,2.0
TXN1001153,reminder,2026-04-09 07:44:28,0,0.0,,1,1,0,1.0
TXN1001153,escalation,2026-04-09 08:44:28,0,0.0,,1,1,0,15.0
TXN1001156,retry,2026-06-24 08:42:22,0,0.0,,4,1,1,2.0
TXN1001156,reminder,2026-06-24 07:45:22,1,9242.58,115.0,3,0,0,1.0
TXN1001156,escalation,2026-06-24 08:18:22,1,9242.58,165.0,3,0,0,15.0
TXN1001157,retry,2026-02-28 19:03:46,1,38872.02,242.0,2,0,0,2.0
TXN1001157,reminder,2026-02-28 21:25:46,1,38872.02,294.0,1,0,0,1.0
TXN1001157,escalation,2026-02-28 20:50:46,0,0.0,,1,1,0,15.0
TXN1001158,retry,2026-01-24 03:56:06,1,4035.56,81.0,2,0,0,2.0
TXN1001158,reminder,2026-01-24 03:55:06,0,0.0,,1,1,0,1.0
TXN1001158,escalation,2026-01-24 04:57:06,1,4035.56,317.0,1,0,0,15.0
TXN1001159,retry,2026-05-25 14:40:42,1,19801.92,157.0,3,0,0,2.0
TXN1001159,reminder,2026-05-25 16:41:42,0,0.0,,2,1,0,1.0
TXN1001159,escalation,2026-05-25 15:54:42,1,19801.92,226.0,2,0,0,15.0
TXN1001160,retry,2026-06-10 07:30:16,1,4079.87,268.0,2,0,0,2.0
TXN1001160,reminder,2026-06-10 04:44:16,1,4079.87,286.0,1,0,0,1.0
TXN1001160,escalation,2026-06-10 06:37:16,0,0.0,,1,1,0,15.0
TXN1001162,retry,2026-06-08 05:59:43,1,637.68,32.0,2,0,0,2.0
TXN1001162,reminder,2026-06-08 04:27:43,1,637.68,138.0,1,0,0,1.0
TXN1001162,escalation,2026-06-08 06:24:43,1,637.68,115.0,1,0,0,15.0
TXN1001170,retry,2026-04-05 08:08:52,1,5420.09,218.0,3,0,0,2.0
TXN1001170,reminder,2026-04-05 07:38:52,1,5420.09,116.0,2,0,0,1.0
TXN1001170,escalation,2026-04-05 08:00:52,0,0.0,,2,1,0,15.0
TXN1001173,retry,2026-02-21 11:50:29,1,12289.32,67.0,4,0,1,2.0
TXN1001173,reminder,2026-02-21 11:10:29,0,0.0,,3,1,0,1.0
TXN1001173,escalation,2026-02-21 10:44:29,0,0.0,,3,1,0,15.0
TXN1001176,retry,2026-04-30 14:13:01,1,3080.72,132.0,2,0,0,2.0
TXN1001176,reminder,2026-04-30 14:41:01,0,0.0,,1,1,0,1.0
TXN1001176,escalation,2026-04-30 15:46:01,0,0.0,,1,1,0,15.0
TXN1001177,retry,2026-04-09 13:53:38,0,0.0,,3,1,0,2.0
TXN1001177,reminder,2026-04-09 12:44:38,1,36188.2,254.0,2,0,0,1.0
TXN1001177,escalation,2026-04-09 14:42:38,0,0.0,,2,1,0,15.0
TXN1001184,retry,2026-03-30 19:53:40,1,1354.12,78.0,3,0,0,2.0
TXN1001184,reminder,2026-03-30 18:06:40,0,0.0,,2,1,0,1.0
TXN1001184,escalation,2026-03-30 18:07:40,0,0.0,,2,1,0,15.0
TXN1001185,retry,2026-04-27 18:39:25,0,0.0,,2,1,0,2.0
TXN1001185,reminder,2026-04-27 18:52:25,1,1024.52,300.0,1,0,0,1.0
TXN1001185,escalation,2026-04-27 20:16:25,1,1024.52,176.0,1,0,0,15.0
TXN1001186,retry,2026-06-12 15:16:19,0,0.0,,4,1,1,2.0
TXN1001186,reminder,2026-06-12 15:36:19,0,0.0,,3,1,0,1.0
TXN1001186,escalation,2026-06-12 17:14:19,1,18010.81,70.0,3,0,0,15.0
TXN1001187,retry,2026-04-02 03:06:29,1,44178.9,35.0,3,0,0,2.0
TXN1001187,reminder,2026-04-02 02:58:29,0,0.0,,2,1,0,1.0
TXN1001187,escalation,2026-04-02 04:21:29,1,44178.9,106.0,2,0,0,15.0
TXN1001188,retry,2026-01-14 23:47:00,1,5932.92,124.0,2,0,0,2.0
TXN1001188,reminder,2026-01-14 21:30:00,0,0.0,,1,1,0,1.0
TXN1001188,escalation,2026-01-14 22:10:00,1,5932.92,339.0,1,0,0,15.0
TXN1001190,retry,2026-02-17 21:15:07,1,16719.66,50.0,2,0,0,2.0
TXN1001190,reminder,2026-02-17 21:52:07,1,16719.66,186.0,1,0,0,1.0
TXN1001190,escalation,2026-02-17 23:05:07,0,0.0,,1,1,0,15.0
TXN1001191,retry,2026-03-24 19:26:13,1,3233.53,99.0,2,0,0,2.0
TXN1001191,reminder,2026-03-24 18:57:13,0,0.0,,1,1,0,1.0
TXN1001191,escalation,2026-03-24 18:19:13,1,3233.53,202.0,1,0,0,15.0
TXN1001192,retry,2026-01-03 21:20:43,1,1734.55,335.0,4,0,1,2.0
TXN1001192,reminder,2026-01-03 19:55:43,1,1734.55,155.0,3,0,0,1.0
TXN1001192,escalation,2026-01-03 19:33:43,0,0.0,,3,1,0,15.0
TXN1001197,retry,2026-04-09 06:26:50,1,7998.24,58.0,4,0,1,2.0
TXN1001197,reminder,2026-04-09 07:00:50,0,0.0,,3,1,0,1.0
TXN1001197,escalation,2026-04-09 05:55:50,0,0.0,,3,1,0,15.0
TXN1001198,retry,2026-06-04 18:39:09,1,14565.83,155.0,2,0,0,2.0
TXN1001198,reminder,2026-06-04 20:31:09,1,14565.83,116.0,1,0,0,1.0
TXN1001198,escalation,2026-06-04 18:51:09,0,0.0,,1,1,0,15.0
TXN1001199,retry,2026-06-24 00:10:18,1,6170.47,192.0,2,0,0,2.0
TXN1001199,reminder,2026-06-24 01:39:18,1,6170.47,303.0,1,0,0,1.0
TXN1001199,escalation,2026-06-24 01:42:18,0,0.0,,1,1,0,15.0
TXN1001209,retry,2026-01-18 08:17:48,1,13014.01,214.0,2,0,0,2.0
TXN1001209,reminder,2026-01-18 07:00:48,0,0.0,,1,1,0,1.0
TXN1001209,escalation,2026-01-18 07:13:48,1,13014.01,188.0,1,0,0,15.0
TXN1001210,retry,2026-06-19 02:30:53,0,0.0,,4,1,1,2.0
TXN1001210,reminder,2026-06-19 03:11:53,1,12095.08,142.0,3,0,0,1.0
TXN1001210,escalation,2026-06-19 00:24:53,1,12095.08,245.0,3,0,0,15.0
TXN1001211,retry,2026-03-05 20:52:04,1,1584.55,131.0,3,0,0,2.0
TXN1001211,reminder,2026-03-05 21:58:04,0,0.0,,2,1,0,1.0
TXN1001211,escalation,2026-03-05 22:53:04,0,0.0,,2,1,0,15.0
TXN1001215,retry,2026-05-12 00:02:38,0,0.0,,2,1,0,2.0
TXN1001215,reminder,2026-05-11 23:39:38,1,2951.11,17.0,1,0,0,1.0
TXN1001215,escalation,2026-05-11 22:23:38,0,0.0,,1,1,0,15.0
TXN1001216,retry,2026-03-13 11:40:15,1,4874.31,9.0,3,0,0,2.0
TXN1001216,reminder,2026-03-13 13:03:15,0,0.0,,2,1,0,1.0
TXN1001216,escalation,2026-03-13 13:38:15,0,0.0,,2,1,0,15.0
TXN1001217,retry,2026-06-14 13:27:31,1,2540.93,20.0,5,0,1,2.0
TXN1001217,reminder,2026-06-14 13:57:31,0,0.0,,4,1,0,1.0
TXN1001217,escalation,2026-06-14 12:56:31,0,0.0,,4,1,0,15.0
TXN1001219,retry,2026-04-02 03:25:17,1,12558.44,356.0,2,0,0,2.0
TXN1001219,reminder,2026-04-02 04:26:17,1,12558.44,82.0,1,0,0,1.0
TXN1001219,escalation,2026-04-02 04:59:17,1,12558.44,290.0,1,0,0,15.0
TXN1001220,retry,2026-05-26 16:02:08,0,0.0,,3,1,0,2.0
TXN1001220,reminder,2026-05-26 16:26:08,0,0.0,,2,1,0,1.0
TXN1001220,escalation,2026-05-26 17:16:08,1,1731.52,251.0,2,0,0,15.0
TXN1001226,retry,2026-06-01 13:18:52,1,8922.51,111.0,3,0,0,2.0
TXN1001226,reminder,2026-06-01 12:15:52,0,0.0,,2,1,0,1.0
TXN1001226,escalation,2026-06-01 13:33:52,0,0.0,,2,1,0,15.0
TXN1001228,retry,2026-04-06 11:10:20,1,7490.64,204.0,2,0,0,2.0
TXN1001228,reminder,2026-04-06 12:14:20,1,7490.64,162.0,1,0,0,1.0
TXN1001228,escalation,2026-04-06 11:03:20,0,0.0,,1,1,0,15.0
TXN1001230,retry,2026-05-12 10:18:11,0,0.0,,2,1,0,2.0
TXN1001230,reminder,2026-05-12 09:57:11,0,0.0,,1,1,0,1.0
TXN1001230,escalation,2026-05-12 08:37:11,0,0.0,,1,1,0,15.0
TXN1001232,retry,2026-01-05 17:59:42,1,11638.23,219.0,2,0,0,2.0
TXN1001232,reminder,2026-01-05 19:58:42,1,11638.23,195.0,1,0,0,1.0
TXN1001232,escalation,2026-01-05 19:17:42,0,0.0,,1,1,0,15.0
TXN1001235,retry,2026-02-09 08:17:18,1,6410.97,334.0,2,0,0,2.0
TXN1001235,reminder,2026-02-09 07:05:18,1,6410.97,146.0,1,0,0,1.0
TXN1001235,escalation,2026-02-09 07:07:18,1,6410.97,174.0,1,0,0,15.0
TXN1001237,retry,2026-05-15 16:47:34,1,8662.68,47.0,4,0,1,2.0
TXN1001237,reminder,2026-05-15 15:59:34,0,0.0,,3,1,0,1.0
TXN1001237,escalation,2026-05-15 16:23:34,0,0.0,,3,1,0,15.0
TXN1001240,retry,2026-03-08 09:15:16,1,2213.37,315.0,4,0,1,2.0
TXN1001240,reminder,2026-03-08 10:20:16,0,0.0,,3,1,0,1.0
TXN1001240,escalation,2026-03-08 08:16:16,1,2213.37,97.0,3,0,0,15.0
TXN1001242,retry,2026-02-24 07:44:25,1,5179.49,297.0,3,0,0,2.0
TXN1001242,reminder,2026-02-24 06:22:25,0,0.0,,2,1,0,1.0
TXN1001242,escalation,2026-02-24 08:20:25,1,5179.49,300.0,2,0,0,15.0
TXN1001244,retry,2026-05-30 20:00:44,1,19412.36,105.0,2,0,0,2.0
TXN1001244,reminder,2026-05-30 22:11:44,0,0.0,,1,1,0,1.0
TXN1001244,escalation,2026-05-30 20:21:44,1,19412.36,307.0,1,0,0,15.0
TXN1001245,retry,2026-05-04 02:00:17,1,7737.63,55.0,2,0,0,2.0
TXN1001245,reminder,2026-05-04 01:28:17,0,0.0,,1,1,0,1.0
TXN1001245,escalation,2026-05-04 01:16:17,1,7737.63,33.0,1,0,0,15.0
TXN1001248,retry,2026-05-05 18:29:00,0,0.0,,2,1,0,2.0
TXN1001248,reminder,2026-05-05 19:24:00,1,1826.54,205.0,1,0,0,1.0
TXN1001248,escalation,2026-05-05 20:17:00,1,1826.54,113.0,1,0,0,15.0
TXN1001250,retry,2026-06-29 00:08:10,0,0.0,,2,1,0,2.0
TXN1001250,reminder,2026-06-28 21:50:10,0,0.0,,1,1,0,1.0
TXN1001250,escalation,2026-06-28 23:41:10,0,0.0,,1,1,0,15.0
TXN1001251,retry,2026-01-17 13:52:28,1,3439.3,299.0,2,0,0,2.0
TXN1001251,reminder,2026-01-17 14:25:28,1,3439.3,194.0,1,0,0,1.0
TXN1001251,escalation,2026-01-17 13:24:28,1,3439.3,23.0,1,0,0,15.0
TXN1001254,retry,2026-06-10 14:59:32,1,2316.46,333.0,2,0,0,2.0
TXN1001254,reminder,2026-06-10 15:59:32,1,2316.46,233.0,1,0,0,1.0
TXN1001254,escalation,2026-06-10 15:48:32,0,0.0,,1,1,0,15.0
TXN1001255,retry,2026-01-01 22:05:30,1,1085.15,335.0,2,0,0,2.0
TXN1001255,reminder,2026-01-01 23:45:30,0,0.0,,1,1,0,1.0
TXN1001255,escalation,2026-01-01 23:51:30,1,1085.15,278.0,1,0,0,15.0
TXN1001257,retry,2026-06-15 05:17:44,1,5257.48,144.0,3,0,0,2.0
TXN1001257,reminder,2026-06-15 03:55:44,0,0.0,,2,1,0,1.0
TXN1001257,escalation,2026-06-15 05:11:44,1,5257.48,18.0,2,0,0,15.0
TXN1001259,retry,2026-01-24 12:20:24,1,3721.52,122.0,3,0,0,2.0
TXN1001259,reminder,2026-01-24 14:16:24,0,0.0,,2,1,0,1.0
TXN1001259,escalation,2026-01-24 12:42:24,0,0.0,,2,1,0,15.0
TXN1001266,retry,2026-02-24 02:43:10,1,7004.66,354.0,3,0,0,2.0
TXN1001266,reminder,2026-02-24 02:57:10,1,7004.66,21.0,2,0,0,1.0
TXN1001266,escalation,2026-02-24 02:18:10,0,0.0,,2,1,0,15.0
TXN1001268,retry,2026-02-05 03:26:01,0,0.0,,4,1,1,2.0
TXN1001268,reminder,2026-02-05 05:00:01,0,0.0,,3,1,0,1.0
TXN1001268,escalation,2026-02-05 05:41:01,0,0.0,,3,1,0,15.0
TXN1001270,retry,2026-01-19 11:01:24,0,0.0,,3,1,0,2.0
TXN1001270,reminder,2026-01-19 12:25:24,0,0.0,,2,1,0,1.0
TXN1001270,escalation,2026-01-19 12:21:24,0,0.0,,2,1,0,15.0
TXN1001273,retry,2026-02-15 08:29:44,0,0.0,,2,1,0,2.0
TXN1001273,reminder,2026-02-15 08:24:44,1,9449.74,147.0,1,0,0,1.0
TXN1001273,escalation,2026-02-15 08:12:44,1,9449.74,239.0,1,0,0,15.0
TXN1001279,retry,2026-01-10 18:10:00,1,19429.54,125.0,3,0,0,2.0
TXN1001279,reminder,2026-01-10 17:39:00,1,19429.54,87.0,2,0,0,1.0
TXN1001279,escalation,2026-01-10 19:09:00,1,19429.54,189.0,2,0,0,15.0
TXN1001287,retry,2026-02-17 01:12:24,1,988.62,155.0,2,0,0,2.0
TXN1001287,reminder,2026-02-17 01:57:24,0,0.0,,1,1,0,1.0
TXN1001287,escalation,2026-02-17 00:39:24,1,988.62,26.0,1,0,0,15.0
TXN1001293,retry,2026-06-12 02:57:15,1,7779.22,136.0,2,0,0,2.0
TXN1001293,reminder,2026-06-12 03:25:15,1,7779.22,294.0,1,0,0,1.0
TXN1001293,escalation,2026-06-12 03:40:15,1,7779.22,301.0,1,0,0,15.0
TXN1001294,retry,2026-03-04 18:28:05,1,701.5,157.0,3,0,0,2.0
TXN1001294,reminder,2026-03-04 19:33:05,0,0.0,,2,1,0,1.0
TXN1001294,escalation,2026-03-04 19:45:05,1,701.5,230.0,2,0,0,15.0
TXN1001297,retry,2026-02-22 18:59:28,1,1598.96,164.0,3,0,0,2.0
TXN1001297,reminder,2026-02-22 16:57:28,0,0.0,,2,1,0,1.0
TXN1001297,escalation,2026-02-22 16:34:28,0,0.0,,2,1,0,15.0
TXN1001299,retry,2026-01-12 20:51:21,1,21677.5,266.0,2,0,0,2.0
TXN1001299,reminder,2026-01-12 18:50:21,0,0.0,,1,1,0,1.0
TXN1001299,escalation,2026-01-12 19:13:21,1,21677.5,327.0,1,0,0,15.0
TXN1001303,retry,2026-04-04 17:50:01,1,1497.35,30.0,2,0,0,2.0
TXN1001303,reminder,2026-04-04 19:55:01,1,1497.35,182.0,1,0,0,1.0
TXN1001303,escalation,2026-04-04 19:44:01,1,1497.35,136.0,1,0,0,15.0
TXN1001304,retry,2026-01-30 09:02:33,1,682.6,33.0,2,0,0,2.0
TXN1001304,reminder,2026-01-30 08:02:33,1,682.6,34.0,1,0,0,1.0
TXN1001304,escalation,2026-01-30 08:28:33,1,682.6,89.0,1,0,0,15.0
TXN1001305,retry,2026-05-29 17:10:33,0,0.0,,2,1,0,2.0
TXN1001305,reminder,2026-05-29 16:18:33,0,0.0,,1,1,0,1.0
TXN1001305,escalation,2026-05-29 17:05:33,0,0.0,,1,1,0,15.0
TXN1001307,retry,2026-03-11 04:32:25,1,3463.49,301.0,2,0,0,2.0
TXN1001307,reminder,2026-03-11 02:56:25,0,0.0,,1,1,0,1.0
TXN1001307,escalation,2026-03-11 04:15:25,1,3463.49,331.0,1,0,0,15.0
TXN1001308,retry,2026-03-19 05:23:33,0,0.0,,2,1,0,2.0
TXN1001308,reminder,2026-03-19 05:49:33,1,4114.87,70.0,1,0,0,1.0
TXN1001308,escalation,2026-03-19 05:55:33,0,0.0,,1,1,0,15.0
TXN1001312,retry,2026-02-18 04:17:34,0,0.0,,3,1,0,2.0
TXN1001312,reminder,2026-02-18 04:11:34,0,0.0,,2,1,0,1.0
TXN1001312,escalation,2026-02-18 06:00:34,0,0.0,,2,1,0,15.0
TXN1001316,retry,2026-04-20 01:31:14,1,357.97,37.0,2,0,0,2.0
TXN1001316,reminder,2026-04-20 02:08:14,1,357.97,109.0,1,0,0,1.0
TXN1001316,escalation,2026-04-20 00:51:14,1,357.97,299.0,1,0,1,15.0
TXN1001319,retry,2026-06-03 00:59:51,1,1443.32,39.0,3,0,0,2.0
TXN1001319,reminder,2026-06-03 03:04:51,0,0.0,,2,1,0,1.0
TXN1001319,escalation,2026-06-03 02:38:51,1,1443.32,337.0,2,0,0,15.0
TXN1001323,retry,2026-05-22 02:46:21,0,0.0,,2,1,0,2.0
TXN1001323,reminder,2026-05-22 03:57:21,0,0.0,,1,1,0,1.0
TXN1001323,escalation,2026-05-22 03:29:21,1,2755.5,71.0,1,0,0,15.0
TXN1001324,retry,2026-03-31 22:49:30,0,0.0,,2,1,0,2.0
TXN1001324,reminder,2026-03-31 20:18:30,1,3368.99,256.0,1,0,0,1.0
TXN1001324,escalation,2026-03-31 21:27:30,1,3368.99,293.0,1,0,0,15.0
TXN1001325,retry,2026-04-14 02:52:36,1,5068.7,325.0,4,0,1,2.0
TXN1001325,reminder,2026-04-14 03:53:36,1,5068.7,204.0,3,0,0,1.0
TXN1001325,escalation,2026-04-14 02:00:36,0,0.0,,3,1,0,15.0
TXN1001330,retry,2026-03-03 03:49:50,1,520.73,310.0,2,0,0,2.0
TXN1001330,reminder,2026-03-03 04:01:50,0,0.0,,1,1,0,1.0
TXN1001330,escalation,2026-03-03 04:14:50,1,520.73,150.0,1,0,0,15.0
TXN1001331,retry,2026-01-25 15:33:36,1,1137.41,241.0,3,0,0,2.0
TXN1001331,reminder,2026-01-25 17:29:36,1,1137.41,95.0,2,0,0,1.0
TXN1001331,escalation,2026-01-25 17:25:36,1,1137.41,206.0,2,0,0,15.0
TXN1001333,retry,2026-01-19 05:36:10,1,3472.98,262.0,3,0,0,2.0
TXN1001333,reminder,2026-01-19 04:45:10,0,0.0,,2,1,0,1.0
TXN1001333,escalation,2026-01-19 04:53:10,0,0.0,,2,1,0,15.0
TXN1001336,retry,2026-01-29 02:37:50,1,3690.87,93.0,3,0,0,2.0
TXN1001336,reminder,2026-01-29 03:07:50,0,0.0,,2,1,0,1.0
TXN1001336,escalation,2026-01-29 03:09:50,0,0.0,,2,1,0,15.0
TXN1001337,retry,2026-05-23 09:26:06,0,0.0,,3,1,0,2.0
TXN1001337,reminder,2026-05-23 09:16:06,0,0.0,,2,1,0,1.0
TXN1001337,escalation,2026-05-23 08:30:06,0,0.0,,2,1,0,15.0
TXN1001338,retry,2026-05-02 18:12:51,1,11804.19,335.0,2,0,0,2.0
TXN1001338,reminder,2026-05-02 18:16:51,1,11804.19,85.0,1,0,0,1.0
TXN1001338,escalation,2026-05-02 19:16:51,0,0.0,,1,1,0,15.0
TXN1001339,retry,2026-05-04 08:18:42,1,2557.37,231.0,3,0,0,2.0
TXN1001339,reminder,2026-05-04 08:45:42,0,0.0,,2,1,0,1.0
TXN1001339,escalation,2026-05-04 09:39:42,1,2557.37,51.0,2,0,0,15.0
TXN1001341,retry,2026-06-12 17:30:02,1,607.88,157.0,2,0,0,2.0
TXN1001341,reminder,2026-06-12 16:17:02,1,607.88,92.0,1,0,0,1.0
TXN1001341,escalation,2026-06-12 15:32:02,1,607.88,7.0,1,0,0,15.0
TXN1001342,retry,2026-04-05 15:14:48,1,5764.05,59.0,2,0,0,2.0
TXN1001342,reminder,2026-04-05 15:03:48,1,5764.05,73.0,1,0,0,1.0
TXN1001342,escalation,2026-04-05 14:14:48,0,0.0,,1,1,0,15.0
TXN1001345,retry,2026-06-20 09:11:43,1,1837.54,48.0,2,0,0,2.0
TXN1001345,reminder,2026-06-20 07:52:43,1,1837.54,358.0,1,0,0,1.0
TXN1001345,escalation,2026-06-20 07:34:43,0,0.0,,1,1,0,15.0
TXN1001346,retry,2026-06-07 13:45:32,1,11365.27,120.0,3,0,0,2.0
TXN1001346,reminder,2026-06-07 13:51:32,1,11365.27,120.0,2,0,0,1.0
TXN1001346,escalation,2026-06-07 11:45:32,1,11365.27,286.0,2,0,0,15.0
TXN1001351,retry,2026-03-04 14:54:00,0,0.0,,2,1,0,2.0
TXN1001351,reminder,2026-03-04 17:04:00,0,0.0,,1,1,0,1.0
TXN1001351,escalation,2026-03-04 15:42:00,1,1174.32,297.0,1,0,0,15.0
TXN1001355,retry,2026-06-18 12:06:09,1,1266.65,250.0,5,0,1,2.0
TXN1001355,reminder,2026-06-18 13:35:09,0,0.0,,4,1,0,1.0
TXN1001355,escalation,2026-06-18 12:08:09,1,1266.65,144.0,4,0,0,15.0
TXN1001356,retry,2026-06-09 23:05:34,0,0.0,,4,1,1,2.0
TXN1001356,reminder,2026-06-09 21:59:34,1,5420.57,44.0,3,0,0,1.0
TXN1001356,escalation,2026-06-09 22:52:34,1,5420.57,129.0,3,0,0,15.0
TXN1001357,retry,2026-02-21 10:24:59,1,9533.05,169.0,2,0,0,2.0
TXN1001357,reminder,2026-02-21 10:35:59,0,0.0,,1,1,0,1.0
TXN1001357,escalation,2026-02-21 10:43:59,1,9533.05,35.0,1,0,0,15.0
TXN1001361,retry,2026-01-16 08:49:56,1,4061.79,194.0,2,0,0,2.0
TXN1001361,reminder,2026-01-16 08:50:56,1,4061.79,108.0,1,0,0,1.0
TXN1001361,escalation,2026-01-16 09:30:56,1,4061.79,145.0,1,0,0,15.0
TXN1001362,retry,2026-01-19 15:19:51,1,2201.38,184.0,2,0,0,2.0
TXN1001362,reminder,2026-01-19 16:20:51,1,2201.38,320.0,1,0,0,1.0
TXN1001362,escalation,2026-01-19 15:39:51,0,0.0,,1,1,0,15.0
TXN1001365,retry,2026-06-03 19:13:37,1,101161.72,340.0,2,0,0,2.0
TXN1001365,reminder,2026-06-03 20:22:37,0,0.0,,1,1,0,1.0
TXN1001365,escalation,2026-06-03 20:56:37,1,101161.72,4.0,1,0,0,15.0
TXN1001366,retry,2026-06-03 16:55:37,0,0.0,,3,1,0,2.0
TXN1001366,reminder,2026-06-03 17:40:37,1,5415.11,166.0,2,0,0,1.0
TXN1001366,escalation,2026-06-03 16:53:37,0,0.0,,2,1,0,15.0
TXN1001367,retry,2026-06-20 21:25:54,1,2234.24,351.0,2,0,0,2.0
TXN1001367,reminder,2026-06-20 20:56:54,0,0.0,,1,1,0,1.0
TXN1001367,escalation,2026-06-20 21:17:54,0,0.0,,1,1,0,15.0
TXN1001369,retry,2026-02-15 02:37:53,0,0.0,,4,1,1,2.0
TXN1001369,reminder,2026-02-15 01:18:53,1,9449.27,282.0,3,0,0,1.0
TXN1001369,escalation,2026-02-15 00:44:53,1,9449.27,280.0,3,0,0,15.0
TXN1001371,retry,2026-06-01 03:34:58,1,4100.32,255.0,2,0,0,2.0
TXN1001371,reminder,2026-06-01 02:06:58,1,4100.32,126.0,1,0,0,1.0
TXN1001371,escalation,2026-06-01 01:26:58,0,0.0,,1,1,0,15.0
TXN1001376,retry,2026-05-08 02:34:33,0,0.0,,2,1,0,2.0
TXN1001376,reminder,2026-05-08 02:40:33,0,0.0,,1,1,0,1.0
TXN1001376,escalation,2026-05-08 02:54:33,0,0.0,,1,1,0,15.0
TXN1001377,retry,2026-02-22 22:12:50,0,0.0,,3,1,0,2.0
TXN1001377,reminder,2026-02-22 21:46:50,0,0.0,,2,1,0,1.0
TXN1001377,escalation,2026-02-22 22:15:50,0,0.0,,2,1,0,15.0
TXN1001378,retry,2026-05-15 07:02:44,1,4111.41,214.0,2,0,0,2.0
TXN1001378,reminder,2026-05-15 08:13:44,0,0.0,,1,1,0,1.0
TXN1001378,escalation,2026-05-15 06:42:44,1,4111.41,71.0,1,0,0,15.0
TXN1001379,retry,2026-03-13 22:32:13,0,0.0,,4,1,1,2.0
TXN1001379,reminder,2026-03-13 20:54:13,0,0.0,,3,1,0,1.0
TXN1001379,escalation,2026-03-13 20:21:13,0,0.0,,3,1,0,15.0
TXN1001381,retry,2026-01-26 18:25:18,0,0.0,,3,1,0,2.0
TXN1001381,reminder,2026-01-26 17:49:18,0,0.0,,2,1,0,1.0
TXN1001381,escalation,2026-01-26 18:22:18,0,0.0,,2,1,0,15.0
TXN1001382,retry,2026-02-08 06:15:23,0,0.0,,3,1,0,2.0
TXN1001382,reminder,2026-02-08 08:31:23,0,0.0,,2,1,0,1.0
TXN1001382,escalation,2026-02-08 08:03:23,1,2327.29,177.0,2,0,0,15.0
TXN1001383,retry,2026-04-28 01:20:22,1,10441.16,70.0,2,0,0,2.0
TXN1001383,reminder,2026-04-28 00:20:22,1,10441.16,242.0,1,0,0,1.0
TXN1001383,escalation,2026-04-28 01:03:22,1,10441.16,189.0,1,0,0,15.0
TXN1001386,retry,2026-04-19 12:35:14,1,2601.7,316.0,2,0,0,2.0
TXN1001386,reminder,2026-04-19 11:46:14,1,2601.7,13.0,1,0,0,1.0
TXN1001386,escalation,2026-04-19 13:12:14,1,2601.7,12.0,1,0,0,15.0
TXN1001387,retry,2026-06-10 07:05:57,1,1289.74,151.0,2,0,0,2.0
TXN1001387,reminder,2026-06-10 07:37:57,0,0.0,,1,1,0,1.0
TXN1001387,escalation,2026-06-10 07:54:57,0,0.0,,1,1,0,15.0
TXN1001391,retry,2026-03-03 22:06:24,1,3547.03,317.0,2,0,0,2.0
TXN1001391,reminder,2026-03-03 21:51:24,1,3547.03,35.0,1,0,0,1.0
TXN1001391,escalation,2026-03-03 22:24:24,0,0.0,,1,1,0,15.0
TXN1001393,retry,2026-03-31 03:19:37,0,0.0,,3,1,0,2.0
TXN1001393,reminder,2026-03-31 02:15:37,1,18025.89,165.0,2,0,0,1.0
TXN1001393,escalation,2026-03-31 02:52:37,1,18025.89,19.0,2,0,0,15.0
TXN1001399,retry,2026-03-30 09:19:46,0,0.0,,4,1,1,2.0
TXN1001399,reminder,2026-03-30 10:53:46,0,0.0,,3,1,0,1.0
TXN1001399,escalation,2026-03-30 11:06:46,0,0.0,,3,1,0,15.0
TXN1001402,retry,2026-03-30 22:18:23,0,0.0,,2,1,0,2.0
TXN1001402,reminder,2026-03-31 00:26:23,0,0.0,,1,1,0,1.0
TXN1001402,escalation,2026-03-30 22:44:23,1,8034.12,104.0,1,0,0,15.0
TXN1001405,retry,2026-05-20 16:13:47,1,3060.82,355.0,2,0,0,2.0
TXN1001405,reminder,2026-05-20 16:00:47,1,3060.82,126.0,1,0,0,1.0
TXN1001405,escalation,2026-05-20 16:38:47,0,0.0,,1,1,0,15.0
TXN1001411,retry,2026-03-13 12:05:54,1,9076.05,292.0,2,0,0,2.0
TXN1001411,reminder,2026-03-13 10:55:54,1,9076.05,202.0,1,0,0,1.0
TXN1001411,escalation,2026-03-13 11:16:54,0,0.0,,1,1,0,15.0
TXN1001413,retry,2026-01-19 09:00:36,1,6642.54,45.0,3,0,0,2.0
TXN1001413,reminder,2026-01-19 07:55:36,0,0.0,,2,1,0,1.0
TXN1001413,escalation,2026-01-19 07:43:36,0,0.0,,2,1,0,15.0
TXN1001414,retry,2026-02-01 03:54:37,1,3635.1,41.0,3,0,0,2.0
TXN1001414,reminder,2026-02-01 02:45:37,1,3635.1,221.0,2,0,0,1.0
TXN1001414,escalation,2026-02-01 04:13:37,0,0.0,,2,1,0,15.0
TXN1001419,retry,2026-01-23 05:52:11,1,5130.58,302.0,2,0,0,2.0
TXN1001419,reminder,2026-01-23 04:51:11,1,5130.58,319.0,1,0,0,1.0
TXN1001419,escalation,2026-01-23 05:36:11,1,5130.58,178.0,1,0,0,15.0
TXN1001423,retry,2026-02-15 17:44:06,1,11646.45,40.0,4,0,1,2.0
TXN1001423,reminder,2026-02-15 19:13:06,0,0.0,,3,1,0,1.0
TXN1001423,escalation,2026-02-15 19:57:06,1,11646.45,298.0,3,0,0,15.0
TXN1001427,retry,2026-02-06 16:47:38,1,11253.08,141.0,2,0,0,2.0
TXN1001427,reminder,2026-02-06 15:05:38,1,11253.08,353.0,1,0,0,1.0
TXN1001427,escalation,2026-02-06 16:01:38,0,0.0,,1,1,0,15.0
TXN1001430,retry,2026-01-25 07:52:41,1,8956.1,117.0,4,0,1,2.0
TXN1001430,reminder,2026-01-25 07:38:41,1,8956.1,258.0,3,0,0,1.0
TXN1001430,escalation,2026-01-25 06:03:41,1,8956.1,148.0,3,0,0,15.0
TXN1001431,retry,2026-04-27 07:15:53,1,8741.05,296.0,2,0,0,2.0
TXN1001431,reminder,2026-04-27 06:49:53,0,0.0,,1,1,0,1.0
TXN1001431,escalation,2026-04-27 05:54:53,1,8741.05,169.0,1,0,0,15.0
TXN1001433,retry,2026-03-19 10:03:31,0,0.0,,2,1,0,2.0
TXN1001433,reminder,2026-03-19 07:30:31,0,0.0,,1,1,0,1.0
TXN1001433,escalation,2026-03-19 08:30:31,1,5444.43,8.0,1,0,0,15.0
TXN1001435,retry,2026-02-15 08:40:08,1,31223.42,236.0,2,0,0,2.0
TXN1001435,reminder,2026-02-15 07:03:08,1,31223.42,75.0,1,0,0,1.0
TXN1001435,escalation,2026-02-15 08:08:08,0,0.0,,1,1,0,15.0
TXN1001436,retry,2026-06-16 17:05:56,1,6234.77,244.0,2,0,0,2.0
TXN1001436,reminder,2026-06-16 16:42:56,1,6234.77,19.0,1,0,0,1.0
TXN1001436,escalation,2026-06-16 17:21:56,0,0.0,,1,1,0,15.0
TXN1001442,retry,2026-04-19 03:52:52,1,1532.75,290.0,2,0,0,2.0
TXN1001442,reminder,2026-04-19 03:16:52,0,0.0,,1,1,0,1.0
TXN1001442,escalation,2026-04-19 03:50:52,0,0.0,,1,1,0,15.0
TXN1001448,retry,2026-01-13 00:58:02,0,0.0,,4,1,1,2.0
TXN1001448,reminder,2026-01-13 02:30:02,0,0.0,,3,1,0,1.0
TXN1001448,escalation,2026-01-13 02:07:02,0,0.0,,3,1,0,15.0
TXN1001458,retry,2026-02-13 20:31:11,1,12435.18,219.0,3,0,0,2.0
TXN1001458,reminder,2026-02-13 22:23:11,1,12435.18,56.0,2,0,0,1.0
TXN1001458,escalation,2026-02-13 20:24:11,1,12435.18,103.0,2,0,0,15.0
TXN1001459,retry,2026-01-21 16:30:42,1,3577.04,2.0,2,0,0,2.0
TXN1001459,reminder,2026-01-21 17:44:42,1,3577.04,237.0,1,0,0,1.0
TXN1001459,escalation,2026-01-21 18:23:42,0,0.0,,1,1,0,15.0
TXN1001465,retry,2026-01-09 08:42:14,0,0.0,,2,1,0,2.0
TXN1001465,reminder,2026-01-09 09:24:14,0,0.0,,1,1,0,1.0
TXN1001465,escalation,2026-01-09 07:36:14,1,3318.2,5.0,1,0,0,15.0
TXN1001471,retry,2026-04-12 13:04:58,0,0.0,,2,1,0,2.0
TXN1001471,reminder,2026-04-12 12:08:58,1,3580.19,117.0,1,0,0,1.0
TXN1001471,escalation,2026-04-12 12:32:58,0,0.0,,1,1,0,15.0
TXN1001473,retry,2026-05-19 03:18:25,0,0.0,,2,1,0,2.0
TXN1001473,reminder,2026-05-19 00:50:25,1,6638.13,144.0,1,0,0,1.0
TXN1001473,escalation,2026-05-19 01:52:25,1,6638.13,88.0,1,0,0,15.0
TXN1001474,retry,2026-02-16 06:47:45,1,1972.41,287.0,3,0,0,2.0
TXN1001474,reminder,2026-02-16 05:52:45,0,0.0,,2,1,0,1.0
TXN1001474,escalation,2026-02-16 06:25:45,1,1972.41,58.0,2,0,0,15.0
TXN1001478,retry,2026-01-13 01:56:08,0,0.0,,2,1,0,2.0
TXN1001478,reminder,2026-01-13 03:41:08,0,0.0,,1,1,0,1.0
TXN1001478,escalation,2026-01-13 04:37:08,0,0.0,,1,1,0,15.0
TXN1001479,retry,2026-06-08 04:47:33,1,1030.96,293.0,2,0,0,2.0
TXN1001479,reminder,2026-06-08 04:35:33,1,1030.96,45.0,1,0,0,1.0
TXN1001479,escalation,2026-06-08 05:05:33,1,1030.96,186.0,1,0,0,15.0
TXN1001480,retry,2026-06-25 03:35:53,0,0.0,,2,1,0,2.0
TXN1001480,reminder,2026-06-25 04:54:53,0,0.0,,1,1,0,1.0
TXN1001480,escalation,2026-06-25 05:02:53,0,0.0,,1,1,0,15.0
TXN1001482,retry,2026-06-09 16:42:03,1,2862.01,298.0,3,0,0,2.0
TXN1001482,reminder,2026-06-09 16:34:03,1,2862.01,160.0,2,0,0,1.0
TXN1001482,escalation,2026-06-09 14:14:03,1,2862.01,141.0,2,0,0,15.0
TXN1001484,retry,2026-03-23 19:55:59,1,2362.06,305.0,2,0,0,2.0
TXN1001484,reminder,2026-03-23 21:30:59,1,2362.06,274.0,1,0,0,1.0
TXN1001484,escalation,2026-03-23 22:34:59,1,2362.06,55.0,1,0,0,15.0
TXN1001485,retry,2026-03-23 03:14:14,1,11082.72,43.0,2,0,0,2.0
TXN1001485,reminder,2026-03-23 01:49:14,1,11082.72,136.0,1,0,0,1.0
TXN1001485,escalation,2026-03-23 01:24:14,1,11082.72,181.0,1,0,0,15.0
TXN1001486,retry,2026-04-25 22:52:20,1,11615.24,181.0,3,0,0,2.0
TXN1001486,reminder,2026-04-25 22:32:20,1,11615.24,62.0,2,0,0,1.0
TXN1001486,escalation,2026-04-25 23:47:20,0,0.0,,2,1,0,15.0
TXN1001489,retry,2026-04-17 02:27:25,1,13731.67,200.0,2,0,0,2.0
TXN1001489,reminder,2026-04-17 02:38:25,1,13731.67,24.0,1,0,0,1.0
TXN1001489,escalation,2026-04-17 04:34:25,0,0.0,,1,1,0,15.0
TXN1001492,retry,2026-03-22 20:36:59,0,0.0,,4,1,1,2.0
TXN1001492,reminder,2026-03-22 19:38:59,0,0.0,,3,1,0,1.0
TXN1001492,escalation,2026-03-22 20:31:59,1,4053.62,230.0,3,0,0,15.0
TXN1001493,retry,2026-01-12 19:33:05,1,3386.48,234.0,2,0,0,2.0
TXN1001493,reminder,2026-01-12 16:44:05,0,0.0,,1,1,0,1.0
TXN1001493,escalation,2026-01-12 17:28:05,1,3386.48,270.0,1,0,0,15.0
TXN1001494,retry,2026-05-25 08:35:56,1,1243.7,52.0,2,0,0,2.0
TXN1001494,reminder,2026-05-25 08:04:56,1,1243.7,163.0,1,0,0,1.0
TXN1001494,escalation,2026-05-25 08:31:56,0,0.0,,1,1,0,15.0
TXN1001496,retry,2026-06-20 22:56:32,1,2726.55,291.0,3,0,0,2.0
TXN1001496,reminder,2026-06-21 00:38:32,1,2726.55,327.0,2,0,0,1.0
TXN1001496,escalation,2026-06-21 01:00:32,1,2726.55,160.0,2,0,0,15.0
TXN1001497,retry,2026-04-04 17:31:39,1,10220.88,235.0,2,0,0,2.0
TXN1001497,reminder,2026-04-04 17:42:39,1,10220.88,55.0,1,0,0,1.0
TXN1001497,escalation,2026-04-04 17:51:39,1,10220.88,280.0,1,0,0,15.0
TXN1001500,retry,2026-05-31 16:46:17,1,12883.31,255.0,4,0,1,2.0
TXN1001500,reminder,2026-05-31 16:25:17,0,0.0,,3,1,0,1.0
TXN1001500,escalation,2026-05-31 15:19:17,1,12883.31,340.0,3,0,0,15.0
TXN1001504,retry,2026-02-14 21:49:59,1,4333.57,2.0,3,0,0,2.0
TXN1001504,reminder,2026-02-14 22:59:59,1,4333.57,355.0,2,0,0,1.0
TXN1001504,escalation,2026-02-14 20:51:59,1,4333.57,3.0,2,0,0,15.0
TXN1001522,retry,2026-04-20 09:39:04,1,6064.59,129.0,2,0,0,2.0
TXN1001522,reminder,2026-04-20 09:08:04,1,6064.59,272.0,1,0,0,1.0
TXN1001522,escalation,2026-04-20 10:57:04,0,0.0,,1,1,0,15.0
TXN1001524,retry,2026-04-29 22:13:18,0,0.0,,2,1,0,2.0
TXN1001524,reminder,2026-04-30 00:55:18,0,0.0,,1,1,0,1.0
TXN1001524,escalation,2026-04-29 23:36:18,0,0.0,,1,1,0,15.0
TXN1001529,retry,2026-02-02 03:43:22,0,0.0,,3,1,0,2.0
TXN1001529,reminder,2026-02-02 03:06:22,0,0.0,,2,1,0,1.0
TXN1001529,escalation,2026-02-02 04:41:22,1,4669.16,214.0,2,0,0,15.0
TXN1001531,retry,2026-06-12 06:39:41,1,3132.22,193.0,3,0,0,2.0
TXN1001531,reminder,2026-06-12 07:06:41,1,3132.22,339.0,2,0,0,1.0
TXN1001531,escalation,2026-06-12 07:26:41,1,3132.22,134.0,2,0,0,15.0
TXN1001533,retry,2026-06-17 05:48:10,1,3986.05,341.0,2,0,0,2.0
TXN1001533,reminder,2026-06-17 05:03:10,0,0.0,,1,1,0,1.0
TXN1001533,escalation,2026-06-17 06:04:10,1,3986.05,56.0,1,0,0,15.0
TXN1001536,retry,2026-03-09 02:49:57,1,8645.41,198.0,3,0,0,2.0
TXN1001536,reminder,2026-03-09 02:13:57,0,0.0,,2,1,0,1.0
TXN1001536,escalation,2026-03-09 01:47:57,1,8645.41,300.0,2,0,0,15.0
TXN1001538,retry,2026-03-27 05:21:19,1,5339.66,125.0,3,0,0,2.0
TXN1001538,reminder,2026-03-27 06:40:19,1,5339.66,210.0,2,0,0,1.0
TXN1001538,escalation,2026-03-27 04:23:19,1,5339.66,182.0,2,0,0,15.0
TXN1001540,retry,2026-01-24 07:33:05,0,0.0,,3,1,0,2.0
TXN1001540,reminder,2026-01-24 08:23:05,1,1630.18,164.0,2,0,0,1.0
TXN1001540,escalation,2026-01-24 07:06:05,0,0.0,,2,1,0,15.0
TXN1001541,retry,2026-05-31 02:43:21,1,5367.08,4.0,3,0,0,2.0
TXN1001541,reminder,2026-05-31 03:40:21,0,0.0,,2,1,0,1.0
TXN1001541,escalation,2026-05-31 03:52:21,0,0.0,,2,1,0,15.0
TXN1001543,retry,2026-01-27 01:26:21,1,1682.77,195.0,2,0,0,2.0
TXN1001543,reminder,2026-01-27 03:21:21,1,1682.77,132.0,1,0,0,1.0
TXN1001543,escalation,2026-01-27 03:55:21,1,1682.77,221.0,1,0,0,15.0
TXN1001544,retry,2026-01-31 19:58:16,1,9678.6,212.0,4,0,1,2.0
TXN1001544,reminder,2026-01-31 19:09:16,0,0.0,,3,1,0,1.0
TXN1001544,escalation,2026-01-31 19:53:16,0,0.0,,3,1,0,15.0
TXN1001547,retry,2026-02-20 09:50:43,1,6112.59,356.0,2,0,0,2.0
TXN1001547,reminder,2026-02-20 12:31:43,0,0.0,,1,1,0,1.0
TXN1001547,escalation,2026-02-20 09:55:43,0,0.0,,1,1,0,15.0
TXN1001548,retry,2026-01-03 22:34:28,1,22348.35,132.0,2,0,0,2.0
TXN1001548,reminder,2026-01-03 22:21:28,0,0.0,,1,1,0,1.0
TXN1001548,escalation,2026-01-04 00:32:28,1,22348.35,190.0,1,0,0,15.0
TXN1001549,retry,2026-04-15 22:15:26,1,8474.98,88.0,2,0,0,2.0
TXN1001549,reminder,2026-04-15 23:41:26,0,0.0,,1,1,0,1.0
TXN1001549,escalation,2026-04-15 22:20:26,0,0.0,,1,1,0,15.0
TXN1001550,retry,2026-03-20 12:59:45,1,2441.94,47.0,3,0,0,2.0
TXN1001550,reminder,2026-03-20 11:49:45,1,2441.94,191.0,2,0,0,1.0
TXN1001550,escalation,2026-03-20 12:48:45,1,2441.94,188.0,2,0,0,15.0
TXN1001555,retry,2026-01-08 09:45:02,0,0.0,,2,1,0,2.0
TXN1001555,reminder,2026-01-08 09:29:02,1,9721.81,185.0,1,0,0,1.0
TXN1001555,escalation,2026-01-08 09:07:02,1,9721.81,150.0,1,0,0,15.0
TXN1001556,retry,2026-03-06 13:00:32,0,0.0,,4,1,1,2.0
TXN1001556,reminder,2026-03-06 13:56:32,0,0.0,,3,1,0,1.0
TXN1001556,escalation,2026-03-06 14:37:32,0,0.0,,3,1,1,15.0
TXN1001557,retry,2026-03-06 06:59:16,0,0.0,,2,1,0,2.0
TXN1001557,reminder,2026-03-06 08:38:16,0,0.0,,1,1,0,1.0
TXN1001557,escalation,2026-03-06 07:28:16,0,0.0,,1,1,0,15.0
TXN1001558,retry,2026-06-13 18:19:07,0,0.0,,4,1,1,2.0
TXN1001558,reminder,2026-06-13 21:09:07,0,0.0,,3,1,0,1.0
TXN1001558,escalation,2026-06-13 19:17:07,1,1511.38,237.0,3,0,0,15.0
TXN1001559,retry,2026-02-25 12:36:58,0,0.0,,2,1,0,2.0
TXN1001559,reminder,2026-02-25 11:06:58,1,13456.25,98.0,1,0,0,1.0
TXN1001559,escalation,2026-02-25 12:26:58,0,0.0,,1,1,0,15.0
TXN1001563,retry,2026-05-23 14:11:56,1,1556.93,218.0,3,0,0,2.0
TXN1001563,reminder,2026-05-23 13:22:56,1,1556.93,159.0,2,0,0,1.0
TXN1001563,escalation,2026-05-23 15:32:56,0,0.0,,2,1,0,15.0
TXN1001565,retry,2026-03-18 16:00:16,0,0.0,,2,1,0,2.0
TXN1001565,reminder,2026-03-18 16:27:16,0,0.0,,1,1,0,1.0
TXN1001565,escalation,2026-03-18 17:03:16,0,0.0,,1,1,0,15.0
TXN1001575,retry,2026-06-10 09:17:11,1,4821.59,147.0,2,0,0,2.0
TXN1001575,reminder,2026-06-10 09:02:11,1,4821.59,142.0,1,0,0,1.0
TXN1001575,escalation,2026-06-10 11:10:11,1,4821.59,310.0,1,0,0,15.0
TXN1001578,retry,2026-04-26 06:51:45,1,2494.46,70.0,2,0,0,2.0
TXN1001578,reminder,2026-04-26 05:40:45,1,2494.46,342.0,1,0,0,1.0
TXN1001578,escalation,2026-04-26 06:45:45,1,2494.46,71.0,1,0,0,15.0
TXN1001580,retry,2026-03-26 18:07:16,1,5884.69,132.0,2,0,0,2.0
TXN1001580,reminder,2026-03-26 18:10:16,0,0.0,,1,1,0,1.0
TXN1001580,escalation,2026-03-26 19:30:16,1,5884.69,346.0,1,0,0,15.0
TXN1001581,retry,2026-06-25 17:27:44,0,0.0,,2,1,0,2.0
TXN1001581,reminder,2026-06-25 17:01:44,0,0.0,,1,1,0,1.0
TXN1001581,escalation,2026-06-25 17:38:44,1,943.75,253.0,1,0,0,15.0
TXN1001582,retry,2026-03-11 07:58:34,0,0.0,,5,1,1,2.0
TXN1001582,reminder,2026-03-11 08:31:34,0,0.0,,4,1,0,1.0
TXN1001582,escalation,2026-03-11 07:52:34,1,6100.86,124.0,4,0,0,15.0
TXN1001584,retry,2026-03-11 08:36:59,1,9723.48,213.0,2,0,0,2.0
TXN1001584,reminder,2026-03-11 09:53:59,0,0.0,,1,1,0,1.0
TXN1001584,escalation,2026-03-11 11:10:59,1,9723.48,127.0,1,0,0,15.0
TXN1001590,retry,2026-04-22 09:34:22,1,5737.99,34.0,2,0,0,2.0
TXN1001590,reminder,2026-04-22 10:55:22,0,0.0,,1,1,0,1.0
TXN1001590,escalation,2026-04-22 09:39:22,0,0.0,,1,1,0,15.0
TXN1001595,retry,2026-01-05 03:56:03,1,1876.25,24.0,4,0,1,2.0
TXN1001595,reminder,2026-01-05 02:43:03,1,1876.25,302.0,3,0,0,1.0
TXN1001595,escalation,2026-01-05 04:18:03,1,1876.25,226.0,3,0,0,15.0
TXN1001596,retry,2026-04-30 19:02:26,1,14715.76,259.0,3,0,0,2.0
TXN1001596,reminder,2026-04-30 20:05:26,0,0.0,,2,1,0,1.0
TXN1001596,escalation,2026-04-30 18:12:26,1,14715.76,13.0,2,0,0,15.0
TXN1001597,retry,2026-02-20 21:29:04,1,1288.7,244.0,3,0,0,2.0
TXN1001597,reminder,2026-02-20 23:26:04,0,0.0,,2,1,0,1.0
TXN1001597,escalation,2026-02-21 00:04:04,1,1288.7,246.0,2,0,0,15.0
TXN1001598,retry,2026-01-14 18:00:32,0,0.0,,3,1,0,2.0
TXN1001598,reminder,2026-01-14 18:29:32,0,0.0,,2,1,0,1.0
TXN1001598,escalation,2026-01-14 18:44:32,0,0.0,,2,1,0,15.0
TXN1001599,retry,2026-05-03 08:43:40,0,0.0,,5,1,1,2.0
TXN1001599,reminder,2026-05-03 08:39:40,0,0.0,,4,1,0,1.0
TXN1001599,escalation,2026-05-03 06:35:40,0,0.0,,4,1,0,15.0
TXN1001604,retry,2026-05-24 15:36:07,1,1026.62,321.0,2,0,0,2.0
TXN1001604,reminder,2026-05-24 14:28:07,0,0.0,,1,1,0,1.0
TXN1001604,escalation,2026-05-24 15:06:07,1,1026.62,154.0,1,0,0,15.0
TXN1001605,retry,2026-03-18 23:28:00,0,0.0,,2,1,0,2.0
TXN1001605,reminder,2026-03-18 23:24:00,0,0.0,,1,1,0,1.0
TXN1001605,escalation,2026-03-18 22:33:00,1,5009.72,293.0,1,0,0,15.0
TXN1001608,retry,2026-04-04 22:58:27,1,4380.67,51.0,3,0,0,2.0
TXN1001608,reminder,2026-04-04 21:25:27,1,4380.67,194.0,2,0,0,1.0
TXN1001608,escalation,2026-04-04 23:31:27,0,0.0,,2,1,0,15.0
TXN1001609,retry,2026-02-26 04:57:09,1,428.57,289.0,2,0,0,2.0
TXN1001609,reminder,2026-02-26 05:14:09,1,428.57,250.0,1,0,0,1.0
TXN1001609,escalation,2026-02-26 05:59:09,0,0.0,,1,1,1,15.0
TXN1001610,retry,2026-05-27 06:11:57,0,0.0,,2,1,0,2.0
TXN1001610,reminder,2026-05-27 06:06:57,0,0.0,,1,1,0,1.0
TXN1001610,escalation,2026-05-27 05:40:57,0,0.0,,1,1,0,15.0
TXN1001611,retry,2026-04-29 17:40:29,1,8498.55,116.0,2,0,0,2.0
TXN1001611,reminder,2026-04-29 17:15:29,1,8498.55,266.0,1,0,0,1.0
TXN1001611,escalation,2026-04-29 16:15:29,1,8498.55,180.0,1,0,0,15.0
TXN1001612,retry,2026-03-30 02:27:40,1,3234.31,256.0,3,0,0,2.0
TXN1001612,reminder,2026-03-30 02:38:40,0,0.0,,2,1,0,1.0
TXN1001612,escalation,2026-03-30 04:12:40,1,3234.31,50.0,2,0,0,15.0
TXN1001617,retry,2026-06-09 21:35:34,0,0.0,,2,1,0,2.0
TXN1001617,reminder,2026-06-09 18:56:34,0,0.0,,1,1,0,1.0
TXN1001617,escalation,2026-06-09 20:57:34,1,4665.98,81.0,1,0,0,15.0
TXN1001618,retry,2026-05-11 07:12:53,1,6739.69,295.0,2,0,0,2.0
TXN1001618,reminder,2026-05-11 06:04:53,1,6739.69,243.0,1,0,0,1.0
TXN1001618,escalation,2026-05-11 04:49:53,0,0.0,,1,1,0,15.0
TXN1001623,retry,2026-04-05 20:19:56,1,1955.57,176.0,2,0,0,2.0
TXN1001623,reminder,2026-04-05 21:20:56,1,1955.57,210.0,1,0,0,1.0
TXN1001623,escalation,2026-04-05 21:15:56,0,0.0,,1,1,0,15.0
TXN1001624,retry,2026-02-28 15:51:23,1,2215.18,303.0,3,0,0,2.0
TXN1001624,reminder,2026-02-28 16:25:23,1,2215.18,63.0,2,0,0,1.0
TXN1001624,escalation,2026-02-28 17:25:23,1,2215.18,136.0,2,0,0,15.0
TXN1001625,retry,2026-01-17 20:53:07,1,6835.59,93.0,2,0,0,2.0
TXN1001625,reminder,2026-01-17 21:34:07,1,6835.59,41.0,1,0,0,1.0
TXN1001625,escalation,2026-01-17 19:22:07,1,6835.59,217.0,1,0,0,15.0
TXN1001627,retry,2026-03-22 08:16:17,0,0.0,,4,1,1,2.0
TXN1001627,reminder,2026-03-22 07:01:17,1,4657.9,324.0,3,0,0,1.0
TXN1001627,escalation,2026-03-22 07:34:17,1,4657.9,272.0,3,0,0,15.0
TXN1001628,retry,2026-04-27 20:38:33,1,444.01,29.0,2,0,0,2.0
TXN1001628,reminder,2026-04-27 20:19:33,0,0.0,,1,1,0,1.0
TXN1001628,escalation,2026-04-27 20:23:33,0,0.0,,1,1,1,15.0
TXN1001629,retry,2026-02-01 19:43:59,1,2979.68,293.0,2,0,0,2.0
TXN1001629,reminder,2026-02-01 20:35:59,0,0.0,,1,1,0,1.0
TXN1001629,escalation,2026-02-01 19:15:59,0,0.0,,1,1,0,15.0
TXN1001635,retry,2026-03-26 21:20:32,1,2263.82,288.0,4,0,1,2.0
TXN1001635,reminder,2026-03-26 19:56:32,0,0.0,,3,1,0,1.0
TXN1001635,escalation,2026-03-26 21:48:32,1,2263.82,245.0,3,0,0,15.0
TXN1001639,retry,2026-04-02 00:32:31,1,1973.69,17.0,2,0,0,2.0
TXN1001639,reminder,2026-04-02 00:04:31,1,1973.69,59.0,1,0,0,1.0
TXN1001639,escalation,2026-04-01 23:32:31,0,0.0,,1,1,0,15.0
TXN1001642,retry,2026-02-10 15:28:22,1,5684.99,310.0,2,0,0,2.0
TXN1001642,reminder,2026-02-10 14:23:22,0,0.0,,1,1,0,1.0
TXN1001642,escalation,2026-02-10 14:19:22,1,5684.99,279.0,1,0,0,15.0
TXN1001645,retry,2026-03-18 18:06:19,1,2379.34,28.0,3,0,0,2.0
TXN1001645,reminder,2026-03-18 19:37:19,1,2379.34,334.0,2,0,0,1.0
TXN1001645,escalation,2026-03-18 19:44:19,1,2379.34,145.0,2,0,0,15.0
TXN1001648,retry,2026-02-09 03:58:03,1,12108.67,182.0,3,0,0,2.0
TXN1001648,reminder,2026-02-09 03:34:03,0,0.0,,2,1,0,1.0
TXN1001648,escalation,2026-02-09 04:54:03,1,12108.67,341.0,2,0,0,15.0
TXN1001656,retry,2026-03-01 11:40:20,1,25061.41,49.0,3,0,0,2.0
TXN1001656,reminder,2026-03-01 11:33:20,0,0.0,,2,1,0,1.0
TXN1001656,escalation,2026-03-01 10:47:20,0,0.0,,2,1,0,15.0
TXN1001658,retry,2026-04-28 19:48:03,1,7031.02,104.0,2,0,0,2.0
TXN1001658,reminder,2026-04-28 17:17:03,0,0.0,,1,1,0,1.0
TXN1001658,escalation,2026-04-28 19:31:03,1,7031.02,111.0,1,0,0,15.0
TXN1001665,retry,2026-02-01 10:28:19,0,0.0,,2,1,0,2.0
TXN1001665,reminder,2026-02-01 12:00:19,1,8856.96,250.0,1,0,0,1.0
TXN1001665,escalation,2026-02-01 11:43:19,1,8856.96,63.0,1,0,0,15.0
TXN1001668,retry,2026-05-08 06:25:15,0,0.0,,3,1,0,2.0
TXN1001668,reminder,2026-05-08 05:44:15,0,0.0,,2,1,0,1.0
TXN1001668,escalation,2026-05-08 07:04:15,1,26724.86,55.0,2,0,0,15.0
TXN1001670,retry,2026-05-10 03:50:56,1,2356.82,245.0,2,0,0,2.0
TXN1001670,reminder,2026-05-10 05:26:56,0,0.0,,1,1,0,1.0
TXN1001670,escalation,2026-05-10 05:05:56,1,2356.82,3.0,1,0,0,15.0
TXN1001671,retry,2026-04-03 00:07:10,1,8281.85,72.0,3,0,0,2.0
TXN1001671,reminder,2026-04-03 00:23:10,1,8281.85,227.0,2,0,0,1.0
TXN1001671,escalation,2026-04-02 23:56:10,1,8281.85,318.0,2,0,0,15.0
TXN1001674,retry,2026-01-24 19:52:20,0,0.0,,2,1,0,2.0
TXN1001674,reminder,2026-01-24 19:35:20,0,0.0,,1,1,0,1.0
TXN1001674,escalation,2026-01-24 21:29:20,1,2219.86,349.0,1,0,0,15.0
TXN1001675,retry,2026-05-18 13:42:14,1,3177.31,354.0,2,0,0,2.0
TXN1001675,reminder,2026-05-18 13:51:14,1,3177.31,124.0,1,0,0,1.0
TXN1001675,escalation,2026-05-18 13:04:14,0,0.0,,1,1,0,15.0
TXN1001676,retry,2026-01-19 07:34:40,1,5272.65,146.0,2,0,0,2.0
TXN1001676,reminder,2026-01-19 07:17:40,1,5272.65,321.0,1,0,0,1.0
TXN1001676,escalation,2026-01-19 07:21:40,1,5272.65,319.0,1,0,0,15.0
TXN1001682,retry,2026-06-25 09:46:30,1,6762.48,268.0,3,0,0,2.0
TXN1001682,reminder,2026-06-25 10:05:30,0,0.0,,2,1,0,1.0
TXN1001682,escalation,2026-06-25 09:29:30,0,0.0,,2,1,0,15.0
TXN1001684,retry,2026-02-19 21:40:55,1,2528.88,64.0,2,0,0,2.0
TXN1001684,reminder,2026-02-19 22:48:55,1,2528.88,105.0,1,0,0,1.0
TXN1001684,escalation,2026-02-19 23:30:55,1,2528.88,22.0,1,0,0,15.0
TXN1001686,retry,2026-01-08 09:20:28,0,0.0,,2,1,0,2.0
TXN1001686,reminder,2026-01-08 09:31:28,0,0.0,,1,1,0,1.0
TXN1001686,escalation,2026-01-08 09:24:28,0,0.0,,1,1,0,15.0
TXN1001688,retry,2026-05-08 21:07:59,1,4126.3,35.0,2,0,0,2.0
TXN1001688,reminder,2026-05-08 19:26:59,0,0.0,,1,1,0,1.0
TXN1001688,escalation,2026-05-08 19:09:59,1,4126.3,248.0,1,0,0,15.0
TXN1001689,retry,2026-04-28 21:43:37,1,33572.02,320.0,2,0,0,2.0
TXN1001689,reminder,2026-04-28 23:07:37,1,33572.02,47.0,1,0,0,1.0
TXN1001689,escalation,2026-04-28 23:45:37,1,33572.02,54.0,1,0,0,15.0
TXN1001691,retry,2026-06-28 11:22:26,1,3928.9,137.0,2,0,0,2.0
TXN1001691,reminder,2026-06-28 12:11:26,0,0.0,,1,1,0,1.0
TXN1001691,escalation,2026-06-28 10:14:26,1,3928.9,184.0,1,0,0,15.0
TXN1001695,retry,2026-05-01 20:06:45,1,1708.51,263.0,2,0,0,2.0
TXN1001695,reminder,2026-05-01 22:27:45,0,0.0,,1,1,0,1.0
TXN1001695,escalation,2026-05-01 21:48:45,0,0.0,,1,1,0,15.0
TXN1001696,retry,2026-04-29 08:08:14,0,0.0,,3,1,0,2.0
TXN1001696,reminder,2026-04-29 07:28:14,0,0.0,,2,1,0,1.0
TXN1001696,escalation,2026-04-29 06:21:14,0,0.0,,2,1,0,15.0
TXN1001701,retry,2026-05-27 15:20:00,1,1940.3,59.0,3,0,0,2.0
TXN1001701,reminder,2026-05-27 15:09:00,0,0.0,,2,1,0,1.0
TXN1001701,escalation,2026-05-27 14:58:00,1,1940.3,31.0,2,0,0,15.0
TXN1001704,retry,2026-06-22 09:42:15,1,1879.19,133.0,2,0,0,2.0
TXN1001704,reminder,2026-06-22 09:14:15,0,0.0,,1,1,0,1.0
TXN1001704,escalation,2026-06-22 07:08:15,1,1879.19,74.0,1,0,0,15.0
TXN1001705,retry,2026-01-04 14:43:48,0,0.0,,3,1,0,2.0
TXN1001705,reminder,2026-01-04 16:47:48,1,6406.03,162.0,2,0,0,1.0
TXN1001705,escalation,2026-01-04 15:16:48,0,0.0,,2,1,0,15.0
TXN1001713,retry,2026-04-16 16:12:39,0,0.0,,4,1,1,2.0
TXN1001713,reminder,2026-04-16 14:42:39,0,0.0,,3,1,0,1.0
TXN1001713,escalation,2026-04-16 16:12:39,1,2522.57,302.0,3,0,0,15.0
TXN1001715,retry,2026-05-13 07:40:23,1,926.83,52.0,2,0,0,2.0
TXN1001715,reminder,2026-05-13 09:09:23,1,926.83,289.0,1,0,0,1.0
TXN1001715,escalation,2026-05-13 08:22:23,0,0.0,,1,1,0,15.0
TXN1001717,retry,2026-04-26 17:06:10,1,1400.85,23.0,2,0,0,2.0
TXN1001717,reminder,2026-04-26 17:27:10,0,0.0,,1,1,0,1.0
TXN1001717,escalation,2026-04-26 18:00:10,0,0.0,,1,1,0,15.0
TXN1001718,retry,2026-04-27 15:31:05,1,5512.57,114.0,3,0,0,2.0
TXN1001718,reminder,2026-04-27 13:19:05,1,5512.57,240.0,2,0,0,1.0
TXN1001718,escalation,2026-04-27 15:18:05,0,0.0,,2,1,0,15.0
TXN1001719,retry,2026-05-13 23:27:03,1,2334.11,88.0,4,0,1,2.0
TXN1001719,reminder,2026-05-13 23:09:03,0,0.0,,3,1,0,1.0
TXN1001719,escalation,2026-05-13 21:42:03,0,0.0,,3,1,0,15.0
TXN1001722,retry,2026-02-09 09:12:50,1,7392.49,123.0,2,0,0,2.0
TXN1001722,reminder,2026-02-09 09:26:50,1,7392.49,64.0,1,0,0,1.0
TXN1001722,escalation,2026-02-09 09:12:50,0,0.0,,1,1,0,15.0
TXN1001726,retry,2026-02-28 02:28:46,1,15331.39,64.0,2,0,0,2.0
TXN1001726,reminder,2026-02-28 02:03:46,1,15331.39,335.0,1,0,0,1.0
TXN1001726,escalation,2026-02-28 04:31:46,0,0.0,,1,1,0,15.0
TXN1001729,retry,2026-04-29 05:35:21,0,0.0,,3,1,0,2.0
TXN1001729,reminder,2026-04-29 05:31:21,0,0.0,,2,1,0,1.0
TXN1001729,escalation,2026-04-29 07:23:21,1,33485.85,179.0,2,0,0,15.0
TXN1001737,retry,2026-03-14 18:22:14,0,0.0,,3,1,0,2.0
TXN1001737,reminder,2026-03-14 19:12:14,0,0.0,,2,1,0,1.0
TXN1001737,escalation,2026-03-14 18:10:14,0,0.0,,2,1,0,15.0
TXN1001740,retry,2026-04-04 12:41:08,1,10558.74,3.0,2,0,0,2.0
TXN1001740,reminder,2026-04-04 11:46:08,0,0.0,,1,1,0,1.0
TXN1001740,escalation,2026-04-04 11:58:08,1,10558.74,282.0,1,0,0,15.0
TXN1001742,retry,2026-05-26 05:07:31,0,0.0,,3,1,0,2.0
TXN1001742,reminder,2026-05-26 05:54:31,1,5284.28,342.0,2,0,0,1.0
TXN1001742,escalation,2026-05-26 06:15:31,1,5284.28,3.0,2,0,0,15.0
TXN1001743,retry,2026-06-24 22:48:50,1,1007.4,60.0,2,0,0,2.0
TXN1001743,reminder,2026-06-25 00:12:50,1,1007.4,45.0,1,0,0,1.0
TXN1001743,escalation,2026-06-24 23:58:50,0,0.0,,1,1,0,15.0
TXN1001746,retry,2026-06-09 07:23:15,0,0.0,,3,1,0,2.0
TXN1001746,reminder,2026-06-09 05:35:15,0,0.0,,2,1,0,1.0
TXN1001746,escalation,2026-06-09 08:04:15,1,882.77,57.0,2,0,0,15.0
TXN1001747,retry,2026-04-13 23:09:11,0,0.0,,3,1,0,2.0
TXN1001747,reminder,2026-04-13 23:09:11,1,4071.01,276.0,2,0,0,1.0
TXN1001747,escalation,2026-04-13 22:29:11,0,0.0,,2,1,0,15.0
TXN1001748,retry,2026-03-09 09:54:59,0,0.0,,2,1,0,2.0
TXN1001748,reminder,2026-03-09 07:45:59,1,2220.28,10.0,1,0,0,1.0
TXN1001748,escalation,2026-03-09 09:11:59,1,2220.28,230.0,1,0,0,15.0
TXN1001750,retry,2026-04-18 04:49:46,1,2391.42,158.0,2,0,0,2.0
TXN1001750,reminder,2026-04-18 03:44:46,1,2391.42,168.0,1,0,0,1.0
TXN1001750,escalation,2026-04-18 03:44:46,0,0.0,,1,1,0,15.0
TXN1001752,retry,2026-06-27 22:46:31,0,0.0,,2,1,0,2.0
TXN1001752,reminder,2026-06-27 23:15:31,0,0.0,,1,1,0,1.0
TXN1001752,escalation,2026-06-27 21:55:31,0,0.0,,1,1,0,15.0
TXN1001753,retry,2026-05-03 13:32:40,1,2785.55,338.0,2,0,0,2.0
TXN1001753,reminder,2026-05-03 11:52:40,0,0.0,,1,1,0,1.0
TXN1001753,escalation,2026-05-03 14:02:40,0,0.0,,1,1,0,15.0
TXN1001756,retry,2026-05-04 07:38:25,1,27588.01,160.0,3,0,0,2.0
TXN1001756,reminder,2026-05-04 09:27:25,0,0.0,,2,1,0,1.0
TXN1001756,escalation,2026-05-04 07:03:25,0,0.0,,2,1,0,15.0
TXN1001757,retry,2026-03-19 00:46:43,1,4122.42,88.0,2,0,0,2.0
TXN1001757,reminder,2026-03-19 00:38:43,1,4122.42,7.0,1,0,0,1.0
TXN1001757,escalation,2026-03-19 00:43:43,0,0.0,,1,1,0,15.0
TXN1001759,retry,2026-02-17 01:01:39,0,0.0,,2,1,0,2.0
TXN1001759,reminder,2026-02-17 00:02:39,1,1525.22,255.0,1,0,0,1.0
TXN1001759,escalation,2026-02-17 01:05:39,1,1525.22,272.0,1,0,0,15.0
TXN1001768,retry,2026-01-11 03:05:14,0,0.0,,2,1,0,2.0
TXN1001768,reminder,2026-01-11 02:06:14,0,0.0,,1,1,0,1.0
TXN1001768,escalation,2026-01-11 02:45:14,1,3601.05,70.0,1,0,0,15.0
TXN1001771,retry,2026-02-01 10:53:28,1,15670.85,225.0,2,0,0,2.0
TXN1001771,reminder,2026-02-01 10:53:28,1,15670.85,162.0,1,0,0,1.0
TXN1001771,escalation,2026-02-01 10:12:28,1,15670.85,20.0,1,0,0,15.0
TXN1001772,retry,2026-06-17 04:06:35,1,7661.67,325.0,2,0,0,2.0
TXN1001772,reminder,2026-06-17 04:51:35,1,7661.67,354.0,1,0,0,1.0
TXN1001772,escalation,2026-06-17 03:04:35,1,7661.67,243.0,1,0,0,15.0
TXN1001773,retry,2026-06-20 06:03:30,1,6570.85,69.0,3,0,0,2.0
TXN1001773,reminder,2026-06-20 04:18:30,1,6570.85,34.0,2,0,0,1.0
TXN1001773,escalation,2026-06-20 05:39:30,1,6570.85,140.0,2,0,0,15.0
TXN1001777,retry,2026-01-12 06:06:36,0,0.0,,4,1,1,2.0
TXN1001777,reminder,2026-01-12 05:07:36,0,0.0,,3,1,0,1.0
TXN1001777,escalation,2026-01-12 05:00:36,0,0.0,,3,1,0,15.0
TXN1001788,retry,2026-05-14 03:34:20,1,2748.52,236.0,3,0,0,2.0
TXN1001788,reminder,2026-05-14 02:29:20,0,0.0,,2,1,0,1.0
TXN1001788,escalation,2026-05-14 03:06:20,0,0.0,,2,1,0,15.0
TXN1001791,retry,2026-05-24 03:21:32,1,3454.76,276.0,4,0,1,2.0
TXN1001791,reminder,2026-05-24 03:21:32,1,3454.76,344.0,3,0,0,1.0
TXN1001791,escalation,2026-05-24 03:56:32,1,3454.76,249.0,3,0,0,15.0
TXN1001795,retry,2026-05-11 13:59:12,1,2117.07,280.0,2,0,0,2.0
TXN1001795,reminder,2026-05-11 11:48:12,0,0.0,,1,1,0,1.0
TXN1001795,escalation,2026-05-11 13:59:12,1,2117.07,138.0,1,0,0,15.0
TXN1001799,retry,2026-03-04 01:50:44,1,7323.02,115.0,3,0,0,2.0
TXN1001799,reminder,2026-03-04 04:02:44,0,0.0,,2,1,0,1.0
TXN1001799,escalation,2026-03-04 03:54:44,0,0.0,,2,1,0,15.0
TXN1001801,retry,2026-04-01 13:55:59,0,0.0,,3,1,0,2.0
TXN1001801,reminder,2026-04-01 15:36:59,0,0.0,,2,1,0,1.0
TXN1001801,escalation,2026-04-01 15:49:59,0,0.0,,2,1,0,15.0
TXN1001804,retry,2026-02-23 23:08:25,0,0.0,,3,1,0,2.0
TXN1001804,reminder,2026-02-23 21:45:25,0,0.0,,2,1,0,1.0
TXN1001804,escalation,2026-02-23 22:01:25,1,5894.48,57.0,2,0,0,15.0
TXN1001807,retry,2026-06-09 11:55:36,0,0.0,,3,1,0,2.0
TXN1001807,reminder,2026-06-09 13:54:36,0,0.0,,2,1,0,1.0
TXN1001807,escalation,2026-06-09 11:18:36,0,0.0,,2,1,0,15.0
TXN1001808,retry,2026-02-09 17:59:02,0,0.0,,2,1,0,2.0
TXN1001808,reminder,2026-02-09 17:57:02,1,1182.38,85.0,1,0,0,1.0
TXN1001808,escalation,2026-02-09 19:37:02,0,0.0,,1,1,0,15.0
TXN1001810,retry,2026-01-13 07:42:06,0,0.0,,2,1,0,2.0
TXN1001810,reminder,2026-01-13 08:02:06,0,0.0,,1,1,0,1.0
TXN1001810,escalation,2026-01-13 07:33:06,0,0.0,,1,1,0,15.0
TXN1001813,retry,2026-02-14 23:29:20,1,3199.6,157.0,2,0,0,2.0
TXN1001813,reminder,2026-02-15 01:50:20,0,0.0,,1,1,0,1.0
TXN1001813,escalation,2026-02-15 00:23:20,0,0.0,,1,1,0,15.0
TXN1001814,retry,2026-02-16 11:35:45,0,0.0,,2,1,0,2.0
TXN1001814,reminder,2026-02-16 10:51:45,0,0.0,,1,1,0,1.0
TXN1001814,escalation,2026-02-16 11:01:45,1,1301.06,64.0,1,0,0,15.0
TXN1001818,retry,2026-01-26 05:47:16,1,3412.97,309.0,2,0,0,2.0
TXN1001818,reminder,2026-01-26 06:24:16,0,0.0,,1,1,0,1.0
TXN1001818,escalation,2026-01-26 06:23:16,1,3412.97,97.0,1,0,0,15.0
TXN1001822,retry,2026-02-04 15:10:47,1,1090.95,240.0,3,0,0,2.0
TXN1001822,reminder,2026-02-04 15:16:47,1,1090.95,52.0,2,0,0,1.0
TXN1001822,escalation,2026-02-04 13:19:47,1,1090.95,156.0,2,0,0,15.0
TXN1001824,retry,2026-05-07 00:22:53,0,0.0,,2,1,0,2.0
TXN1001824,reminder,2026-05-06 23:19:53,0,0.0,,1,1,0,1.0
TXN1001824,escalation,2026-05-06 22:02:53,1,5275.5,24.0,1,0,0,15.0
TXN1001826,retry,2026-01-11 19:36:29,1,3139.97,190.0,2,0,0,2.0
TXN1001826,reminder,2026-01-11 18:28:29,0,0.0,,1,1,0,1.0
TXN1001826,escalation,2026-01-11 19:25:29,1,3139.97,113.0,1,0,0,15.0
TXN1001829,retry,2026-06-20 04:24:02,1,1576.27,72.0,4,0,1,2.0
TXN1001829,reminder,2026-06-20 05:19:02,0,0.0,,3,1,0,1.0
TXN1001829,escalation,2026-06-20 04:16:02,0,0.0,,3,1,0,15.0
TXN1001832,retry,2026-04-30 21:51:49,1,31290.85,6.0,2,0,0,2.0
TXN1001832,reminder,2026-04-30 21:38:49,0,0.0,,1,1,0,1.0
TXN1001832,escalation,2026-04-30 19:40:49,1,31290.85,14.0,1,0,0,15.0
TXN1001834,retry,2026-03-18 01:18:00,0,0.0,,4,1,1,2.0
TXN1001834,reminder,2026-03-18 00:35:00,0,0.0,,3,1,0,1.0
TXN1001834,escalation,2026-03-18 00:00:00,0,0.0,,3,1,0,15.0
TXN1001836,retry,2026-05-12 01:26:30,1,1657.82,108.0,2,0,0,2.0
TXN1001836,reminder,2026-05-12 01:40:30,1,1657.82,328.0,1,0,0,1.0
TXN1001836,escalation,2026-05-12 00:59:30,0,0.0,,1,1,0,15.0
TXN1001837,retry,2026-01-10 21:25:16,1,1164.56,355.0,2,0,0,2.0
TXN1001837,reminder,2026-01-10 20:14:16,1,1164.56,358.0,1,0,0,1.0
TXN1001837,escalation,2026-01-10 22:34:16,0,0.0,,1,1,0,15.0
TXN1001843,retry,2026-03-05 22:28:23,1,4821.58,49.0,4,0,1,2.0
TXN1001843,reminder,2026-03-05 22:14:23,1,4821.58,253.0,3,0,0,1.0
TXN1001843,escalation,2026-03-05 23:30:23,1,4821.58,119.0,3,0,0,15.0
TXN1001845,retry,2026-05-28 22:03:30,1,2196.8,330.0,2,0,0,2.0
TXN1001845,reminder,2026-05-28 22:31:30,1,2196.8,123.0,1,0,0,1.0
TXN1001845,escalation,2026-05-28 23:54:30,1,2196.8,276.0,1,0,0,15.0
TXN1001846,retry,2026-03-24 01:35:02,1,14505.84,132.0,2,0,0,2.0
TXN1001846,reminder,2026-03-24 01:14:02,1,14505.84,7.0,1,0,0,1.0
TXN1001846,escalation,2026-03-24 02:11:02,0,0.0,,1,1,0,15.0
TXN1001849,retry,2026-04-06 13:11:04,1,2787.24,279.0,2,0,0,2.0
TXN1001849,reminder,2026-04-06 11:25:04,0,0.0,,1,1,0,1.0
TXN1001849,escalation,2026-04-06 13:02:04,0,0.0,,1,1,0,15.0
TXN1001851,retry,2026-05-04 08:53:24,0,0.0,,2,1,0,2.0
TXN1001851,reminder,2026-05-04 10:04:24,0,0.0,,1,1,0,1.0
TXN1001851,escalation,2026-05-04 10:21:24,1,11452.2,163.0,1,0,0,15.0
TXN1001864,retry,2026-06-11 15:53:11,1,1509.86,127.0,3,0,0,2.0
TXN1001864,reminder,2026-06-11 17:02:11,1,1509.86,33.0,2,0,0,1.0
TXN1001864,escalation,2026-06-11 17:24:11,1,1509.86,238.0,2,0,0,15.0
TXN1001867,retry,2026-02-26 15:10:40,0,0.0,,3,1,0,2.0
TXN1001867,reminder,2026-02-26 16:38:40,0,0.0,,2,1,0,1.0
TXN1001867,escalation,2026-02-26 15:15:40,0,0.0,,2,1,0,15.0
TXN1001868,retry,2026-04-25 15:53:49,1,6732.26,211.0,3,0,0,2.0
TXN1001868,reminder,2026-04-25 14:11:49,1,6732.26,274.0,2,0,0,1.0
TXN1001868,escalation,2026-04-25 13:07:49,1,6732.26,317.0,2,0,0,15.0
TXN1001870,retry,2026-04-25 12:58:33,1,7063.98,279.0,2,0,0,2.0
TXN1001870,reminder,2026-04-25 15:29:33,1,7063.98,292.0,1,0,0,1.0
TXN1001870,escalation,2026-04-25 13:54:33,1,7063.98,234.0,1,0,0,15.0
TXN1001871,retry,2026-04-13 06:20:20,0,0.0,,2,1,0,2.0
TXN1001871,reminder,2026-04-13 04:09:20,1,2925.56,202.0,1,0,0,1.0
TXN1001871,escalation,2026-04-13 06:13:20,1,2925.56,342.0,1,0,0,15.0
TXN1001872,retry,2026-04-07 06:56:46,1,3455.8,253.0,2,0,0,2.0
TXN1001872,reminder,2026-04-07 06:36:46,1,3455.8,239.0,1,0,0,1.0
TXN1001872,escalation,2026-04-07 06:12:46,1,3455.8,343.0,1,0,0,15.0
TXN1001875,retry,2026-06-12 19:40:31,1,9180.72,348.0,3,0,0,2.0
TXN1001875,reminder,2026-06-12 19:41:31,1,9180.72,176.0,2,0,0,1.0
TXN1001875,escalation,2026-06-12 19:02:31,1,9180.72,81.0,2,0,0,15.0
TXN1001877,retry,2026-04-15 01:54:04,1,4760.73,34.0,2,0,0,2.0
TXN1001877,reminder,2026-04-15 03:38:04,1,4760.73,199.0,1,0,0,1.0
TXN1001877,escalation,2026-04-15 03:23:04,0,0.0,,1,1,0,15.0
TXN1001879,retry,2026-02-12 14:27:50,0,0.0,,2,1,0,2.0
TXN1001879,reminder,2026-02-12 15:07:50,1,2977.33,344.0,1,0,0,1.0
TXN1001879,escalation,2026-02-12 16:51:50,0,0.0,,1,1,0,15.0
TXN1001880,retry,2026-01-20 06:44:22,0,0.0,,3,1,0,2.0
TXN1001880,reminder,2026-01-20 07:40:22,0,0.0,,2,1,0,1.0
TXN1001880,escalation,2026-01-20 08:54:22,0,0.0,,2,1,0,15.0
TXN1001883,retry,2026-02-25 20:32:32,0,0.0,,2,1,0,2.0
TXN1001883,reminder,2026-02-25 22:48:32,0,0.0,,1,1,0,1.0
TXN1001883,escalation,2026-02-25 22:56:32,0,0.0,,1,1,0,15.0
TXN1001884,retry,2026-01-12 09:39:50,1,3435.49,26.0,2,0,0,2.0
TXN1001884,reminder,2026-01-12 09:43:50,0,0.0,,1,1,0,1.0
TXN1001884,escalation,2026-01-12 11:13:50,1,3435.49,118.0,1,0,0,15.0
TXN1001885,retry,2026-03-27 08:51:32,0,0.0,,3,1,0,2.0
TXN1001885,reminder,2026-03-27 09:11:32,1,2590.09,218.0,2,0,0,1.0
TXN1001885,escalation,2026-03-27 08:43:32,0,0.0,,2,1,0,15.0
TXN1001886,retry,2026-05-08 06:57:15,1,1201.45,339.0,4,0,1,2.0
TXN1001886,reminder,2026-05-08 07:10:15,1,1201.45,280.0,3,0,0,1.0
TXN1001886,escalation,2026-05-08 06:17:15,0,0.0,,3,1,0,15.0
TXN1001888,retry,2026-05-11 13:46:44,0,0.0,,2,1,0,2.0
TXN1001888,reminder,2026-05-11 13:05:44,1,15725.84,358.0,1,0,0,1.0
TXN1001888,escalation,2026-05-11 12:15:44,1,15725.84,10.0,1,0,0,15.0
TXN1001889,retry,2026-05-14 02:28:39,1,36954.06,215.0,3,0,0,2.0
TXN1001889,reminder,2026-05-14 01:23:39,1,36954.06,53.0,2,0,0,1.0
TXN1001889,escalation,2026-05-14 04:12:39,0,0.0,,2,1,0,15.0
TXN1001892,retry,2026-05-22 09:26:52,1,4174.09,154.0,2,0,0,2.0
TXN1001892,reminder,2026-05-22 08:59:52,0,0.0,,1,1,0,1.0
TXN1001892,escalation,2026-05-22 09:13:52,1,4174.09,8.0,1,0,0,15.0
TXN1001893,retry,2026-03-05 03:08:58,0,0.0,,3,1,0,2.0
TXN1001893,reminder,2026-03-05 00:36:58,0,0.0,,2,1,0,1.0
TXN1001893,escalation,2026-03-05 00:51:58,0,0.0,,2,1,0,15.0
TXN1001894,retry,2026-03-07 00:09:34,0,0.0,,5,1,1,2.0
TXN1001894,reminder,2026-03-06 23:19:34,0,0.0,,4,1,0,1.0
TXN1001894,escalation,2026-03-06 23:52:34,0,0.0,,4,1,0,15.0
TXN1001896,retry,2026-03-13 09:17:33,0,0.0,,2,1,0,2.0
TXN1001896,reminder,2026-03-13 09:38:33,1,11247.25,153.0,1,0,0,1.0
TXN1001896,escalation,2026-03-13 09:31:33,1,11247.25,257.0,1,0,0,15.0
TXN1001900,retry,2026-05-05 07:27:16,0,0.0,,2,1,0,2.0
TXN1001900,reminder,2026-05-05 07:12:16,1,3232.12,69.0,1,0,0,1.0
TXN1001900,escalation,2026-05-05 07:51:16,0,0.0,,1,1,0,15.0
TXN1001901,retry,2026-04-27 05:01:35,0,0.0,,3,1,0,2.0
TXN1001901,reminder,2026-04-27 02:07:35,0,0.0,,2,1,0,1.0
TXN1001901,escalation,2026-04-27 03:57:35,1,8445.9,55.0,2,0,0,15.0
TXN1001903,retry,2026-01-29 16:19:15,1,3860.19,161.0,2,0,0,2.0
TXN1001903,reminder,2026-01-29 16:24:15,0,0.0,,1,1,0,1.0
TXN1001903,escalation,2026-01-29 17:38:15,0,0.0,,1,1,0,15.0
TXN1001904,retry,2026-01-05 09:45:42,1,6282.87,148.0,2,0,0,2.0
TXN1001904,reminder,2026-01-05 09:53:42,0,0.0,,1,1,0,1.0
TXN1001904,escalation,2026-01-05 09:17:42,1,6282.87,344.0,1,0,0,15.0
TXN1001907,retry,2026-05-15 01:08:13,1,4227.77,6.0,2,0,0,2.0
TXN1001907,reminder,2026-05-15 02:22:13,1,4227.77,325.0,1,0,0,1.0
TXN1001907,escalation,2026-05-15 00:32:13,1,4227.77,122.0,1,0,0,15.0
TXN1001909,retry,2026-03-09 06:22:08,0,0.0,,2,1,0,2.0
TXN1001909,reminder,2026-03-09 08:35:08,0,0.0,,1,1,0,1.0
TXN1001909,escalation,2026-03-09 08:04:08,1,10816.93,162.0,1,0,0,15.0
TXN1001912,retry,2026-05-28 12:21:31,1,7423.21,107.0,2,0,0,2.0
TXN1001912,reminder,2026-05-28 13:58:31,1,7423.21,242.0,1,0,0,1.0
TXN1001912,escalation,2026-05-28 13:36:31,1,7423.21,32.0,1,0,0,15.0
TXN1001916,retry,2026-01-05 01:24:41,0,0.0,,2,1,0,2.0
TXN1001916,reminder,2026-01-05 01:55:41,1,10430.85,301.0,1,0,0,1.0
TXN1001916,escalation,2026-01-05 00:57:41,1,10430.85,166.0,1,0,0,15.0
TXN1001918,retry,2026-06-12 15:20:20,1,5657.51,240.0,5,0,1,2.0
TXN1001918,reminder,2026-06-12 14:55:20,0,0.0,,4,1,0,1.0
TXN1001918,escalation,2026-06-12 15:25:20,0,0.0,,4,1,0,15.0
TXN1001931,retry,2026-06-04 12:43:16,1,8567.19,54.0,2,0,0,2.0
TXN1001931,reminder,2026-06-04 13:30:16,1,8567.19,163.0,1,0,0,1.0
TXN1001931,escalation,2026-06-04 12:23:16,1,8567.19,75.0,1,0,0,15.0
TXN1001932,retry,2026-04-29 14:24:38,0,0.0,,3,1,0,2.0
TXN1001932,reminder,2026-04-29 11:35:38,0,0.0,,2,1,0,1.0
TXN1001932,escalation,2026-04-29 13:40:38,0,0.0,,2,1,0,15.0
TXN1001933,retry,2026-01-08 08:27:05,0,0.0,,2,1,0,2.0
TXN1001933,reminder,2026-01-08 08:22:05,1,34610.77,3.0,1,0,0,1.0
TXN1001933,escalation,2026-01-08 08:55:05,0,0.0,,1,1,0,15.0
TXN1001935,retry,2026-04-22 02:39:13,0,0.0,,3,1,0,2.0
TXN1001935,reminder,2026-04-22 03:09:13,1,40433.58,285.0,2,0,0,1.0
TXN1001935,escalation,2026-04-22 03:11:13,1,40433.58,60.0,2,0,0,15.0
TXN1001939,retry,2026-05-25 21:53:55,0,0.0,,2,1,0,2.0
TXN1001939,reminder,2026-05-25 22:09:55,1,1561.02,171.0,1,0,0,1.0
TXN1001939,escalation,2026-05-25 21:01:55,0,0.0,,1,1,0,15.0
TXN1001940,retry,2026-03-13 15:04:55,0,0.0,,2,1,0,2.0
TXN1001940,reminder,2026-03-13 15:23:55,0,0.0,,1,1,0,1.0
TXN1001940,escalation,2026-03-13 14:32:55,0,0.0,,1,1,0,15.0
TXN1001941,retry,2026-01-31 12:45:22,0,0.0,,3,1,0,2.0
TXN1001941,reminder,2026-01-31 12:33:22,0,0.0,,2,1,0,1.0
TXN1001941,escalation,2026-01-31 13:13:22,0,0.0,,2,1,0,15.0
TXN1001943,retry,2026-02-05 17:54:07,0,0.0,,3,1,0,2.0
TXN1001943,reminder,2026-02-05 18:25:07,0,0.0,,2,1,0,1.0
TXN1001943,escalation,2026-02-05 17:07:07,0,0.0,,2,1,0,15.0
TXN1001944,retry,2026-05-22 03:40:40,1,2141.09,263.0,2,0,0,2.0
TXN1001944,reminder,2026-05-22 01:39:40,1,2141.09,69.0,1,0,0,1.0
TXN1001944,escalation,2026-05-22 02:11:40,0,0.0,,1,1,0,15.0
TXN1001947,retry,2026-04-19 19:10:46,1,9505.14,286.0,2,0,0,2.0
TXN1001947,reminder,2026-04-19 20:55:46,0,0.0,,1,1,0,1.0
TXN1001947,escalation,2026-04-19 19:24:46,1,9505.14,328.0,1,0,0,15.0
TXN1001950,retry,2026-01-08 04:34:54,1,5309.7,247.0,2,0,0,2.0
TXN1001950,reminder,2026-01-08 04:23:54,1,5309.7,297.0,1,0,0,1.0
TXN1001950,escalation,2026-01-08 06:01:54,1,5309.7,192.0,1,0,0,15.0
TXN1001951,retry,2026-06-13 04:18:29,0,0.0,,5,1,1,2.0
TXN1001951,reminder,2026-06-13 04:54:29,0,0.0,,4,1,0,1.0
TXN1001951,escalation,2026-06-13 05:31:29,1,2953.69,119.0,4,0,0,15.0
TXN1001953,retry,2026-06-01 20:56:32,1,3710.89,59.0,3,0,0,2.0
TXN1001953,reminder,2026-06-01 19:43:32,0,0.0,,2,1,0,1.0
TXN1001953,escalation,2026-06-01 19:18:32,1,3710.89,320.0,2,0,0,15.0
TXN1001954,retry,2026-02-03 14:42:41,0,0.0,,2,1,0,2.0
TXN1001954,reminder,2026-02-03 15:33:41,1,6826.87,214.0,1,0,0,1.0
TXN1001954,escalation,2026-02-03 15:12:41,1,6826.87,131.0,1,0,0,15.0
TXN1001956,retry,2026-03-06 15:59:41,1,6530.16,245.0,2,0,0,2.0
TXN1001956,reminder,2026-03-06 15:41:41,1,6530.16,204.0,1,0,0,1.0
TXN1001956,escalation,2026-03-06 16:13:41,0,0.0,,1,1,0,15.0
TXN1001957,retry,2026-06-03 00:36:31,1,15358.79,333.0,2,0,0,2.0
TXN1001957,reminder,2026-06-02 22:39:31,1,15358.79,209.0,1,0,0,1.0
TXN1001957,escalation,2026-06-03 00:11:31,1,15358.79,186.0,1,0,0,15.0
TXN1001958,retry,2026-06-08 14:15:46,1,42043.12,98.0,2,0,0,2.0
TXN1001958,reminder,2026-06-08 12:41:46,1,42043.12,203.0,1,0,0,1.0
TXN1001958,escalation,2026-06-08 12:17:46,1,42043.12,321.0,1,0,0,15.0
TXN1001967,retry,2026-05-25 10:35:01,1,9438.11,50.0,2,0,0,2.0
TXN1001967,reminder,2026-05-25 10:29:01,1,9438.11,255.0,1,0,0,1.0
TXN1001967,escalation,2026-05-25 11:20:01,1,9438.11,169.0,1,0,0,15.0
TXN1001969,retry,2026-04-19 12:28:45,0,0.0,,2,1,0,2.0
TXN1001969,reminder,2026-04-19 12:40:45,0,0.0,,1,1,0,1.0
TXN1001969,escalation,2026-04-19 13:21:45,1,3337.69,99.0,1,0,0,15.0
TXN1001971,retry,2026-02-23 18:31:23,1,1197.79,109.0,4,0,1,2.0
TXN1001971,reminder,2026-02-23 16:36:23,0,0.0,,3,1,0,1.0
TXN1001971,escalation,2026-02-23 18:17:23,1,1197.79,7.0,3,0,0,15.0
TXN1001974,retry,2026-05-26 22:09:22,1,13900.42,228.0,3,0,0,2.0
TXN1001974,reminder,2026-05-26 23:59:22,0,0.0,,2,1,0,1.0
TXN1001974,escalation,2026-05-26 22:11:22,0,0.0,,2,1,0,15.0
TXN1001976,retry,2026-05-18 16:49:43,1,3008.18,151.0,2,0,0,2.0
TXN1001976,reminder,2026-05-18 17:43:43,0,0.0,,1,1,0,1.0
TXN1001976,escalation,2026-05-18 19:29:43,1,3008.18,90.0,1,0,0,15.0
TXN1001980,retry,2026-03-13 22:08:58,1,3893.02,150.0,2,0,0,2.0
TXN1001980,reminder,2026-03-13 22:22:58,1,3893.02,295.0,1,0,0,1.0
TXN1001980,escalation,2026-03-13 21:28:58,1,3893.02,76.0,1,0,0,15.0
TXN1001983,retry,2026-03-20 04:46:48,1,2559.11,215.0,2,0,0,2.0
TXN1001983,reminder,2026-03-20 04:40:48,0,0.0,,1,1,0,1.0
TXN1001983,escalation,2026-03-20 05:12:48,0,0.0,,1,1,0,15.0
TXN1001987,retry,2026-06-13 20:16:57,1,3783.95,86.0,2,0,0,2.0
TXN1001987,reminder,2026-06-13 18:45:57,1,3783.95,58.0,1,0,0,1.0
TXN1001987,escalation,2026-06-13 19:24:57,0,0.0,,1,1,0,15.0
TXN1001991,retry,2026-05-31 11:01:01,0,0.0,,5,1,1,2.0
TXN1001991,reminder,2026-05-31 09:28:01,0,0.0,,4,1,0,1.0
TXN1001991,escalation,2026-05-31 10:36:01,1,13238.58,109.0,4,0,0,15.0
TXN1001994,retry,2026-04-28 19:29:41,1,6944.19,19.0,2,0,0,2.0
TXN1001994,reminder,2026-04-28 19:50:41,0,0.0,,1,1,0,1.0
TXN1001994,escalation,2026-04-28 19:24:41,1,6944.19,204.0,1,0,0,15.0
TXN1001996,retry,2026-03-30 15:36:53,1,17285.92,301.0,2,0,0,2.0
TXN1001996,reminder,2026-03-30 16:16:53,1,17285.92,152.0,1,0,0,1.0
TXN1001996,escalation,2026-03-30 16:44:53,1,17285.92,170.0,1,0,0,15.0
TXN1001997,retry,2026-03-05 19:27:08,1,1535.83,36.0,3,0,0,2.0
TXN1001997,reminder,2026-03-05 19:33:08,0,0.0,,2,1,0,1.0
TXN1001997,escalation,2026-03-05 18:43:08,1,1535.83,295.0,2,0,0,15.0
TXN1001998,retry,2026-01-14 16:45:12,1,28386.46,18.0,3,0,0,2.0
TXN1001998,reminder,2026-01-14 15:25:12,1,28386.46,50.0,2,0,0,1.0
TXN1001998,escalation,2026-01-14 17:54:12,0,0.0,,2,1,0,15.0
TXN1002001,retry,2026-03-01 17:32:22,1,22755.08,40.0,2,0,0,2.0
TXN1002001,reminder,2026-03-01 17:30:22,1,22755.08,135.0,1,0,0,1.0
TXN1002001,escalation,2026-03-01 15:42:22,1,22755.08,195.0,1,0,0,15.0
TXN1002009,retry,2026-01-20 05:43:21,0,0.0,,2,1,0,2.0
TXN1002009,reminder,2026-01-20 05:16:21,1,2288.29,300.0,1,0,0,1.0
TXN1002009,escalation,2026-01-20 04:58:21,1,2288.29,231.0,1,0,0,15.0
TXN1002013,retry,2026-03-08 15:53:47,1,3963.54,40.0,2,0,0,2.0
TXN1002013,reminder,2026-03-08 13:53:47,0,0.0,,1,1,0,1.0
TXN1002013,escalation,2026-03-08 14:58:47,1,3963.54,123.0,1,0,0,15.0
TXN1002014,retry,2026-01-16 06:18:22,0,0.0,,4,1,1,2.0
TXN1002014,reminder,2026-01-16 06:53:22,0,0.0,,3,1,0,1.0
TXN1002014,escalation,2026-01-16 08:40:22,0,0.0,,3,1,0,15.0
TXN1002016,retry,2026-02-05 15:03:36,1,150000.0,184.0,3,0,0,2.0
TXN1002016,reminder,2026-02-05 15:16:36,1,150000.0,11.0,2,0,0,1.0
TXN1002016,escalation,2026-02-05 13:58:36,1,150000.0,358.0,2,0,0,15.0
TXN1002020,retry,2026-01-17 11:05:55,1,3403.27,50.0,2,0,0,2.0
TXN1002020,reminder,2026-01-17 09:49:55,1,3403.27,344.0,1,0,0,1.0
TXN1002020,escalation,2026-01-17 10:16:55,1,3403.27,317.0,1,0,0,15.0
TXN1002021,retry,2026-05-12 03:16:15,0,0.0,,4,1,1,2.0
TXN1002021,reminder,2026-05-12 01:21:15,1,4377.04,224.0,3,0,0,1.0
TXN1002021,escalation,2026-05-12 02:08:15,1,4377.04,346.0,3,0,0,15.0
TXN1002022,retry,2026-06-20 14:43:46,1,1681.86,304.0,2,0,0,2.0
TXN1002022,reminder,2026-06-20 13:20:46,1,1681.86,118.0,1,0,0,1.0
TXN1002022,escalation,2026-06-20 14:50:46,1,1681.86,355.0,1,0,0,15.0
TXN1002027,retry,2026-06-24 03:28:18,0,0.0,,2,1,0,2.0
TXN1002027,reminder,2026-06-24 04:09:18,1,8962.62,301.0,1,0,0,1.0
TXN1002027,escalation,2026-06-24 03:27:18,1,8962.62,96.0,1,0,0,15.0
TXN1002028,retry,2026-01-31 03:32:42,1,3479.62,4.0,2,0,0,2.0
TXN1002028,reminder,2026-01-31 01:56:42,0,0.0,,1,1,0,1.0
TXN1002028,escalation,2026-01-31 02:01:42,0,0.0,,1,1,0,15.0
TXN1002030,retry,2026-06-19 05:02:59,1,10336.45,283.0,2,0,0,2.0
TXN1002030,reminder,2026-06-19 05:23:59,0,0.0,,1,1,0,1.0
TXN1002030,escalation,2026-06-19 06:33:59,0,0.0,,1,1,0,15.0
TXN1002034,retry,2026-05-09 16:01:56,0,0.0,,2,1,0,2.0
TXN1002034,reminder,2026-05-09 16:06:56,1,2558.25,324.0,1,0,0,1.0
TXN1002034,escalation,2026-05-09 16:03:56,1,2558.25,286.0,1,0,0,15.0
TXN1002038,retry,2026-06-08 22:17:57,1,3429.65,119.0,3,0,0,2.0
TXN1002038,reminder,2026-06-08 20:31:57,1,3429.65,185.0,2,0,0,1.0
TXN1002038,escalation,2026-06-08 21:56:57,1,3429.65,17.0,2,0,0,15.0
TXN1002040,retry,2026-03-27 00:29:14,1,7611.37,35.0,2,0,0,2.0
TXN1002040,reminder,2026-03-26 23:28:14,1,7611.37,180.0,1,0,0,1.0
TXN1002040,escalation,2026-03-27 00:20:14,1,7611.37,110.0,1,0,0,15.0
TXN1002041,retry,2026-05-26 08:04:36,1,10694.81,97.0,2,0,0,2.0
TXN1002041,reminder,2026-05-26 08:12:36,1,10694.81,58.0,1,0,0,1.0
TXN1002041,escalation,2026-05-26 08:50:36,0,0.0,,1,1,0,15.0
TXN1002042,retry,2026-06-24 07:45:17,0,0.0,,2,1,0,2.0
TXN1002042,reminder,2026-06-24 07:59:17,0,0.0,,1,1,0,1.0
TXN1002042,escalation,2026-06-24 07:57:17,1,13249.12,201.0,1,0,0,15.0
TXN1002046,retry,2026-02-13 04:48:43,0,0.0,,2,1,0,2.0
TXN1002046,reminder,2026-02-13 02:53:43,1,4113.62,298.0,1,0,0,1.0
TXN1002046,escalation,2026-02-13 04:23:43,0,0.0,,1,1,0,15.0
TXN1002047,retry,2026-05-22 23:39:55,0,0.0,,3,1,0,2.0
TXN1002047,reminder,2026-05-23 01:25:55,1,1642.86,236.0,2,0,0,1.0
TXN1002047,escalation,2026-05-22 23:51:55,0,0.0,,2,1,0,15.0
TXN1002053,retry,2026-04-01 05:07:19,0,0.0,,3,1,0,2.0
TXN1002053,reminder,2026-04-01 05:27:19,1,2028.57,98.0,2,0,0,1.0
TXN1002053,escalation,2026-04-01 04:52:19,1,2028.57,305.0,2,0,0,15.0
TXN1002057,retry,2026-04-23 13:48:34,1,3120.71,285.0,2,0,0,2.0
TXN1002057,reminder,2026-04-23 16:09:34,0,0.0,,1,1,0,1.0
TXN1002057,escalation,2026-04-23 15:43:34,1,3120.71,171.0,1,0,0,15.0
TXN1002059,retry,2026-04-29 02:13:12,1,7084.68,161.0,3,0,0,2.0
TXN1002059,reminder,2026-04-29 00:57:12,0,0.0,,2,1,0,1.0
TXN1002059,escalation,2026-04-29 03:15:12,1,7084.68,43.0,2,0,0,15.0
TXN1002063,retry,2026-01-09 07:49:56,1,6265.26,104.0,2,0,0,2.0
TXN1002063,reminder,2026-01-09 08:34:56,0,0.0,,1,1,0,1.0
TXN1002063,escalation,2026-01-09 08:01:56,0,0.0,,1,1,0,15.0
TXN1002066,retry,2026-03-04 21:34:58,0,0.0,,5,1,1,2.0
TXN1002066,reminder,2026-03-04 21:49:58,0,0.0,,4,1,0,1.0
TXN1002066,escalation,2026-03-04 19:35:58,1,7619.82,331.0,4,0,0,15.0
TXN1002071,retry,2026-03-23 02:24:25,0,0.0,,2,1,0,2.0
TXN1002071,reminder,2026-03-23 01:27:25,0,0.0,,1,1,0,1.0
TXN1002071,escalation,2026-03-23 02:20:25,0,0.0,,1,1,0,15.0
TXN1002075,retry,2026-05-21 03:04:20,1,865.1,225.0,2,0,0,2.0
TXN1002075,reminder,2026-05-21 04:35:20,0,0.0,,1,1,0,1.0
TXN1002075,escalation,2026-05-21 02:28:20,1,865.1,93.0,1,0,0,15.0
TXN1002078,retry,2026-03-09 17:09:54,1,1294.97,39.0,2,0,0,2.0
TXN1002078,reminder,2026-03-09 15:17:54,1,1294.97,216.0,1,0,0,1.0
TXN1002078,escalation,2026-03-09 15:04:54,1,1294.97,326.0,1,0,0,15.0
TXN1002079,retry,2026-03-23 01:23:28,1,3836.08,61.0,2,0,0,2.0
TXN1002079,reminder,2026-03-23 01:18:28,0,0.0,,1,1,0,1.0
TXN1002079,escalation,2026-03-23 01:24:28,1,3836.08,2.0,1,0,0,15.0
TXN1002082,retry,2026-05-07 22:31:39,1,25199.9,217.0,2,0,0,2.0
TXN1002082,reminder,2026-05-07 20:13:39,0,0.0,,1,1,0,1.0
TXN1002082,escalation,2026-05-07 21:50:39,1,25199.9,213.0,1,0,0,15.0
TXN1002084,retry,2026-04-16 18:21:42,1,16818.61,16.0,2,0,0,2.0
TXN1002084,reminder,2026-04-16 18:32:42,0,0.0,,1,1,0,1.0
TXN1002084,escalation,2026-04-16 18:43:42,1,16818.61,105.0,1,0,0,15.0
TXN1002091,retry,2026-06-19 07:53:48,0,0.0,,2,1,0,2.0
TXN1002091,reminder,2026-06-19 06:59:48,1,3091.19,13.0,1,0,0,1.0
TXN1002091,escalation,2026-06-19 08:00:48,1,3091.19,87.0,1,0,0,15.0
TXN1002096,retry,2026-01-19 11:05:16,0,0.0,,2,1,0,2.0
TXN1002096,reminder,2026-01-19 10:57:16,1,2020.87,195.0,1,0,0,1.0
TXN1002096,escalation,2026-01-19 12:55:16,1,2020.87,274.0,1,0,0,15.0
TXN1002099,retry,2026-02-21 15:54:34,1,7132.27,177.0,2,0,0,2.0
TXN1002099,reminder,2026-02-21 16:51:34,0,0.0,,1,1,0,1.0
TXN1002099,escalation,2026-02-21 17:06:34,1,7132.27,250.0,1,0,0,15.0
TXN1002101,retry,2026-02-07 03:33:16,0,0.0,,5,1,1,2.0
TXN1002101,reminder,2026-02-07 03:39:16,0,0.0,,4,1,0,1.0
TXN1002101,escalation,2026-02-07 04:38:16,1,6110.89,29.0,4,0,0,15.0
TXN1002106,retry,2026-06-01 19:31:58,1,4480.22,260.0,2,0,0,2.0
TXN1002106,reminder,2026-06-01 21:37:58,1,4480.22,181.0,1,0,0,1.0
TXN1002106,escalation,2026-06-01 20:44:58,1,4480.22,341.0,1,0,0,15.0
TXN1002107,retry,2026-06-09 06:06:48,0,0.0,,3,1,0,2.0
TXN1002107,reminder,2026-06-09 06:20:48,1,4983.05,203.0,2,0,0,1.0
TXN1002107,escalation,2026-06-09 07:00:48,1,4983.05,237.0,2,0,0,15.0
TXN1002108,retry,2026-04-11 08:08:59,1,5986.31,145.0,2,0,0,2.0
TXN1002108,reminder,2026-04-11 08:59:59,0,0.0,,1,1,0,1.0
TXN1002108,escalation,2026-04-11 07:50:59,1,5986.31,331.0,1,0,0,15.0
TXN1002109,retry,2026-05-02 22:17:22,1,6767.99,32.0,2,0,0,2.0
TXN1002109,reminder,2026-05-02 23:05:22,1,6767.99,325.0,1,0,0,1.0
TXN1002109,escalation,2026-05-02 21:10:22,0,0.0,,1,1,0,15.0
TXN1002110,retry,2026-03-18 04:37:45,1,13364.6,261.0,2,0,0,2.0
TXN1002110,reminder,2026-03-18 03:40:45,0,0.0,,1,1,0,1.0
TXN1002110,escalation,2026-03-18 04:43:45,0,0.0,,1,1,0,15.0
TXN1002112,retry,2026-03-02 00:09:15,0,0.0,,2,1,0,2.0
TXN1002112,reminder,2026-03-02 00:00:15,1,30101.84,97.0,1,0,0,1.0
TXN1002112,escalation,2026-03-01 21:54:15,0,0.0,,1,1,0,15.0
TXN1002114,retry,2026-01-27 17:42:58,1,1669.01,32.0,2,0,0,2.0
TXN1002114,reminder,2026-01-27 15:32:58,1,1669.01,308.0,1,0,0,1.0
TXN1002114,escalation,2026-01-27 16:08:58,0,0.0,,1,1,0,15.0
TXN1002115,retry,2026-01-13 04:20:49,1,10405.16,241.0,2,0,0,2.0
TXN1002115,reminder,2026-01-13 06:39:49,1,10405.16,277.0,1,0,0,1.0
TXN1002115,escalation,2026-01-13 06:42:49,0,0.0,,1,1,0,15.0
TXN1002116,retry,2026-01-10 03:07:28,0,0.0,,4,1,1,2.0
TXN1002116,reminder,2026-01-10 03:47:28,0,0.0,,3,1,0,1.0
TXN1002116,escalation,2026-01-10 02:41:28,0,0.0,,3,1,0,15.0
TXN1002117,retry,2026-03-07 08:56:42,1,2263.38,336.0,2,0,0,2.0
TXN1002117,reminder,2026-03-07 08:51:42,0,0.0,,1,1,0,1.0
TXN1002117,escalation,2026-03-07 09:14:42,1,2263.38,138.0,1,0,0,15.0
TXN1002118,retry,2026-01-29 03:41:20,1,4309.86,290.0,2,0,0,2.0
TXN1002118,reminder,2026-01-29 04:36:20,1,4309.86,184.0,1,0,0,1.0
TXN1002118,escalation,2026-01-29 03:53:20,1,4309.86,104.0,1,0,0,15.0
TXN1002121,retry,2026-05-20 18:22:15,1,7054.56,20.0,3,0,0,2.0
TXN1002121,reminder,2026-05-20 16:48:15,1,7054.56,263.0,2,0,0,1.0
TXN1002121,escalation,2026-05-20 16:57:15,0,0.0,,2,1,0,15.0
TXN1002122,retry,2026-02-22 13:06:02,0,0.0,,3,1,0,2.0
TXN1002122,reminder,2026-02-22 11:27:02,1,4380.0,219.0,2,0,0,1.0
TXN1002122,escalation,2026-02-22 13:14:02,0,0.0,,2,1,0,15.0
TXN1002126,retry,2026-05-27 20:26:55,0,0.0,,2,1,0,2.0
TXN1002126,reminder,2026-05-27 20:32:55,0,0.0,,1,1,0,1.0
TXN1002126,escalation,2026-05-27 20:33:55,0,0.0,,1,1,0,15.0
TXN1002127,retry,2026-05-02 13:08:23,1,3612.63,322.0,2,0,0,2.0
TXN1002127,reminder,2026-05-02 12:04:23,1,3612.63,296.0,1,0,0,1.0
TXN1002127,escalation,2026-05-02 14:16:23,1,3612.63,263.0,1,0,0,15.0
TXN1002128,retry,2026-01-16 01:24:13,0,0.0,,2,1,0,2.0
TXN1002128,reminder,2026-01-16 03:27:13,0,0.0,,1,1,0,1.0
TXN1002128,escalation,2026-01-16 01:40:13,0,0.0,,1,1,0,15.0
TXN1002137,retry,2026-01-02 03:38:41,1,2576.87,7.0,3,0,0,2.0
TXN1002137,reminder,2026-01-02 02:56:41,0,0.0,,2,1,0,1.0
TXN1002137,escalation,2026-01-02 01:18:41,0,0.0,,2,1,0,15.0
TXN1002140,retry,2026-02-12 03:32:09,1,2456.65,50.0,3,0,0,2.0
TXN1002140,reminder,2026-02-12 04:54:09,0,0.0,,2,1,0,1.0
TXN1002140,escalation,2026-02-12 05:14:09,1,2456.65,206.0,2,0,0,15.0
TXN1002142,retry,2026-03-26 20:37:27,0,0.0,,2,1,0,2.0
TXN1002142,reminder,2026-03-26 20:18:27,0,0.0,,1,1,0,1.0
TXN1002142,escalation,2026-03-26 19:46:27,1,4721.02,46.0,1,0,0,15.0
TXN1002146,retry,2026-05-01 23:59:58,1,2677.04,160.0,2,0,0,2.0
TXN1002146,reminder,2026-05-01 23:06:58,0,0.0,,1,1,0,1.0
TXN1002146,escalation,2026-05-01 22:37:58,1,2677.04,128.0,1,0,0,15.0
TXN1002147,retry,2026-04-16 19:06:49,0,0.0,,2,1,0,2.0
TXN1002147,reminder,2026-04-16 17:16:49,0,0.0,,1,1,0,1.0
TXN1002147,escalation,2026-04-16 16:44:49,0,0.0,,1,1,0,15.0
TXN1002149,retry,2026-06-18 15:56:17,1,9914.88,37.0,2,0,0,2.0
TXN1002149,reminder,2026-06-18 16:49:17,1,9914.88,35.0,1,0,0,1.0
TXN1002149,escalation,2026-06-18 16:44:17,1,9914.88,85.0,1,0,0,15.0
TXN1002171,retry,2026-02-16 07:14:40,1,1813.04,153.0,3,0,0,2.0
TXN1002171,reminder,2026-02-16 08:50:40,0,0.0,,2,1,0,1.0
TXN1002171,escalation,2026-02-16 06:39:40,1,1813.04,154.0,2,0,0,15.0
TXN1002174,retry,2026-02-08 18:15:48,1,20166.41,145.0,2,0,0,2.0
TXN1002174,reminder,2026-02-08 18:31:48,1,20166.41,321.0,1,0,0,1.0
TXN1002174,escalation,2026-02-08 18:43:48,0,0.0,,1,1,0,15.0
TXN1002178,retry,2026-06-19 02:38:28,1,7458.56,351.0,2,0,0,2.0
TXN1002178,reminder,2026-06-19 02:20:28,1,7458.56,349.0,1,0,0,1.0
TXN1002178,escalation,2026-06-19 00:53:28,1,7458.56,74.0,1,0,0,15.0
TXN1002184,retry,2026-05-25 13:33:02,1,5738.42,95.0,2,0,0,2.0
TXN1002184,reminder,2026-05-25 12:31:02,0,0.0,,1,1,0,1.0
TXN1002184,escalation,2026-05-25 14:21:02,0,0.0,,1,1,0,15.0
TXN1002186,retry,2026-03-07 00:00:05,1,7341.76,240.0,3,0,0,2.0
TXN1002186,reminder,2026-03-07 00:49:05,1,7341.76,319.0,2,0,0,1.0
TXN1002186,escalation,2026-03-07 00:50:05,1,7341.76,26.0,2,0,0,15.0
TXN1002187,retry,2026-04-21 07:05:31,0,0.0,,2,1,0,2.0
TXN1002187,reminder,2026-04-21 05:53:31,1,4003.05,181.0,1,0,0,1.0
TXN1002187,escalation,2026-04-21 05:40:31,1,4003.05,230.0,1,0,0,15.0
TXN1002191,retry,2026-03-28 03:16:18,1,10697.18,218.0,3,0,0,2.0
TXN1002191,reminder,2026-03-28 03:41:18,0,0.0,,2,1,0,1.0
TXN1002191,escalation,2026-03-28 01:55:18,1,10697.18,223.0,2,0,0,15.0
TXN1002198,retry,2026-04-24 08:41:48,1,1969.42,47.0,2,0,0,2.0
TXN1002198,reminder,2026-04-24 10:16:48,0,0.0,,1,1,0,1.0
TXN1002198,escalation,2026-04-24 09:05:48,0,0.0,,1,1,0,15.0
TXN1002199,retry,2026-04-22 03:28:04,1,1019.39,183.0,2,0,0,2.0
TXN1002199,reminder,2026-04-22 01:08:04,1,1019.39,113.0,1,0,0,1.0
TXN1002199,escalation,2026-04-22 03:17:04,0,0.0,,1,1,0,15.0
TXN1002200,retry,2026-03-31 20:20:46,1,5887.48,291.0,2,0,0,2.0
TXN1002200,reminder,2026-03-31 20:54:46,1,5887.48,38.0,1,0,0,1.0
TXN1002200,escalation,2026-03-31 21:55:46,0,0.0,,1,1,0,15.0
TXN1002205,retry,2026-02-25 09:12:47,1,1587.79,206.0,2,0,0,2.0
TXN1002205,reminder,2026-02-25 09:19:47,0,0.0,,1,1,0,1.0
TXN1002205,escalation,2026-02-25 11:11:47,0,0.0,,1,1,0,15.0
TXN1002206,retry,2026-02-15 15:28:54,1,28353.3,96.0,2,0,0,2.0
TXN1002206,reminder,2026-02-15 15:14:54,1,28353.3,239.0,1,0,0,1.0
TXN1002206,escalation,2026-02-15 16:50:54,1,28353.3,198.0,1,0,0,15.0
TXN1002208,retry,2026-03-31 20:02:02,0,0.0,,3,1,0,2.0
TXN1002208,reminder,2026-03-31 20:41:02,1,8479.13,358.0,2,0,0,1.0
TXN1002208,escalation,2026-03-31 21:15:02,0,0.0,,2,1,0,15.0
TXN1002210,retry,2026-04-19 05:21:55,0,0.0,,2,1,0,2.0
TXN1002210,reminder,2026-04-19 04:04:55,0,0.0,,1,1,0,1.0
TXN1002210,escalation,2026-04-19 04:13:55,1,2382.69,188.0,1,0,0,15.0
TXN1002212,retry,2026-05-26 21:36:16,0,0.0,,2,1,0,2.0
TXN1002212,reminder,2026-05-26 21:30:16,1,769.63,50.0,1,0,0,1.0
TXN1002212,escalation,2026-05-26 20:21:16,0,0.0,,1,1,0,15.0
TXN1002213,retry,2026-02-17 08:18:04,0,0.0,,2,1,0,2.0
TXN1002213,reminder,2026-02-17 08:47:04,0,0.0,,1,1,0,1.0
TXN1002213,escalation,2026-02-17 06:08:04,0,0.0,,1,1,0,15.0
TXN1002217,retry,2026-01-12 14:19:13,1,47790.24,44.0,3,0,0,2.0
TXN1002217,reminder,2026-01-12 14:42:13,1,47790.24,152.0,2,0,0,1.0
TXN1002217,escalation,2026-01-12 15:33:13,0,0.0,,2,1,0,15.0
TXN1002219,retry,2026-02-18 13:22:11,1,8369.81,105.0,2,0,0,2.0
TXN1002219,reminder,2026-02-18 14:36:11,1,8369.81,207.0,1,0,0,1.0
TXN1002219,escalation,2026-02-18 12:41:11,1,8369.81,285.0,1,0,0,15.0
TXN1002220,retry,2026-05-23 11:01:02,0,0.0,,2,1,0,2.0
TXN1002220,reminder,2026-05-23 09:49:02,1,419.14,194.0,1,0,0,1.0
TXN1002220,escalation,2026-05-23 08:13:02,1,419.14,239.0,1,0,1,15.0
TXN1002223,retry,2026-03-29 00:32:38,1,9599.3,142.0,2,0,0,2.0
TXN1002223,reminder,2026-03-29 00:42:38,0,0.0,,1,1,0,1.0
TXN1002223,escalation,2026-03-28 23:34:38,1,9599.3,156.0,1,0,0,15.0
TXN1002232,retry,2026-02-05 21:37:33,1,9458.77,200.0,3,0,0,2.0
TXN1002232,reminder,2026-02-05 21:57:33,0,0.0,,2,1,0,1.0
TXN1002232,escalation,2026-02-05 22:23:33,0,0.0,,2,1,0,15.0
TXN1002235,retry,2026-01-02 00:52:31,1,2643.19,308.0,2,0,0,2.0
TXN1002235,reminder,2026-01-02 01:32:31,1,2643.19,35.0,1,0,0,1.0
TXN1002235,escalation,2026-01-02 02:48:31,0,0.0,,1,1,0,15.0
TXN1002236,retry,2026-03-28 16:54:57,1,11556.48,187.0,2,0,0,2.0
TXN1002236,reminder,2026-03-28 16:08:57,1,11556.48,310.0,1,0,0,1.0
TXN1002236,escalation,2026-03-28 16:32:57,1,11556.48,154.0,1,0,0,15.0
TXN1002238,retry,2026-04-03 14:42:37,1,5165.47,135.0,4,0,1,2.0
TXN1002238,reminder,2026-04-03 16:52:37,0,0.0,,3,1,0,1.0
TXN1002238,escalation,2026-04-03 17:06:37,1,5165.47,184.0,3,0,0,15.0
TXN1002240,retry,2026-06-17 14:13:03,1,9731.9,242.0,2,0,0,2.0
TXN1002240,reminder,2026-06-17 13:54:03,1,9731.9,72.0,1,0,0,1.0
TXN1002240,escalation,2026-06-17 16:20:03,0,0.0,,1,1,0,15.0
TXN1002243,retry,2026-04-29 09:29:01,0,0.0,,2,1,0,2.0
TXN1002243,reminder,2026-04-29 08:30:01,1,19956.76,322.0,1,0,0,1.0
TXN1002243,escalation,2026-04-29 09:06:01,1,19956.76,334.0,1,0,0,15.0
TXN1002246,retry,2026-01-07 09:40:16,0,0.0,,2,1,0,2.0
TXN1002246,reminder,2026-01-07 09:14:16,0,0.0,,1,1,0,1.0
TXN1002246,escalation,2026-01-07 09:07:16,0,0.0,,1,1,0,15.0
TXN1002250,retry,2026-02-24 19:42:42,1,10274.07,237.0,3,0,0,2.0
TXN1002250,reminder,2026-02-24 18:18:42,1,10274.07,138.0,2,0,0,1.0
TXN1002250,escalation,2026-02-24 19:20:42,0,0.0,,2,1,0,15.0
TXN1002251,retry,2026-04-17 15:17:59,0,0.0,,3,1,0,2.0
TXN1002251,reminder,2026-04-17 14:36:59,1,3129.29,243.0,2,0,0,1.0
TXN1002251,escalation,2026-04-17 15:13:59,0,0.0,,2,1,0,15.0
TXN1002258,retry,2026-04-10 23:21:44,1,8392.92,227.0,3,0,0,2.0
TXN1002258,reminder,2026-04-10 23:04:44,0,0.0,,2,1,0,1.0
TXN1002258,escalation,2026-04-10 23:41:44,1,8392.92,302.0,2,0,0,15.0
TXN1002259,retry,2026-04-13 23:16:17,1,1412.02,300.0,2,0,0,2.0
TXN1002259,reminder,2026-04-13 21:12:17,1,1412.02,96.0,1,0,0,1.0
TXN1002259,escalation,2026-04-13 21:54:17,0,0.0,,1,1,0,15.0
TXN1002262,retry,2026-03-08 00:05:18,1,6156.79,338.0,2,0,0,2.0
TXN1002262,reminder,2026-03-07 22:52:18,0,0.0,,1,1,0,1.0
TXN1002262,escalation,2026-03-08 00:28:18,1,6156.79,305.0,1,0,0,15.0
TXN1002268,retry,2026-03-11 21:03:00,1,13165.55,139.0,2,0,0,2.0
TXN1002268,reminder,2026-03-11 19:43:00,1,13165.55,292.0,1,0,0,1.0
TXN1002268,escalation,2026-03-11 21:23:00,0,0.0,,1,1,0,15.0
TXN1002272,retry,2026-05-03 15:14:09,1,4360.35,247.0,2,0,0,2.0
TXN1002272,reminder,2026-05-03 13:53:09,1,4360.35,33.0,1,0,0,1.0
TXN1002272,escalation,2026-05-03 15:01:09,1,4360.35,345.0,1,0,0,15.0
TXN1002273,retry,2026-02-06 17:16:47,1,24715.2,95.0,3,0,0,2.0
TXN1002273,reminder,2026-02-06 17:30:47,1,24715.2,32.0,2,0,0,1.0
TXN1002273,escalation,2026-02-06 17:36:47,0,0.0,,2,1,0,15.0
TXN1002281,retry,2026-05-21 16:02:10,1,2530.77,185.0,4,0,1,2.0
TXN1002281,reminder,2026-05-21 15:03:10,0,0.0,,3,1,0,1.0
TXN1002281,escalation,2026-05-21 15:47:10,1,2530.77,348.0,3,0,0,15.0
TXN1002282,retry,2026-06-27 00:40:43,0,0.0,,3,1,0,2.0
TXN1002282,reminder,2026-06-26 22:27:43,0,0.0,,2,1,0,1.0
TXN1002282,escalation,2026-06-26 23:28:43,1,1719.18,293.0,2,0,0,15.0
TXN1002284,retry,2026-05-26 19:01:35,1,1386.67,231.0,3,0,0,2.0
TXN1002284,reminder,2026-05-26 16:46:35,1,1386.67,199.0,2,0,0,1.0
TXN1002284,escalation,2026-05-26 17:36:35,1,1386.67,140.0,2,0,0,15.0
TXN1002285,retry,2026-03-21 09:23:14,1,8873.27,331.0,3,0,0,2.0
TXN1002285,reminder,2026-03-21 08:50:14,0,0.0,,2,1,0,1.0
TXN1002285,escalation,2026-03-21 09:33:14,1,8873.27,156.0,2,0,0,15.0
TXN1002288,retry,2026-01-28 19:06:47,0,0.0,,2,1,0,2.0
TXN1002288,reminder,2026-01-28 19:45:47,1,2259.96,345.0,1,0,0,1.0
TXN1002288,escalation,2026-01-28 19:18:47,1,2259.96,13.0,1,0,0,15.0
TXN1002290,retry,2026-01-01 10:00:02,1,10705.0,206.0,2,0,0,2.0
TXN1002290,reminder,2026-01-01 11:40:02,0,0.0,,1,1,0,1.0
TXN1002290,escalation,2026-01-01 09:26:02,1,10705.0,48.0,1,0,0,15.0
TXN1002292,retry,2026-02-25 07:05:32,1,1733.87,255.0,2,0,0,2.0
TXN1002292,reminder,2026-02-25 09:18:32,1,1733.87,105.0,1,0,0,1.0
TXN1002292,escalation,2026-02-25 07:32:32,0,0.0,,1,1,0,15.0
TXN1002294,retry,2026-01-24 13:37:28,0,0.0,,3,1,0,2.0
TXN1002294,reminder,2026-01-24 10:59:28,0,0.0,,2,1,0,1.0
TXN1002294,escalation,2026-01-24 11:37:28,1,2542.22,194.0,2,0,0,15.0
TXN1002301,retry,2026-06-19 03:37:19,1,1679.31,146.0,2,0,0,2.0
TXN1002301,reminder,2026-06-19 03:28:19,1,1679.31,79.0,1,0,0,1.0
TXN1002301,escalation,2026-06-19 03:31:19,0,0.0,,1,1,0,15.0
TXN1002305,retry,2026-01-09 19:27:18,1,2948.47,356.0,2,0,0,2.0
TXN1002305,reminder,2026-01-09 18:29:18,1,2948.47,147.0,1,0,0,1.0
TXN1002305,escalation,2026-01-09 19:16:18,1,2948.47,148.0,1,0,0,15.0
TXN1002306,retry,2026-02-26 22:43:45,1,7320.64,106.0,2,0,0,2.0
TXN1002306,reminder,2026-02-26 21:57:45,0,0.0,,1,1,0,1.0
TXN1002306,escalation,2026-02-26 20:22:45,1,7320.64,162.0,1,0,0,15.0
TXN1002308,retry,2026-04-11 03:33:00,1,7721.51,47.0,3,0,0,2.0
TXN1002308,reminder,2026-04-11 01:44:00,0,0.0,,2,1,0,1.0
TXN1002308,escalation,2026-04-11 01:58:00,1,7721.51,307.0,2,0,0,15.0
TXN1002309,retry,2026-06-15 15:06:38,1,6556.3,3.0,2,0,0,2.0
TXN1002309,reminder,2026-06-15 16:47:38,1,6556.3,193.0,1,0,0,1.0
TXN1002309,escalation,2026-06-15 17:02:38,0,0.0,,1,1,0,15.0
TXN1002313,retry,2026-05-03 07:53:15,1,12038.28,113.0,3,0,0,2.0
TXN1002313,reminder,2026-05-03 06:39:15,1,12038.28,36.0,2,0,0,1.0
TXN1002313,escalation,2026-05-03 07:02:15,0,0.0,,2,1,0,15.0
TXN1002314,retry,2026-02-13 14:45:17,1,5918.42,10.0,2,0,0,2.0
TXN1002314,reminder,2026-02-13 15:06:17,0,0.0,,1,1,0,1.0
TXN1002314,escalation,2026-02-13 14:04:17,1,5918.42,299.0,1,0,0,15.0
TXN1002319,retry,2026-04-05 21:19:06,0,0.0,,2,1,0,2.0
TXN1002319,reminder,2026-04-05 22:34:06,1,2122.22,91.0,1,0,0,1.0
TXN1002319,escalation,2026-04-05 22:23:06,1,2122.22,93.0,1,0,0,15.0
TXN1002320,retry,2026-03-27 07:55:24,0,0.0,,4,1,1,2.0
TXN1002320,reminder,2026-03-27 09:34:24,1,2255.43,262.0,3,0,0,1.0
TXN1002320,escalation,2026-03-27 07:55:24,1,2255.43,61.0,3,0,0,15.0
TXN1002321,retry,2026-01-24 08:27:57,1,7023.27,349.0,3,0,0,2.0
TXN1002321,reminder,2026-01-24 08:59:57,1,7023.27,120.0,2,0,0,1.0
TXN1002321,escalation,2026-01-24 08:02:57,0,0.0,,2,1,0,15.0
TXN1002323,retry,2026-01-02 09:32:21,1,3624.8,342.0,2,0,0,2.0
TXN1002323,reminder,2026-01-02 10:23:21,1,3624.8,219.0,1,0,0,1.0
TXN1002323,escalation,2026-01-02 10:50:21,0,0.0,,1,1,0,15.0
TXN1002324,retry,2026-06-29 20:50:03,1,5466.44,110.0,2,0,0,2.0
TXN1002324,reminder,2026-06-29 20:09:03,0,0.0,,1,1,0,1.0
TXN1002324,escalation,2026-06-29 18:45:03,0,0.0,,1,1,0,15.0
TXN1002325,retry,2026-05-18 15:28:27,0,0.0,,3,1,0,2.0
TXN1002325,reminder,2026-05-18 14:35:27,0,0.0,,2,1,0,1.0
TXN1002325,escalation,2026-05-18 13:35:27,1,1928.77,338.0,2,0,0,15.0
TXN1002326,retry,2026-05-26 05:36:52,0,0.0,,2,1,0,2.0
TXN1002326,reminder,2026-05-26 02:49:52,0,0.0,,1,1,0,1.0
TXN1002326,escalation,2026-05-26 03:57:52,0,0.0,,1,1,0,15.0
TXN1002330,retry,2026-01-18 00:45:10,1,5665.44,150.0,2,0,0,2.0
TXN1002330,reminder,2026-01-18 02:12:10,1,5665.44,137.0,1,0,0,1.0
TXN1002330,escalation,2026-01-18 00:51:10,1,5665.44,91.0,1,0,0,15.0
TXN1002332,retry,2026-01-11 22:12:14,1,2239.02,158.0,3,0,0,2.0
TXN1002332,reminder,2026-01-11 20:49:14,0,0.0,,2,1,0,1.0
TXN1002332,escalation,2026-01-11 21:59:14,0,0.0,,2,1,0,15.0
TXN1002334,retry,2026-01-30 08:58:00,1,1779.68,54.0,2,0,0,2.0
TXN1002334,reminder,2026-01-30 09:06:00,1,1779.68,77.0,1,0,0,1.0
TXN1002334,escalation,2026-01-30 10:30:00,1,1779.68,204.0,1,0,0,15.0
TXN1002335,retry,2026-04-25 19:48:56,1,6211.67,99.0,2,0,0,2.0
TXN1002335,reminder,2026-04-25 20:09:56,0,0.0,,1,1,0,1.0
TXN1002335,escalation,2026-04-25 18:21:56,1,6211.67,48.0,1,0,0,15.0
TXN1002338,retry,2026-02-17 11:48:18,1,4249.38,74.0,4,0,1,2.0
TXN1002338,reminder,2026-02-17 13:35:18,0,0.0,,3,1,0,1.0
TXN1002338,escalation,2026-02-17 13:55:18,1,4249.38,192.0,3,0,0,15.0
TXN1002339,retry,2026-01-23 10:56:02,0,0.0,,4,1,1,2.0
TXN1002339,reminder,2026-01-23 13:10:02,1,4657.24,281.0,3,0,0,1.0
TXN1002339,escalation,2026-01-23 12:21:02,1,4657.24,80.0,3,0,0,15.0
TXN1002342,retry,2026-05-20 20:29:42,0,0.0,,2,1,0,2.0
TXN1002342,reminder,2026-05-20 20:24:42,0,0.0,,1,1,0,1.0
TXN1002342,escalation,2026-05-20 22:36:42,1,2067.84,93.0,1,0,0,15.0
TXN1002345,retry,2026-04-24 14:05:13,1,6546.02,220.0,2,0,0,2.0
TXN1002345,reminder,2026-04-24 13:45:13,0,0.0,,1,1,0,1.0
TXN1002345,escalation,2026-04-24 12:49:13,0,0.0,,1,1,0,15.0
TXN1002346,retry,2026-01-19 01:42:01,0,0.0,,2,1,0,2.0
TXN1002346,reminder,2026-01-18 22:53:01,0,0.0,,1,1,0,1.0
TXN1002346,escalation,2026-01-19 00:58:01,0,0.0,,1,1,0,15.0
TXN1002348,retry,2026-04-27 11:36:51,1,4674.77,172.0,3,0,0,2.0
TXN1002348,reminder,2026-04-27 11:22:51,1,4674.77,222.0,2,0,0,1.0
TXN1002348,escalation,2026-04-27 12:30:51,1,4674.77,122.0,2,0,0,15.0
TXN1002349,retry,2026-06-20 01:10:05,1,4102.98,319.0,2,0,0,2.0
TXN1002349,reminder,2026-06-20 01:01:05,1,4102.98,327.0,1,0,0,1.0
TXN1002349,escalation,2026-06-20 00:53:05,1,4102.98,47.0,1,0,0,15.0
TXN1002352,retry,2026-01-01 22:54:41,1,10533.35,195.0,2,0,0,2.0
TXN1002352,reminder,2026-01-01 23:26:41,1,10533.35,127.0,1,0,0,1.0
TXN1002352,escalation,2026-01-02 00:56:41,1,10533.35,219.0,1,0,0,15.0
TXN1002353,retry,2026-03-14 13:48:11,1,7674.13,259.0,2,0,0,2.0
TXN1002353,reminder,2026-03-14 13:40:11,0,0.0,,1,1,0,1.0
TXN1002353,escalation,2026-03-14 12:26:11,1,7674.13,346.0,1,0,0,15.0
TXN1002357,retry,2026-01-16 07:22:12,1,2946.9,329.0,3,0,0,2.0
TXN1002357,reminder,2026-01-16 07:21:12,1,2946.9,106.0,2,0,0,1.0
TXN1002357,escalation,2026-01-16 07:10:12,0,0.0,,2,1,0,15.0
TXN1002359,retry,2026-05-01 14:35:10,1,4037.97,285.0,2,0,0,2.0
TXN1002359,reminder,2026-05-01 14:34:10,1,4037.97,40.0,1,0,0,1.0
TXN1002359,escalation,2026-05-01 15:10:10,1,4037.97,274.0,1,0,0,15.0
TXN1002363,retry,2026-01-15 20:24:26,1,5972.1,23.0,2,0,0,2.0
TXN1002363,reminder,2026-01-15 21:02:26,0,0.0,,1,1,0,1.0
TXN1002363,escalation,2026-01-15 19:24:26,1,5972.1,94.0,1,0,0,15.0
TXN1002368,retry,2026-05-09 06:34:39,1,28310.77,351.0,2,0,0,2.0
TXN1002368,reminder,2026-05-09 05:57:39,0,0.0,,1,1,0,1.0
TXN1002368,escalation,2026-05-09 07:09:39,1,28310.77,52.0,1,0,0,15.0
TXN1002371,retry,2026-01-31 13:31:40,1,38570.48,127.0,2,0,0,2.0
TXN1002371,reminder,2026-01-31 13:37:40,1,38570.48,8.0,1,0,0,1.0
TXN1002371,escalation,2026-01-31 14:54:40,1,38570.48,31.0,1,0,0,15.0
TXN1002375,retry,2026-05-08 06:28:01,1,2691.91,10.0,2,0,0,2.0
TXN1002375,reminder,2026-05-08 08:05:01,1,2691.91,277.0,1,0,0,1.0
TXN1002375,escalation,2026-05-08 06:39:01,1,2691.91,179.0,1,0,0,15.0
TXN1002376,retry,2026-06-04 20:28:30,0,0.0,,2,1,0,2.0
TXN1002376,reminder,2026-06-04 21:31:30,0,0.0,,1,1,0,1.0
TXN1002376,escalation,2026-06-04 20:50:30,0,0.0,,1,1,0,15.0
TXN1002386,retry,2026-03-01 04:29:54,0,0.0,,3,1,0,2.0
TXN1002386,reminder,2026-03-01 05:05:54,1,2841.94,137.0,2,0,0,1.0
TXN1002386,escalation,2026-03-01 04:26:54,0,0.0,,2,1,0,15.0
TXN1002388,retry,2026-03-31 08:11:11,1,2887.26,200.0,2,0,0,2.0
TXN1002388,reminder,2026-03-31 08:46:11,1,2887.26,92.0,1,0,0,1.0
TXN1002388,escalation,2026-03-31 08:24:11,1,2887.26,315.0,1,0,0,15.0
TXN1002392,retry,2026-04-20 20:59:49,1,2682.59,261.0,4,0,1,2.0
TXN1002392,reminder,2026-04-20 21:33:49,1,2682.59,32.0,3,0,0,1.0
TXN1002392,escalation,2026-04-20 18:59:49,0,0.0,,3,1,0,15.0
TXN1002393,retry,2026-04-11 04:36:27,1,5110.14,237.0,2,0,0,2.0
TXN1002393,reminder,2026-04-11 05:55:27,0,0.0,,1,1,0,1.0
TXN1002393,escalation,2026-04-11 04:24:27,0,0.0,,1,1,0,15.0
TXN1002399,retry,2026-02-16 18:50:56,1,1496.42,322.0,2,0,0,2.0
TXN1002399,reminder,2026-02-16 19:21:56,1,1496.42,66.0,1,0,0,1.0
TXN1002399,escalation,2026-02-16 19:12:56,0,0.0,,1,1,0,15.0
TXN1002400,retry,2026-05-06 06:39:54,0,0.0,,3,1,0,2.0
TXN1002400,reminder,2026-05-06 05:29:54,1,6459.77,133.0,2,0,0,1.0
TXN1002400,escalation,2026-05-06 06:53:54,0,0.0,,2,1,0,15.0
TXN1002401,retry,2026-02-03 05:44:05,1,4852.47,93.0,2,0,0,2.0
TXN1002401,reminder,2026-02-03 04:38:05,0,0.0,,1,1,0,1.0
TXN1002401,escalation,2026-02-03 04:26:05,0,0.0,,1,1,0,15.0
TXN1002405,retry,2026-05-07 19:10:17,1,3735.94,258.0,3,0,0,2.0
TXN1002405,reminder,2026-05-07 18:10:17,0,0.0,,2,1,0,1.0
TXN1002405,escalation,2026-05-07 18:10:17,1,3735.94,19.0,2,0,0,15.0
TXN1002412,retry,2026-01-05 19:07:57,1,3355.6,82.0,2,0,0,2.0
TXN1002412,reminder,2026-01-05 18:06:57,1,3355.6,205.0,1,0,0,1.0
TXN1002412,escalation,2026-01-05 18:30:57,0,0.0,,1,1,0,15.0
TXN1002413,retry,2026-03-30 16:08:02,0,0.0,,2,1,0,2.0
TXN1002413,reminder,2026-03-30 17:23:02,1,2126.12,284.0,1,0,0,1.0
TXN1002413,escalation,2026-03-30 16:24:02,1,2126.12,274.0,1,0,0,15.0
TXN1002414,retry,2026-02-09 05:42:28,1,1144.46,346.0,2,0,0,2.0
TXN1002414,reminder,2026-02-09 06:58:28,1,1144.46,85.0,1,0,0,1.0
TXN1002414,escalation,2026-02-09 06:19:28,1,1144.46,7.0,1,0,0,15.0
TXN1002415,retry,2026-01-26 06:20:43,1,1355.34,61.0,2,0,0,2.0
TXN1002415,reminder,2026-01-26 06:25:43,0,0.0,,1,1,0,1.0
TXN1002415,escalation,2026-01-26 05:58:43,1,1355.34,93.0,1,0,0,15.0
TXN1002420,retry,2026-06-05 20:05:57,0,0.0,,4,1,1,2.0
TXN1002420,reminder,2026-06-05 20:57:57,0,0.0,,3,1,0,1.0
TXN1002420,escalation,2026-06-05 20:07:57,0,0.0,,3,1,0,15.0
TXN1002421,retry,2026-03-09 06:56:46,1,9272.09,61.0,2,0,0,2.0
TXN1002421,reminder,2026-03-09 05:03:46,1,9272.09,47.0,1,0,0,1.0
TXN1002421,escalation,2026-03-09 06:39:46,0,0.0,,1,1,0,15.0
TXN1002427,retry,2026-05-15 07:10:09,1,3944.58,6.0,2,0,0,2.0
TXN1002427,reminder,2026-05-15 06:44:09,1,3944.58,214.0,1,0,0,1.0
TXN1002427,escalation,2026-05-15 08:21:09,1,3944.58,353.0,1,0,0,15.0
TXN1002429,retry,2026-01-26 14:20:27,0,0.0,,2,1,0,2.0
TXN1002429,reminder,2026-01-26 13:40:27,0,0.0,,1,1,0,1.0
TXN1002429,escalation,2026-01-26 13:19:27,0,0.0,,1,1,0,15.0
TXN1002440,retry,2026-02-21 22:50:12,1,43889.82,330.0,3,0,0,2.0
TXN1002440,reminder,2026-02-21 23:10:12,0,0.0,,2,1,0,1.0
TXN1002440,escalation,2026-02-21 23:41:12,0,0.0,,2,1,0,15.0
TXN1002441,retry,2026-06-03 06:39:51,1,7219.85,214.0,2,0,0,2.0
TXN1002441,reminder,2026-06-03 07:10:51,1,7219.85,132.0,1,0,0,1.0
TXN1002441,escalation,2026-06-03 05:35:51,0,0.0,,1,1,0,15.0
TXN1002443,retry,2026-04-16 17:00:42,1,10203.01,237.0,2,0,0,2.0
TXN1002443,reminder,2026-04-16 16:11:42,0,0.0,,1,1,0,1.0
TXN1002443,escalation,2026-04-16 16:18:42,0,0.0,,1,1,0,15.0
TXN1002445,retry,2026-01-29 23:37:11,0,0.0,,5,1,1,2.0
TXN1002445,reminder,2026-01-29 22:10:11,0,0.0,,4,1,0,1.0
TXN1002445,escalation,2026-01-29 22:35:11,0,0.0,,4,1,0,15.0
TXN1002447,retry,2026-01-26 11:29:32,0,0.0,,3,1,0,2.0
TXN1002447,reminder,2026-01-26 11:10:32,0,0.0,,2,1,0,1.0
TXN1002447,escalation,2026-01-26 12:15:32,0,0.0,,2,1,0,15.0
TXN1002449,retry,2026-06-24 02:44:09,1,7066.18,144.0,2,0,0,2.0
TXN1002449,reminder,2026-06-24 03:46:09,1,7066.18,73.0,1,0,0,1.0
TXN1002449,escalation,2026-06-24 01:47:09,0,0.0,,1,1,0,15.0
TXN1002450,retry,2026-03-08 13:51:07,0,0.0,,4,1,1,2.0
TXN1002450,reminder,2026-03-08 12:17:07,1,1859.04,228.0,3,0,0,1.0
TXN1002450,escalation,2026-03-08 11:59:07,1,1859.04,267.0,3,0,0,15.0
TXN1002453,retry,2026-06-18 07:31:31,1,1343.34,43.0,2,0,0,2.0
TXN1002453,reminder,2026-06-18 07:13:31,0,0.0,,1,1,0,1.0
TXN1002453,escalation,2026-06-18 06:39:31,0,0.0,,1,1,0,15.0
TXN1002455,retry,2026-03-25 18:33:15,0,0.0,,2,1,0,2.0
TXN1002455,reminder,2026-03-25 19:45:15,0,0.0,,1,1,0,1.0
TXN1002455,escalation,2026-03-25 20:36:15,1,6243.46,353.0,1,0,0,15.0
TXN1002458,retry,2026-03-02 14:38:18,1,19540.51,159.0,5,0,1,2.0
TXN1002458,reminder,2026-03-02 15:52:18,0,0.0,,4,1,0,1.0
TXN1002458,escalation,2026-03-02 13:16:18,0,0.0,,4,1,0,15.0
TXN1002462,retry,2026-03-31 10:09:32,0,0.0,,3,1,0,2.0
TXN1002462,reminder,2026-03-31 11:49:32,0,0.0,,2,1,0,1.0
TXN1002462,escalation,2026-03-31 12:48:32,0,0.0,,2,1,0,15.0
TXN1002470,retry,2026-05-30 19:12:37,1,445.38,301.0,2,0,0,2.0
TXN1002470,reminder,2026-05-30 19:54:37,1,445.38,267.0,1,0,0,1.0
TXN1002470,escalation,2026-05-30 20:15:37,0,0.0,,1,1,1,15.0
TXN1002471,retry,2026-03-04 07:12:59,0,0.0,,4,1,1,2.0
TXN1002471,reminder,2026-03-04 06:46:59,1,19815.89,132.0,3,0,0,1.0
TXN1002471,escalation,2026-03-04 05:47:59,1,19815.89,214.0,3,0,0,15.0
TXN1002472,retry,2026-03-29 23:26:03,1,4854.88,261.0,2,0,0,2.0
TXN1002472,reminder,2026-03-30 00:37:03,1,4854.88,42.0,1,0,0,1.0
TXN1002472,escalation,2026-03-29 23:46:03,1,4854.88,173.0,1,0,0,15.0
TXN1002473,retry,2026-05-07 08:17:10,1,8225.45,42.0,2,0,0,2.0
TXN1002473,reminder,2026-05-07 07:25:10,1,8225.45,283.0,1,0,0,1.0
TXN1002473,escalation,2026-05-07 08:10:10,1,8225.45,338.0,1,0,0,15.0
TXN1002475,retry,2026-06-27 14:17:03,0,0.0,,3,1,0,2.0
TXN1002475,reminder,2026-06-27 13:17:03,1,8919.9,247.0,2,0,0,1.0
TXN1002475,escalation,2026-06-27 14:27:03,1,8919.9,178.0,2,0,0,15.0
TXN1002477,retry,2026-06-21 00:25:46,0,0.0,,3,1,0,2.0
TXN1002477,reminder,2026-06-20 23:00:46,1,3905.52,130.0,2,0,0,1.0
TXN1002477,escalation,2026-06-21 00:56:46,1,3905.52,226.0,2,0,0,15.0
TXN1002478,retry,2026-04-22 15:40:16,0,0.0,,4,1,1,2.0
TXN1002478,reminder,2026-04-22 13:30:16,0,0.0,,3,1,0,1.0
TXN1002478,escalation,2026-04-22 14:40:16,0,0.0,,3,1,0,15.0
TXN1002480,retry,2026-06-20 07:12:44,1,1194.12,16.0,4,0,1,2.0
TXN1002480,reminder,2026-06-20 08:28:44,0,0.0,,3,1,0,1.0
TXN1002480,escalation,2026-06-20 08:54:44,0,0.0,,3,1,0,15.0
TXN1002482,retry,2026-05-04 10:42:54,1,1770.87,144.0,2,0,0,2.0
TXN1002482,reminder,2026-05-04 10:52:54,0,0.0,,1,1,0,1.0
TXN1002482,escalation,2026-05-04 10:54:54,1,1770.87,38.0,1,0,0,15.0
TXN1002485,retry,2026-05-16 02:07:30,1,3146.44,40.0,2,0,0,2.0
TXN1002485,reminder,2026-05-16 00:13:30,1,3146.44,56.0,1,0,0,1.0
TXN1002485,escalation,2026-05-16 02:29:30,1,3146.44,289.0,1,0,0,15.0
TXN1002494,retry,2026-04-28 09:26:28,1,3335.26,174.0,2,0,0,2.0
TXN1002494,reminder,2026-04-28 09:21:28,1,3335.26,147.0,1,0,0,1.0
TXN1002494,escalation,2026-04-28 09:31:28,1,3335.26,221.0,1,0,0,15.0
TXN1002495,retry,2026-01-13 03:10:47,0,0.0,,2,1,0,2.0
TXN1002495,reminder,2026-01-13 04:35:47,0,0.0,,1,1,0,1.0
TXN1002495,escalation,2026-01-13 02:53:47,1,1776.71,87.0,1,0,0,15.0
TXN1002498,retry,2026-01-07 05:15:44,1,634.36,254.0,2,0,0,2.0
TXN1002498,reminder,2026-01-07 05:08:44,1,634.36,180.0,1,0,0,1.0
TXN1002498,escalation,2026-01-07 03:13:44,0,0.0,,1,1,0,15.0
TXN1002500,retry,2026-04-28 21:52:34,1,10913.94,353.0,2,0,0,2.0
TXN1002500,reminder,2026-04-28 22:13:34,1,10913.94,56.0,1,0,0,1.0
TXN1002500,escalation,2026-04-28 21:52:34,0,0.0,,1,1,0,15.0
TXN1002501,retry,2026-06-11 02:48:39,1,2148.91,282.0,2,0,0,2.0
TXN1002501,reminder,2026-06-11 04:40:39,1,2148.91,69.0,1,0,0,1.0
TXN1002501,escalation,2026-06-11 03:47:39,1,2148.91,137.0,1,0,0,15.0
TXN1002502,retry,2026-04-24 14:43:34,0,0.0,,2,1,0,2.0
TXN1002502,reminder,2026-04-24 14:43:34,1,2968.5,55.0,1,0,0,1.0
TXN1002502,escalation,2026-04-24 13:01:34,1,2968.5,344.0,1,0,0,15.0
TXN1002505,retry,2026-01-20 19:24:20,0,0.0,,4,1,1,2.0
TXN1002505,reminder,2026-01-20 17:40:20,0,0.0,,3,1,0,1.0
TXN1002505,escalation,2026-01-20 18:30:20,1,2114.62,193.0,3,0,0,15.0
TXN1002509,retry,2026-02-15 10:01:47,0,0.0,,3,1,0,2.0
TXN1002509,reminder,2026-02-15 07:56:47,0,0.0,,2,1,0,1.0
TXN1002509,escalation,2026-02-15 09:43:47,0,0.0,,2,1,0,15.0
TXN1002512,retry,2026-06-12 07:46:19,0,0.0,,2,1,0,2.0
TXN1002512,reminder,2026-06-12 06:56:19,0,0.0,,1,1,0,1.0
TXN1002512,escalation,2026-06-12 07:34:19,1,1674.44,350.0,1,0,0,15.0
TXN1002514,retry,2026-05-14 13:07:17,0,0.0,,2,1,0,2.0
TXN1002514,reminder,2026-05-14 13:06:17,1,3328.96,264.0,1,0,0,1.0
TXN1002514,escalation,2026-05-14 10:58:17,0,0.0,,1,1,0,15.0
TXN1002515,retry,2026-06-27 15:02:38,1,1530.34,158.0,3,0,0,2.0
TXN1002515,reminder,2026-06-27 14:41:38,0,0.0,,2,1,0,1.0
TXN1002515,escalation,2026-06-27 14:38:38,0,0.0,,2,1,0,15.0
TXN1002516,retry,2026-03-30 22:52:21,0,0.0,,2,1,0,2.0
TXN1002516,reminder,2026-03-30 23:37:21,0,0.0,,1,1,0,1.0
TXN1002516,escalation,2026-03-31 00:24:21,1,1108.59,159.0,1,0,0,15.0
TXN1002517,retry,2026-03-08 08:46:25,0,0.0,,2,1,0,2.0
TXN1002517,reminder,2026-03-08 09:07:25,0,0.0,,1,1,0,1.0
TXN1002517,escalation,2026-03-08 10:05:25,1,3796.08,107.0,1,0,0,15.0
TXN1002519,retry,2026-02-10 05:28:41,1,3419.37,72.0,2,0,0,2.0
TXN1002519,reminder,2026-02-10 05:30:41,0,0.0,,1,1,0,1.0
TXN1002519,escalation,2026-02-10 05:17:41,0,0.0,,1,1,0,15.0
TXN1002521,retry,2026-02-07 05:34:35,1,907.76,197.0,4,0,1,2.0
TXN1002521,reminder,2026-02-07 04:13:35,1,907.76,145.0,3,0,0,1.0
TXN1002521,escalation,2026-02-07 04:59:35,1,907.76,140.0,3,0,0,15.0
TXN1002523,retry,2026-04-17 16:13:52,0,0.0,,4,1,1,2.0
TXN1002523,reminder,2026-04-17 16:00:52,0,0.0,,3,1,0,1.0
TXN1002523,escalation,2026-04-17 16:54:52,1,2108.9,70.0,3,0,0,15.0
TXN1002529,retry,2026-05-27 17:16:19,1,1668.42,182.0,4,0,1,2.0
TXN1002529,reminder,2026-05-27 16:51:19,0,0.0,,3,1,0,1.0
TXN1002529,escalation,2026-05-27 17:00:19,0,0.0,,3,1,0,15.0
TXN1002531,retry,2026-01-03 19:13:42,0,0.0,,4,1,1,2.0
TXN1002531,reminder,2026-01-03 18:50:42,0,0.0,,3,1,0,1.0
TXN1002531,escalation,2026-01-03 21:17:42,0,0.0,,3,1,0,15.0
TXN1002532,retry,2026-05-12 21:40:52,0,0.0,,2,1,0,2.0
TXN1002532,reminder,2026-05-12 20:36:52,1,5515.87,114.0,1,0,0,1.0
TXN1002532,escalation,2026-05-12 21:22:52,1,5515.87,223.0,1,0,0,15.0
TXN1002534,retry,2026-03-19 20:23:45,1,22520.52,151.0,2,0,0,2.0
TXN1002534,reminder,2026-03-19 21:55:45,0,0.0,,1,1,0,1.0
TXN1002534,escalation,2026-03-19 20:26:45,0,0.0,,1,1,0,15.0
TXN1002538,retry,2026-04-04 11:37:34,1,3193.16,75.0,4,0,1,2.0
TXN1002538,reminder,2026-04-04 12:21:34,0,0.0,,3,1,0,1.0
TXN1002538,escalation,2026-04-04 12:23:34,0,0.0,,3,1,0,15.0
TXN1002542,retry,2026-02-02 05:28:00,1,16166.39,120.0,3,0,0,2.0
TXN1002542,reminder,2026-02-02 05:39:00,1,16166.39,272.0,2,0,0,1.0
TXN1002542,escalation,2026-02-02 06:32:00,1,16166.39,122.0,2,0,0,15.0
TXN1002543,retry,2026-03-30 21:06:36,1,3021.54,246.0,2,0,0,2.0
TXN1002543,reminder,2026-03-30 21:16:36,1,3021.54,185.0,1,0,0,1.0
TXN1002543,escalation,2026-03-30 23:47:36,1,3021.54,191.0,1,0,0,15.0
TXN1002546,retry,2026-01-21 01:34:29,1,584.93,93.0,2,0,0,2.0
TXN1002546,reminder,2026-01-20 23:41:29,0,0.0,,1,1,0,1.0
TXN1002546,escalation,2026-01-21 00:14:29,1,584.93,141.0,1,0,0,15.0
TXN1002547,retry,2026-02-20 23:22:03,1,15358.54,340.0,2,0,0,2.0
TXN1002547,reminder,2026-02-20 21:58:03,0,0.0,,1,1,0,1.0
TXN1002547,escalation,2026-02-20 21:23:03,0,0.0,,1,1,0,15.0
TXN1002549,retry,2026-04-02 21:38:12,1,7804.61,115.0,2,0,0,2.0
TXN1002549,reminder,2026-04-02 19:42:12,0,0.0,,1,1,0,1.0
TXN1002549,escalation,2026-04-02 19:18:12,0,0.0,,1,1,0,15.0
TXN1002553,retry,2026-03-08 21:35:15,1,20046.53,100.0,2,0,0,2.0
TXN1002553,reminder,2026-03-08 19:47:15,0,0.0,,1,1,0,1.0
TXN1002553,escalation,2026-03-08 20:32:15,1,20046.53,309.0,1,0,0,15.0
TXN1002554,retry,2026-01-09 10:09:12,0,0.0,,5,1,1,2.0
TXN1002554,reminder,2026-01-09 12:17:12,1,7090.64,36.0,4,0,0,1.0
TXN1002554,escalation,2026-01-09 10:06:12,0,0.0,,4,1,0,15.0
TXN1002556,retry,2026-05-31 16:54:44,0,0.0,,3,1,0,2.0
TXN1002556,reminder,2026-05-31 17:49:44,1,502.12,33.0,2,0,0,1.0
TXN1002556,escalation,2026-05-31 17:21:44,1,502.12,328.0,2,0,0,15.0
TXN1002559,retry,2026-01-25 18:02:52,0,0.0,,2,1,0,2.0
TXN1002559,reminder,2026-01-25 17:06:52,1,4053.23,220.0,1,0,0,1.0
TXN1002559,escalation,2026-01-25 17:44:52,1,4053.23,358.0,1,0,0,15.0
TXN1002561,retry,2026-01-06 11:34:04,0,0.0,,2,1,0,2.0
TXN1002561,reminder,2026-01-06 12:21:04,1,12616.71,145.0,1,0,0,1.0
TXN1002561,escalation,2026-01-06 11:11:04,0,0.0,,1,1,0,15.0
TXN1002562,retry,2026-06-27 06:31:16,1,3150.19,175.0,2,0,0,2.0
TXN1002562,reminder,2026-06-27 08:10:16,1,3150.19,277.0,1,0,0,1.0
TXN1002562,escalation,2026-06-27 08:14:16,0,0.0,,1,1,0,15.0
TXN1002563,retry,2026-05-12 19:07:00,1,20369.26,195.0,3,0,0,2.0
TXN1002563,reminder,2026-05-12 21:08:00,0,0.0,,2,1,0,1.0
TXN1002563,escalation,2026-05-12 20:39:00,1,20369.26,215.0,2,0,0,15.0
TXN1002565,retry,2026-04-22 14:15:46,1,1976.68,211.0,2,0,0,2.0
TXN1002565,reminder,2026-04-22 12:42:46,0,0.0,,1,1,0,1.0
TXN1002565,escalation,2026-04-22 13:06:46,0,0.0,,1,1,0,15.0
TXN1002569,retry,2026-03-14 18:29:32,1,1093.37,51.0,2,0,0,2.0
TXN1002569,reminder,2026-03-14 19:10:32,1,1093.37,127.0,1,0,0,1.0
TXN1002569,escalation,2026-03-14 18:07:32,1,1093.37,269.0,1,0,0,15.0
TXN1002570,retry,2026-02-05 21:05:45,0,0.0,,3,1,0,2.0
TXN1002570,reminder,2026-02-05 20:34:45,0,0.0,,2,1,0,1.0
TXN1002570,escalation,2026-02-05 20:15:45,0,0.0,,2,1,0,15.0
TXN1002574,retry,2026-06-09 20:00:32,1,1365.89,116.0,2,0,0,2.0
TXN1002574,reminder,2026-06-09 21:10:32,1,1365.89,98.0,1,0,0,1.0
TXN1002574,escalation,2026-06-09 20:30:32,0,0.0,,1,1,0,15.0
TXN1002575,retry,2026-01-25 21:32:33,1,1538.39,174.0,2,0,0,2.0
TXN1002575,reminder,2026-01-25 19:20:33,1,1538.39,279.0,1,0,0,1.0
TXN1002575,escalation,2026-01-25 19:34:33,0,0.0,,1,1,0,15.0
TXN1002577,retry,2026-05-17 00:47:38,1,22371.49,206.0,2,0,0,2.0
TXN1002577,reminder,2026-05-17 02:12:38,1,22371.49,311.0,1,0,0,1.0
TXN1002577,escalation,2026-05-17 01:09:38,1,22371.49,145.0,1,0,0,15.0
TXN1002578,retry,2026-05-01 02:15:02,0,0.0,,3,1,0,2.0
TXN1002578,reminder,2026-05-01 04:23:02,0,0.0,,2,1,0,1.0
TXN1002578,escalation,2026-05-01 03:16:02,0,0.0,,2,1,0,15.0
TXN1002579,retry,2026-03-03 04:47:52,0,0.0,,4,1,1,2.0
TXN1002579,reminder,2026-03-03 07:23:52,1,2701.58,248.0,3,0,0,1.0
TXN1002579,escalation,2026-03-03 06:41:52,0,0.0,,3,1,0,15.0
TXN1002583,retry,2026-05-26 08:16:30,0,0.0,,4,1,1,2.0
TXN1002583,reminder,2026-05-26 07:50:30,1,1726.26,306.0,3,0,0,1.0
TXN1002583,escalation,2026-05-26 08:29:30,0,0.0,,3,1,0,15.0
TXN1002585,retry,2026-04-06 19:36:39,1,4435.22,214.0,3,0,0,2.0
TXN1002585,reminder,2026-04-06 18:13:39,1,4435.22,296.0,2,0,0,1.0
TXN1002585,escalation,2026-04-06 18:20:39,1,4435.22,148.0,2,0,0,15.0
TXN1002586,retry,2026-03-16 14:58:31,1,1843.65,128.0,2,0,0,2.0
TXN1002586,reminder,2026-03-16 15:08:31,0,0.0,,1,1,0,1.0
TXN1002586,escalation,2026-03-16 12:39:31,1,1843.65,73.0,1,0,0,15.0
TXN1002590,retry,2026-04-04 10:15:19,1,7147.69,158.0,2,0,0,2.0
TXN1002590,reminder,2026-04-04 08:46:19,1,7147.69,202.0,1,0,0,1.0
TXN1002590,escalation,2026-04-04 07:33:19,1,7147.69,357.0,1,0,0,15.0
TXN1002597,retry,2026-04-11 08:06:16,1,10037.25,222.0,3,0,0,2.0
TXN1002597,reminder,2026-04-11 06:14:16,0,0.0,,2,1,0,1.0
TXN1002597,escalation,2026-04-11 07:02:16,0,0.0,,2,1,0,15.0
TXN1002600,retry,2026-01-21 08:21:27,1,10565.01,281.0,2,0,0,2.0
TXN1002600,reminder,2026-01-21 08:29:27,1,10565.01,32.0,1,0,0,1.0
TXN1002600,escalation,2026-01-21 09:51:27,0,0.0,,1,1,0,15.0
TXN1002605,retry,2026-04-25 16:01:55,0,0.0,,2,1,0,2.0
TXN1002605,reminder,2026-04-25 16:05:55,1,1323.45,60.0,1,0,0,1.0
TXN1002605,escalation,2026-04-25 16:02:55,1,1323.45,151.0,1,0,0,15.0
TXN1002606,retry,2026-06-25 02:28:11,1,4881.15,131.0,2,0,0,2.0
TXN1002606,reminder,2026-06-25 01:22:11,0,0.0,,1,1,0,1.0
TXN1002606,escalation,2026-06-25 00:46:11,0,0.0,,1,1,0,15.0
TXN1002607,retry,2026-01-23 06:32:11,1,5590.03,39.0,2,0,0,2.0
TXN1002607,reminder,2026-01-23 07:55:11,0,0.0,,1,1,0,1.0
TXN1002607,escalation,2026-01-23 08:20:11,0,0.0,,1,1,0,15.0
TXN1002608,retry,2026-04-12 06:07:24,0,0.0,,2,1,0,2.0
TXN1002608,reminder,2026-04-12 07:11:24,1,1024.45,109.0,1,0,0,1.0
TXN1002608,escalation,2026-04-12 07:47:24,1,1024.45,294.0,1,0,0,15.0
TXN1002609,retry,2026-04-01 10:35:00,1,3764.7,318.0,2,0,0,2.0
TXN1002609,reminder,2026-04-01 10:04:00,0,0.0,,1,1,0,1.0
TXN1002609,escalation,2026-04-01 11:52:00,1,3764.7,231.0,1,0,0,15.0
TXN1002611,retry,2026-05-16 02:10:44,1,2103.86,109.0,4,0,1,2.0
TXN1002611,reminder,2026-05-16 01:44:44,1,2103.86,10.0,3,0,0,1.0
TXN1002611,escalation,2026-05-16 01:31:44,0,0.0,,3,1,0,15.0
TXN1002612,retry,2026-02-24 10:53:48,1,2996.5,326.0,2,0,0,2.0
TXN1002612,reminder,2026-02-24 10:24:48,1,2996.5,34.0,1,0,0,1.0
TXN1002612,escalation,2026-02-24 10:53:48,1,2996.5,160.0,1,0,0,15.0
TXN1002613,retry,2026-02-26 20:39:39,1,6682.29,317.0,3,0,0,2.0
TXN1002613,reminder,2026-02-26 20:31:39,0,0.0,,2,1,0,1.0
TXN1002613,escalation,2026-02-26 18:34:39,0,0.0,,2,1,0,15.0
TXN1002615,retry,2026-05-18 13:41:44,1,8698.59,126.0,2,0,0,2.0
TXN1002615,reminder,2026-05-18 12:11:44,0,0.0,,1,1,0,1.0
TXN1002615,escalation,2026-05-18 13:37:44,1,8698.59,301.0,1,0,0,15.0
TXN1002617,retry,2026-03-01 11:48:23,1,2430.8,61.0,2,0,0,2.0
TXN1002617,reminder,2026-03-01 13:12:23,0,0.0,,1,1,0,1.0
TXN1002617,escalation,2026-03-01 12:09:23,0,0.0,,1,1,0,15.0
TXN1002619,retry,2026-05-20 02:29:49,1,3684.59,225.0,2,0,0,2.0
TXN1002619,reminder,2026-05-20 02:08:49,1,3684.59,42.0,1,0,0,1.0
TXN1002619,escalation,2026-05-20 03:09:49,1,3684.59,41.0,1,0,0,15.0
TXN1002625,retry,2026-02-17 15:29:58,1,3961.72,342.0,3,0,0,2.0
TXN1002625,reminder,2026-02-17 16:27:58,1,3961.72,155.0,2,0,0,1.0
TXN1002625,escalation,2026-02-17 14:58:58,0,0.0,,2,1,0,15.0
TXN1002626,retry,2026-03-10 06:06:31,1,6695.95,201.0,2,0,0,2.0
TXN1002626,reminder,2026-03-10 07:13:31,0,0.0,,1,1,0,1.0
TXN1002626,escalation,2026-03-10 08:10:31,1,6695.95,288.0,1,0,0,15.0
TXN1002627,retry,2026-06-24 02:48:12,0,0.0,,2,1,0,2.0
TXN1002627,reminder,2026-06-24 03:21:12,1,1685.27,340.0,1,0,0,1.0
TXN1002627,escalation,2026-06-24 03:11:12,1,1685.27,324.0,1,0,0,15.0
TXN1002630,retry,2026-01-28 06:33:01,0,0.0,,2,1,0,2.0
TXN1002630,reminder,2026-01-28 06:19:01,0,0.0,,1,1,0,1.0
TXN1002630,escalation,2026-01-28 08:32:01,1,4401.44,64.0,1,0,0,15.0
TXN1002631,retry,2026-01-24 11:03:29,1,15130.22,277.0,3,0,0,2.0
TXN1002631,reminder,2026-01-24 10:43:29,1,15130.22,228.0,2,0,0,1.0
TXN1002631,escalation,2026-01-24 11:29:29,0,0.0,,2,1,0,15.0
TXN1002636,retry,2026-06-05 18:49:29,0,0.0,,4,1,1,2.0
TXN1002636,reminder,2026-06-05 19:47:29,0,0.0,,3,1,0,1.0
TXN1002636,escalation,2026-06-05 18:36:29,1,7745.3,63.0,3,0,0,15.0
TXN1002638,retry,2026-04-26 21:31:06,1,4724.77,144.0,2,0,0,2.0
TXN1002638,reminder,2026-04-26 22:16:06,1,4724.77,344.0,1,0,0,1.0
TXN1002638,escalation,2026-04-26 21:26:06,0,0.0,,1,1,0,15.0
TXN1002646,retry,2026-04-17 04:38:03,0,0.0,,2,1,0,2.0
TXN1002646,reminder,2026-04-17 05:52:03,1,4626.19,121.0,1,0,0,1.0
TXN1002646,escalation,2026-04-17 04:45:03,1,4626.19,28.0,1,0,0,15.0
TXN1002647,retry,2026-02-11 07:06:49,1,1607.42,86.0,2,0,0,2.0
TXN1002647,reminder,2026-02-11 07:05:49,0,0.0,,1,1,0,1.0
TXN1002647,escalation,2026-02-11 06:58:49,0,0.0,,1,1,0,15.0
TXN1002649,retry,2026-04-24 12:28:21,1,3174.29,238.0,2,0,0,2.0
TXN1002649,reminder,2026-04-24 12:11:21,0,0.0,,1,1,0,1.0
TXN1002649,escalation,2026-04-24 13:44:21,1,3174.29,335.0,1,0,0,15.0
TXN1002653,retry,2026-06-19 06:46:36,1,6003.67,97.0,2,0,0,2.0
TXN1002653,reminder,2026-06-19 04:54:36,1,6003.67,80.0,1,0,0,1.0
TXN1002653,escalation,2026-06-19 07:24:36,0,0.0,,1,1,0,15.0
TXN1002654,retry,2026-04-20 15:57:31,0,0.0,,5,1,1,2.0
TXN1002654,reminder,2026-04-20 14:58:31,0,0.0,,4,1,0,1.0
TXN1002654,escalation,2026-04-20 15:01:31,0,0.0,,4,1,0,15.0
TXN1002655,retry,2026-05-28 20:32:28,1,3437.31,188.0,2,0,0,2.0
TXN1002655,reminder,2026-05-28 18:15:28,1,3437.31,34.0,1,0,0,1.0
TXN1002655,escalation,2026-05-28 20:33:28,1,3437.31,352.0,1,0,0,15.0
TXN1002657,retry,2026-01-03 04:43:10,0,0.0,,2,1,0,2.0
TXN1002657,reminder,2026-01-03 03:33:10,1,17098.7,205.0,1,0,0,1.0
TXN1002657,escalation,2026-01-03 03:35:10,1,17098.7,251.0,1,0,0,15.0
TXN1002658,retry,2026-04-30 23:53:00,0,0.0,,3,1,0,2.0
TXN1002658,reminder,2026-05-01 01:27:00,0,0.0,,2,1,0,1.0
TXN1002658,escalation,2026-05-01 00:55:00,1,8623.05,140.0,2,0,0,15.0
TXN1002659,retry,2026-03-16 04:35:34,0,0.0,,4,1,1,2.0
TXN1002659,reminder,2026-03-16 01:50:34,0,0.0,,3,1,0,1.0
TXN1002659,escalation,2026-03-16 03:42:34,0,0.0,,3,1,0,15.0
TXN1002660,retry,2026-01-27 02:01:55,1,22519.76,59.0,3,0,0,2.0
TXN1002660,reminder,2026-01-27 00:29:55,1,22519.76,343.0,2,0,0,1.0
TXN1002660,escalation,2026-01-27 00:49:55,0,0.0,,2,1,0,15.0
TXN1002662,retry,2026-02-04 02:53:55,1,6401.03,189.0,3,0,0,2.0
TXN1002662,reminder,2026-02-04 03:21:55,1,6401.03,81.0,2,0,0,1.0
TXN1002662,escalation,2026-02-04 04:12:55,1,6401.03,137.0,2,0,0,15.0
TXN1002664,retry,2026-03-08 05:29:06,1,9802.08,55.0,2,0,0,2.0
TXN1002664,reminder,2026-03-08 07:16:06,1,9802.08,308.0,1,0,0,1.0
TXN1002664,escalation,2026-03-08 05:10:06,1,9802.08,29.0,1,0,0,15.0
TXN1002671,retry,2026-05-06 14:20:28,1,2313.12,317.0,2,0,0,2.0
TXN1002671,reminder,2026-05-06 12:32:28,0,0.0,,1,1,0,1.0
TXN1002671,escalation,2026-05-06 11:42:28,1,2313.12,268.0,1,0,0,15.0
TXN1002673,retry,2026-02-21 10:49:26,1,16304.02,23.0,2,0,0,2.0
TXN1002673,reminder,2026-02-21 09:59:26,1,16304.02,177.0,1,0,0,1.0
TXN1002673,escalation,2026-02-21 08:06:26,1,16304.02,214.0,1,0,0,15.0
TXN1002676,retry,2026-02-09 09:36:41,1,6901.3,204.0,2,0,0,2.0
TXN1002676,reminder,2026-02-09 07:29:41,1,6901.3,337.0,1,0,0,1.0
TXN1002676,escalation,2026-02-09 08:52:41,0,0.0,,1,1,0,15.0
TXN1002677,retry,2026-01-02 07:45:00,0,0.0,,5,1,1,2.0
TXN1002677,reminder,2026-01-02 06:40:00,0,0.0,,4,1,0,1.0
TXN1002677,escalation,2026-01-02 06:51:00,1,2745.61,257.0,4,0,0,15.0
TXN1002679,retry,2026-01-05 05:46:30,1,30478.15,146.0,2,0,0,2.0
TXN1002679,reminder,2026-01-05 04:16:30,1,30478.15,201.0,1,0,0,1.0
TXN1002679,escalation,2026-01-05 05:13:30,1,30478.15,323.0,1,0,0,15.0
TXN1002682,retry,2026-03-01 01:42:21,1,5841.05,104.0,2,0,0,2.0
TXN1002682,reminder,2026-03-01 01:14:21,0,0.0,,1,1,0,1.0
TXN1002682,escalation,2026-03-01 03:09:21,1,5841.05,94.0,1,0,0,15.0
TXN1002683,retry,2026-02-07 09:06:36,1,7333.1,127.0,3,0,0,2.0
TXN1002683,reminder,2026-02-07 08:32:36,0,0.0,,2,1,0,1.0
TXN1002683,escalation,2026-02-07 08:31:36,0,0.0,,2,1,0,15.0
TXN1002684,retry,2026-02-28 01:35:48,0,0.0,,3,1,0,2.0
TXN1002684,reminder,2026-02-27 23:58:48,0,0.0,,2,1,0,1.0
TXN1002684,escalation,2026-02-28 00:39:48,1,7684.25,160.0,2,0,0,15.0
TXN1002690,retry,2026-06-17 09:27:47,1,12514.11,77.0,2,0,0,2.0
TXN1002690,reminder,2026-06-17 09:00:47,0,0.0,,1,1,0,1.0
TXN1002690,escalation,2026-06-17 07:54:47,1,12514.11,37.0,1,0,0,15.0
TXN1002691,retry,2026-04-23 16:34:20,0,0.0,,2,1,0,2.0
TXN1002691,reminder,2026-04-23 15:54:20,1,431.95,210.0,1,0,0,1.0
TXN1002691,escalation,2026-04-23 15:14:20,0,0.0,,1,1,1,15.0
TXN1002692,retry,2026-06-23 16:00:42,1,21013.98,138.0,2,0,0,2.0
TXN1002692,reminder,2026-06-23 18:39:42,1,21013.98,267.0,1,0,0,1.0
TXN1002692,escalation,2026-06-23 18:34:42,1,21013.98,172.0,1,0,0,15.0
TXN1002693,retry,2026-03-10 08:15:11,0,0.0,,4,1,1,2.0
TXN1002693,reminder,2026-03-10 06:50:11,1,5186.17,158.0,3,0,0,1.0
TXN1002693,escalation,2026-03-10 06:44:11,0,0.0,,3,1,0,15.0
TXN1002696,retry,2026-06-26 15:38:06,1,3784.08,334.0,2,0,0,2.0
TXN1002696,reminder,2026-06-26 14:08:06,0,0.0,,1,1,0,1.0
TXN1002696,escalation,2026-06-26 13:36:06,1,3784.08,137.0,1,0,0,15.0
TXN1002700,retry,2026-02-11 13:27:47,1,9699.35,282.0,4,0,1,2.0
TXN1002700,reminder,2026-02-11 11:15:47,0,0.0,,3,1,0,1.0
TXN1002700,escalation,2026-02-11 13:25:47,0,0.0,,3,1,0,15.0
TXN1002701,retry,2026-05-08 19:49:05,1,8555.33,194.0,3,0,0,2.0
TXN1002701,reminder,2026-05-08 19:46:05,1,8555.33,203.0,2,0,0,1.0
TXN1002701,escalation,2026-05-08 21:06:05,1,8555.33,14.0,2,0,0,15.0
TXN1002704,retry,2026-03-06 08:39:32,1,13110.26,355.0,3,0,0,2.0
TXN1002704,reminder,2026-03-06 08:11:32,0,0.0,,2,1,0,1.0
TXN1002704,escalation,2026-03-06 09:54:32,0,0.0,,2,1,0,15.0
TXN1002705,retry,2026-04-13 10:22:02,0,0.0,,2,1,0,2.0
TXN1002705,reminder,2026-04-13 08:48:02,0,0.0,,1,1,0,1.0
TXN1002705,escalation,2026-04-13 08:55:02,0,0.0,,1,1,0,15.0
TXN1002707,retry,2026-04-08 19:58:59,1,6401.78,40.0,2,0,0,2.0
TXN1002707,reminder,2026-04-08 19:17:59,1,6401.78,231.0,1,0,0,1.0
TXN1002707,escalation,2026-04-08 21:38:59,1,6401.78,321.0,1,0,0,15.0
TXN1002708,retry,2026-03-13 01:05:09,0,0.0,,2,1,0,2.0
TXN1002708,reminder,2026-03-13 00:54:09,0,0.0,,1,1,0,1.0
TXN1002708,escalation,2026-03-13 02:00:09,0,0.0,,1,1,0,15.0
TXN1002709,retry,2026-05-28 23:03:22,1,9612.98,196.0,2,0,0,2.0
TXN1002709,reminder,2026-05-29 00:02:22,1,9612.98,90.0,1,0,0,1.0
TXN1002709,escalation,2026-05-29 01:13:22,1,9612.98,181.0,1,0,0,15.0
TXN1002712,retry,2026-05-27 23:35:31,0,0.0,,2,1,0,2.0
TXN1002712,reminder,2026-05-28 00:00:31,1,2138.6,323.0,1,0,0,1.0
TXN1002712,escalation,2026-05-27 23:06:31,0,0.0,,1,1,0,15.0
TXN1002713,retry,2026-02-10 16:01:55,1,4014.38,164.0,2,0,0,2.0
TXN1002713,reminder,2026-02-10 14:24:55,0,0.0,,1,1,0,1.0
TXN1002713,escalation,2026-02-10 14:48:55,0,0.0,,1,1,0,15.0
TXN1002717,retry,2026-03-23 09:03:33,0,0.0,,4,1,1,2.0
TXN1002717,reminder,2026-03-23 06:51:33,1,6509.9,269.0,3,0,0,1.0
TXN1002717,escalation,2026-03-23 08:04:33,0,0.0,,3,1,0,15.0
TXN1002720,retry,2026-03-23 18:38:42,0,0.0,,3,1,0,2.0
TXN1002720,reminder,2026-03-23 20:40:42,1,3866.17,83.0,2,0,0,1.0
TXN1002720,escalation,2026-03-23 18:46:42,0,0.0,,2,1,0,15.0
TXN1002722,retry,2026-01-10 17:53:11,0,0.0,,3,1,0,2.0
TXN1002722,reminder,2026-01-10 16:17:11,1,4655.62,207.0,2,0,0,1.0
TXN1002722,escalation,2026-01-10 16:46:11,1,4655.62,314.0,2,0,0,15.0
TXN1002725,retry,2026-01-28 08:01:21,1,6686.63,322.0,2,0,0,2.0
TXN1002725,reminder,2026-01-28 07:41:21,0,0.0,,1,1,0,1.0
TXN1002725,escalation,2026-01-28 06:26:21,1,6686.63,99.0,1,0,0,15.0
TXN1002731,retry,2026-02-08 21:33:57,0,0.0,,3,1,0,2.0
TXN1002731,reminder,2026-02-08 20:59:57,0,0.0,,2,1,0,1.0
TXN1002731,escalation,2026-02-08 21:23:57,1,4957.8,152.0,2,0,0,15.0
TXN1002732,retry,2026-01-08 03:06:16,1,5006.66,43.0,4,0,1,2.0
TXN1002732,reminder,2026-01-08 02:20:16,1,5006.66,118.0,3,0,0,1.0
TXN1002732,escalation,2026-01-08 03:28:16,1,5006.66,111.0,3,0,0,15.0
TXN1002736,retry,2026-03-13 01:55:37,0,0.0,,3,1,0,2.0
TXN1002736,reminder,2026-03-13 00:43:37,1,5520.13,277.0,2,0,0,1.0
TXN1002736,escalation,2026-03-13 03:21:37,1,5520.13,272.0,2,0,0,15.0
TXN1002740,retry,2026-05-07 02:05:19,1,6583.48,17.0,3,0,0,2.0
TXN1002740,reminder,2026-05-07 01:32:19,0,0.0,,2,1,0,1.0
TXN1002740,escalation,2026-05-07 00:51:19,1,6583.48,174.0,2,0,0,15.0
TXN1002744,retry,2026-01-15 10:47:12,1,1652.24,119.0,2,0,0,2.0
TXN1002744,reminder,2026-01-15 09:06:12,0,0.0,,1,1,0,1.0
TXN1002744,escalation,2026-01-15 10:14:12,1,1652.24,35.0,1,0,0,15.0
TXN1002750,retry,2026-04-25 08:11:07,1,54080.73,99.0,2,0,0,2.0
TXN1002750,reminder,2026-04-25 06:13:07,1,54080.73,147.0,1,0,0,1.0
TXN1002750,escalation,2026-04-25 06:21:07,1,54080.73,116.0,1,0,0,15.0
TXN1002751,retry,2026-05-19 06:49:03,1,4936.6,296.0,2,0,0,2.0
TXN1002751,reminder,2026-05-19 07:23:03,1,4936.6,13.0,1,0,0,1.0
TXN1002751,escalation,2026-05-19 07:49:03,1,4936.6,148.0,1,0,0,15.0
TXN1002756,retry,2026-02-25 14:11:04,0,0.0,,4,1,1,2.0
TXN1002756,reminder,2026-02-25 14:12:04,1,945.32,194.0,3,0,0,1.0
TXN1002756,escalation,2026-02-25 15:33:04,0,0.0,,3,1,0,15.0
TXN1002758,retry,2026-01-17 02:00:35,1,9339.75,130.0,4,0,1,2.0
TXN1002758,reminder,2026-01-17 03:06:35,0,0.0,,3,1,0,1.0
TXN1002758,escalation,2026-01-17 02:40:35,0,0.0,,3,1,0,15.0
TXN1002759,retry,2026-03-02 01:47:04,1,267.83,223.0,3,0,0,2.0
TXN1002759,reminder,2026-03-02 03:17:04,1,267.83,134.0,2,0,0,1.0
TXN1002759,escalation,2026-03-02 02:25:04,1,267.83,16.0,2,0,1,15.0
TXN1002760,retry,2026-03-27 20:13:23,1,2719.21,8.0,2,0,0,2.0
TXN1002760,reminder,2026-03-27 20:09:23,1,2719.21,195.0,1,0,0,1.0
TXN1002760,escalation,2026-03-27 19:49:23,0,0.0,,1,1,0,15.0
TXN1002761,retry,2026-03-27 07:53:22,0,0.0,,2,1,0,2.0
TXN1002761,reminder,2026-03-27 07:05:22,1,1674.53,62.0,1,0,0,1.0
TXN1002761,escalation,2026-03-27 05:35:22,0,0.0,,1,1,0,15.0
TXN1002767,retry,2026-03-09 22:49:39,1,28971.3,68.0,3,0,0,2.0
TXN1002767,reminder,2026-03-09 23:07:39,0,0.0,,2,1,0,1.0
TXN1002767,escalation,2026-03-09 23:30:39,0,0.0,,2,1,0,15.0
TXN1002769,retry,2026-02-17 13:53:05,1,9098.84,225.0,3,0,0,2.0
TXN1002769,reminder,2026-02-17 12:43:05,0,0.0,,2,1,0,1.0
TXN1002769,escalation,2026-02-17 14:58:05,0,0.0,,2,1,0,15.0
TXN1002775,retry,2026-04-15 13:17:09,0,0.0,,3,1,0,2.0
TXN1002775,reminder,2026-04-15 12:50:09,0,0.0,,2,1,0,1.0
TXN1002775,escalation,2026-04-15 11:41:09,0,0.0,,2,1,0,15.0
TXN1002776,retry,2026-05-22 10:38:45,1,2062.55,63.0,3,0,0,2.0
TXN1002776,reminder,2026-05-22 10:01:45,0,0.0,,2,1,0,1.0
TXN1002776,escalation,2026-05-22 11:06:45,1,2062.55,134.0,2,0,0,15.0
TXN1002779,retry,2026-05-23 13:10:21,0,0.0,,5,1,1,2.0
TXN1002779,reminder,2026-05-23 12:36:21,0,0.0,,4,1,0,1.0
TXN1002779,escalation,2026-05-23 13:41:21,0,0.0,,4,1,0,15.0
TXN1002782,retry,2026-05-05 20:47:36,1,26406.47,30.0,4,0,1,2.0
TXN1002782,reminder,2026-05-05 18:29:36,0,0.0,,3,1,0,1.0
TXN1002782,escalation,2026-05-05 20:54:36,0,0.0,,3,1,0,15.0
TXN1002785,retry,2026-01-07 14:19:12,0,0.0,,3,1,0,2.0
TXN1002785,reminder,2026-01-07 14:29:12,1,1747.1,313.0,2,0,0,1.0
TXN1002785,escalation,2026-01-07 13:07:12,0,0.0,,2,1,0,15.0
TXN1002789,retry,2026-03-07 14:54:05,1,998.98,152.0,2,0,0,2.0
TXN1002789,reminder,2026-03-07 13:41:05,0,0.0,,1,1,0,1.0
TXN1002789,escalation,2026-03-07 15:50:05,1,998.98,239.0,1,0,0,15.0
TXN1002794,retry,2026-03-25 06:53:21,1,17872.18,128.0,2,0,0,2.0
TXN1002794,reminder,2026-03-25 07:53:21,1,17872.18,28.0,1,0,0,1.0
TXN1002794,escalation,2026-03-25 05:49:21,0,0.0,,1,1,0,15.0
TXN1002797,retry,2026-04-13 11:40:45,1,297.26,264.0,3,0,0,2.0
TXN1002797,reminder,2026-04-13 12:08:45,0,0.0,,2,1,0,1.0
TXN1002797,escalation,2026-04-13 13:41:45,1,297.26,226.0,2,0,1,15.0
TXN1002800,retry,2026-02-08 10:00:22,1,1597.62,38.0,2,0,0,2.0
TXN1002800,reminder,2026-02-08 08:07:22,0,0.0,,1,1,0,1.0
TXN1002800,escalation,2026-02-08 07:54:22,0,0.0,,1,1,0,15.0
TXN1002801,retry,2026-04-26 21:20:45,1,3702.54,214.0,3,0,0,2.0
TXN1002801,reminder,2026-04-26 19:16:45,0,0.0,,2,1,0,1.0
TXN1002801,escalation,2026-04-26 19:15:45,0,0.0,,2,1,0,15.0
TXN1002805,retry,2026-05-01 17:10:17,0,0.0,,2,1,0,2.0
TXN1002805,reminder,2026-05-01 18:12:17,0,0.0,,1,1,0,1.0
TXN1002805,escalation,2026-05-01 17:38:17,0,0.0,,1,1,0,15.0
TXN1002806,retry,2026-04-12 02:23:36,1,7648.95,296.0,4,0,1,2.0
TXN1002806,reminder,2026-04-12 00:50:36,0,0.0,,3,1,0,1.0
TXN1002806,escalation,2026-04-12 02:36:36,0,0.0,,3,1,0,15.0
TXN1002808,retry,2026-01-31 22:10:22,0,0.0,,4,1,1,2.0
TXN1002808,reminder,2026-01-31 23:05:22,0,0.0,,3,1,0,1.0
TXN1002808,escalation,2026-01-31 21:57:22,0,0.0,,3,1,0,15.0
TXN1002811,retry,2026-06-07 16:00:23,1,2154.02,4.0,4,0,1,2.0
TXN1002811,reminder,2026-06-07 15:57:23,0,0.0,,3,1,0,1.0
TXN1002811,escalation,2026-06-07 16:07:23,0,0.0,,3,1,0,15.0
TXN1002815,retry,2026-03-01 16:27:36,1,1577.02,217.0,3,0,0,2.0
TXN1002815,reminder,2026-03-01 16:14:36,0,0.0,,2,1,0,1.0
TXN1002815,escalation,2026-03-01 16:38:36,1,1577.02,214.0,2,0,0,15.0
TXN1002816,retry,2026-03-02 02:10:04,1,200.0,170.0,3,0,0,2.0
TXN1002816,reminder,2026-03-02 03:47:04,1,200.0,35.0,2,0,0,1.0
TXN1002816,escalation,2026-03-02 04:01:04,1,200.0,101.0,2,0,1,15.0
TXN1002817,retry,2026-04-19 02:05:28,1,2285.86,224.0,2,0,0,2.0
TXN1002817,reminder,2026-04-19 02:08:28,0,0.0,,1,1,0,1.0
TXN1002817,escalation,2026-04-19 02:33:28,0,0.0,,1,1,0,15.0
TXN1002819,retry,2026-03-20 16:56:55,1,4584.72,266.0,2,0,0,2.0
TXN1002819,reminder,2026-03-20 16:31:55,1,4584.72,155.0,1,0,0,1.0
TXN1002819,escalation,2026-03-20 17:06:55,1,4584.72,51.0,1,0,0,15.0
TXN1002821,retry,2026-02-23 04:50:45,0,0.0,,3,1,0,2.0
TXN1002821,reminder,2026-02-23 05:25:45,1,2707.74,346.0,2,0,0,1.0
TXN1002821,escalation,2026-02-23 04:41:45,1,2707.74,164.0,2,0,0,15.0
TXN1002824,retry,2026-05-07 23:37:40,1,4526.84,252.0,2,0,0,2.0
TXN1002824,reminder,2026-05-07 21:21:40,1,4526.84,199.0,1,0,0,1.0
TXN1002824,escalation,2026-05-07 21:12:40,0,0.0,,1,1,0,15.0
TXN1002829,retry,2026-06-18 00:22:23,0,0.0,,5,1,1,2.0
TXN1002829,reminder,2026-06-18 00:24:23,0,0.0,,4,1,0,1.0
TXN1002829,escalation,2026-06-17 22:56:23,0,0.0,,4,1,0,15.0
TXN1002833,retry,2026-05-15 14:59:16,0,0.0,,3,1,0,2.0
TXN1002833,reminder,2026-05-15 12:40:16,1,7494.01,311.0,2,0,0,1.0
TXN1002833,escalation,2026-05-15 13:36:16,1,7494.01,156.0,2,0,0,15.0
TXN1002835,retry,2026-05-23 18:07:18,1,4675.5,256.0,4,0,1,2.0
TXN1002835,reminder,2026-05-23 19:48:18,0,0.0,,3,1,0,1.0
TXN1002835,escalation,2026-05-23 20:26:18,0,0.0,,3,1,0,15.0
TXN1002838,retry,2026-06-26 05:42:58,1,327.3,301.0,3,0,0,2.0
TXN1002838,reminder,2026-06-26 06:15:58,1,327.3,214.0,2,0,0,1.0
TXN1002838,escalation,2026-06-26 05:12:58,0,0.0,,2,1,1,15.0
TXN1002841,retry,2026-06-22 09:08:10,0,0.0,,3,1,0,2.0
TXN1002841,reminder,2026-06-22 09:38:10,0,0.0,,2,1,0,1.0
TXN1002841,escalation,2026-06-22 09:51:10,0,0.0,,2,1,0,15.0
TXN1002846,retry,2026-03-10 08:25:34,0,0.0,,3,1,0,2.0
TXN1002846,reminder,2026-03-10 06:51:34,0,0.0,,2,1,0,1.0
TXN1002846,escalation,2026-03-10 07:23:34,0,0.0,,2,1,0,15.0
TXN1002848,retry,2026-05-09 23:05:13,0,0.0,,2,1,0,2.0
TXN1002848,reminder,2026-05-09 23:11:13,0,0.0,,1,1,0,1.0
TXN1002848,escalation,2026-05-10 01:14:13,1,20664.99,49.0,1,0,0,15.0
TXN1002852,retry,2026-06-19 12:20:41,1,20614.0,99.0,5,0,1,2.0
TXN1002852,reminder,2026-06-19 13:06:41,0,0.0,,4,1,0,1.0
TXN1002852,escalation,2026-06-19 12:45:41,1,20614.0,114.0,4,0,0,15.0
TXN1002858,retry,2026-01-11 13:55:45,1,28893.77,250.0,2,0,0,2.0
TXN1002858,reminder,2026-01-11 15:57:45,0,0.0,,1,1,0,1.0
TXN1002858,escalation,2026-01-11 15:57:45,1,28893.77,206.0,1,0,0,15.0
TXN1002863,retry,2026-06-06 13:54:13,1,15123.84,78.0,2,0,0,2.0
TXN1002863,reminder,2026-06-06 14:14:13,1,15123.84,103.0,1,0,0,1.0
TXN1002863,escalation,2026-06-06 15:52:13,1,15123.84,294.0,1,0,0,15.0
TXN1002864,retry,2026-06-08 07:30:32,1,9506.32,47.0,2,0,0,2.0
TXN1002864,reminder,2026-06-08 07:43:32,1,9506.32,176.0,1,0,0,1.0
TXN1002864,escalation,2026-06-08 09:30:32,1,9506.32,161.0,1,0,0,15.0
TXN1002865,retry,2026-02-28 14:22:04,1,6881.88,247.0,3,0,0,2.0
TXN1002865,reminder,2026-02-28 13:46:04,1,6881.88,320.0,2,0,0,1.0
TXN1002865,escalation,2026-02-28 14:12:04,1,6881.88,285.0,2,0,0,15.0
TXN1002866,retry,2026-02-09 15:30:54,1,20871.22,91.0,2,0,0,2.0
TXN1002866,reminder,2026-02-09 14:11:54,1,20871.22,185.0,1,0,0,1.0
TXN1002866,escalation,2026-02-09 14:28:54,0,0.0,,1,1,0,15.0
TXN1002867,retry,2026-04-01 07:12:21,0,0.0,,3,1,0,2.0
TXN1002867,reminder,2026-04-01 06:20:21,0,0.0,,2,1,0,1.0
TXN1002867,escalation,2026-04-01 04:44:21,0,0.0,,2,1,0,15.0
TXN1002870,retry,2026-03-24 14:10:48,0,0.0,,5,1,1,2.0
TXN1002870,reminder,2026-03-24 13:34:48,0,0.0,,4,1,0,1.0
TXN1002870,escalation,2026-03-24 11:48:48,0,0.0,,4,1,0,15.0
TXN1002871,retry,2026-03-15 11:23:23,1,736.95,320.0,3,0,0,2.0
TXN1002871,reminder,2026-03-15 13:24:23,1,736.95,233.0,2,0,0,1.0
TXN1002871,escalation,2026-03-15 11:41:23,1,736.95,101.0,2,0,0,15.0
TXN1002872,retry,2026-06-18 02:52:46,1,13592.12,267.0,2,0,0,2.0
TXN1002872,reminder,2026-06-18 03:47:46,1,13592.12,308.0,1,0,0,1.0
TXN1002872,escalation,2026-06-18 02:42:46,0,0.0,,1,1,0,15.0
TXN1002873,retry,2026-02-27 17:50:09,1,5276.42,285.0,3,0,0,2.0
TXN1002873,reminder,2026-02-27 17:08:09,1,5276.42,75.0,2,0,0,1.0
TXN1002873,escalation,2026-02-27 16:10:09,1,5276.42,352.0,2,0,0,15.0
TXN1002875,retry,2026-05-19 17:20:40,0,0.0,,2,1,0,2.0
TXN1002875,reminder,2026-05-19 16:57:40,0,0.0,,1,1,0,1.0
TXN1002875,escalation,2026-05-19 15:38:40,1,1826.17,291.0,1,0,0,15.0
TXN1002876,retry,2026-06-17 15:57:47,1,1586.28,322.0,2,0,0,2.0
TXN1002876,reminder,2026-06-17 15:24:47,1,1586.28,112.0,1,0,0,1.0
TXN1002876,escalation,2026-06-17 14:30:47,1,1586.28,256.0,1,0,0,15.0
TXN1002877,retry,2026-01-12 19:54:12,1,3303.68,28.0,2,0,0,2.0
TXN1002877,reminder,2026-01-12 18:48:12,1,3303.68,196.0,1,0,0,1.0
TXN1002877,escalation,2026-01-12 18:05:12,0,0.0,,1,1,0,15.0
TXN1002878,retry,2026-04-02 17:11:05,0,0.0,,4,1,1,2.0
TXN1002878,reminder,2026-04-02 17:24:05,1,3429.86,204.0,3,0,0,1.0
TXN1002878,escalation,2026-04-02 16:49:05,1,3429.86,146.0,3,0,0,15.0
TXN1002880,retry,2026-06-18 19:19:08,0,0.0,,3,1,0,2.0
TXN1002880,reminder,2026-06-18 19:27:08,1,4181.69,298.0,2,0,0,1.0
TXN1002880,escalation,2026-06-18 18:29:08,0,0.0,,2,1,0,15.0
TXN1002883,retry,2026-05-08 22:59:31,0,0.0,,4,1,1,2.0
TXN1002883,reminder,2026-05-08 21:23:31,0,0.0,,3,1,0,1.0
TXN1002883,escalation,2026-05-08 20:36:31,0,0.0,,3,1,0,15.0
TXN1002884,retry,2026-06-13 19:27:59,1,2009.74,311.0,2,0,0,2.0
TXN1002884,reminder,2026-06-13 19:24:59,0,0.0,,1,1,0,1.0
TXN1002884,escalation,2026-06-13 20:09:59,1,2009.74,294.0,1,0,0,15.0
TXN1002885,retry,2026-04-18 18:53:54,1,589.64,23.0,2,0,0,2.0
TXN1002885,reminder,2026-04-18 19:54:54,0,0.0,,1,1,0,1.0
TXN1002885,escalation,2026-04-18 19:00:54,1,589.64,149.0,1,0,0,15.0
TXN1002889,retry,2026-01-21 00:37:00,0,0.0,,4,1,1,2.0
TXN1002889,reminder,2026-01-20 23:43:00,0,0.0,,3,1,0,1.0
TXN1002889,escalation,2026-01-21 00:42:00,0,0.0,,3,1,0,15.0
TXN1002890,retry,2026-05-16 10:28:00,1,1761.43,344.0,3,0,0,2.0
TXN1002890,reminder,2026-05-16 08:53:00,0,0.0,,2,1,0,1.0
TXN1002890,escalation,2026-05-16 08:40:00,0,0.0,,2,1,0,15.0
TXN1002893,retry,2026-02-07 21:55:33,1,9540.47,147.0,2,0,0,2.0
TXN1002893,reminder,2026-02-07 22:36:33,0,0.0,,1,1,0,1.0
TXN1002893,escalation,2026-02-07 21:29:33,1,9540.47,218.0,1,0,0,15.0
TXN1002896,retry,2026-04-07 17:00:45,1,1680.89,201.0,2,0,0,2.0
TXN1002896,reminder,2026-04-07 18:53:45,0,0.0,,1,1,0,1.0
TXN1002896,escalation,2026-04-07 17:11:45,0,0.0,,1,1,0,15.0
TXN1002899,retry,2026-01-09 04:31:52,1,2247.17,121.0,2,0,0,2.0
TXN1002899,reminder,2026-01-09 06:01:52,1,2247.17,79.0,1,0,0,1.0
TXN1002899,escalation,2026-01-09 05:16:52,1,2247.17,127.0,1,0,0,15.0
TXN1002902,retry,2026-01-15 03:29:36,1,8916.1,214.0,2,0,0,2.0
TXN1002902,reminder,2026-01-15 05:54:36,0,0.0,,1,1,0,1.0
TXN1002902,escalation,2026-01-15 04:21:36,1,8916.1,329.0,1,0,0,15.0
TXN1002904,retry,2026-04-15 10:15:28,0,0.0,,2,1,0,2.0
TXN1002904,reminder,2026-04-15 10:25:28,1,4777.49,59.0,1,0,0,1.0
TXN1002904,escalation,2026-04-15 10:38:28,1,4777.49,57.0,1,0,0,15.0
TXN1002908,retry,2026-02-12 19:24:56,1,18943.4,277.0,2,0,0,2.0
TXN1002908,reminder,2026-02-12 18:28:56,1,18943.4,213.0,1,0,0,1.0
TXN1002908,escalation,2026-02-12 17:34:56,1,18943.4,280.0,1,0,0,15.0
TXN1002909,retry,2026-03-24 12:09:04,0,0.0,,2,1,0,2.0
TXN1002909,reminder,2026-03-24 10:45:04,1,2458.51,196.0,1,0,0,1.0
TXN1002909,escalation,2026-03-24 12:20:04,0,0.0,,1,1,0,15.0
TXN1002911,retry,2026-05-24 06:55:09,1,4915.11,51.0,2,0,0,2.0
TXN1002911,reminder,2026-05-24 06:01:09,1,4915.11,305.0,1,0,0,1.0
TXN1002911,escalation,2026-05-24 06:28:09,0,0.0,,1,1,0,15.0
TXN1002912,retry,2026-04-15 08:44:23,1,1644.94,47.0,3,0,0,2.0
TXN1002912,reminder,2026-04-15 08:46:23,1,1644.94,20.0,2,0,0,1.0
TXN1002912,escalation,2026-04-15 08:30:23,1,1644.94,170.0,2,0,0,15.0
TXN1002913,retry,2026-06-04 07:43:26,1,8613.93,97.0,3,0,0,2.0
TXN1002913,reminder,2026-06-04 09:45:26,0,0.0,,2,1,0,1.0
TXN1002913,escalation,2026-06-04 08:30:26,1,8613.93,345.0,2,0,0,15.0
TXN1002914,retry,2026-02-14 08:21:05,1,12752.39,30.0,3,0,0,2.0
TXN1002914,reminder,2026-02-14 10:12:05,1,12752.39,270.0,2,0,0,1.0
TXN1002914,escalation,2026-02-14 09:07:05,0,0.0,,2,1,0,15.0
TXN1002915,retry,2026-05-20 21:04:50,1,6975.2,218.0,3,0,0,2.0
TXN1002915,reminder,2026-05-20 20:34:50,1,6975.2,267.0,2,0,0,1.0
TXN1002915,escalation,2026-05-20 19:15:50,1,6975.2,161.0,2,0,0,15.0
TXN1002916,retry,2026-04-21 19:49:53,1,3056.1,75.0,2,0,0,2.0
TXN1002916,reminder,2026-04-21 20:15:53,1,3056.1,155.0,1,0,0,1.0
TXN1002916,escalation,2026-04-21 20:21:53,1,3056.1,219.0,1,0,0,15.0
TXN1002917,retry,2026-05-18 00:21:39,0,0.0,,3,1,0,2.0
TXN1002917,reminder,2026-05-17 23:48:39,1,5135.71,183.0,2,0,0,1.0
TXN1002917,escalation,2026-05-17 23:03:39,0,0.0,,2,1,0,15.0
TXN1002918,retry,2026-04-30 04:58:22,0,0.0,,4,1,1,2.0
TXN1002918,reminder,2026-04-30 03:46:22,0,0.0,,3,1,0,1.0
TXN1002918,escalation,2026-04-30 05:05:22,0,0.0,,3,1,0,15.0
TXN1002921,retry,2026-02-15 00:44:27,1,4444.72,25.0,2,0,0,2.0
TXN1002921,reminder,2026-02-15 01:55:27,0,0.0,,1,1,0,1.0
TXN1002921,escalation,2026-02-15 00:11:27,0,0.0,,1,1,0,15.0
TXN1002924,retry,2026-01-06 13:41:14,1,5612.41,115.0,2,0,0,2.0
TXN1002924,reminder,2026-01-06 12:53:14,1,5612.41,266.0,1,0,0,1.0
TXN1002924,escalation,2026-01-06 15:34:14,0,0.0,,1,1,0,15.0
TXN1002925,retry,2026-02-10 02:35:35,1,4884.83,126.0,3,0,0,2.0
TXN1002925,reminder,2026-02-10 01:18:35,0,0.0,,2,1,0,1.0
TXN1002925,escalation,2026-02-10 02:14:35,1,4884.83,8.0,2,0,0,15.0
TXN1002926,retry,2026-03-28 18:45:16,1,3650.97,97.0,2,0,0,2.0
TXN1002926,reminder,2026-03-28 18:42:16,1,3650.97,76.0,1,0,0,1.0
TXN1002926,escalation,2026-03-28 17:54:16,0,0.0,,1,1,0,15.0
TXN1002930,retry,2026-03-28 20:56:40,0,0.0,,3,1,0,2.0
TXN1002930,reminder,2026-03-28 20:38:40,0,0.0,,2,1,0,1.0
TXN1002930,escalation,2026-03-28 22:35:40,1,3650.05,3.0,2,0,0,15.0
TXN1002932,retry,2026-04-14 22:06:09,0,0.0,,2,1,0,2.0
TXN1002932,reminder,2026-04-14 21:55:09,0,0.0,,1,1,0,1.0
TXN1002932,escalation,2026-04-14 20:15:09,0,0.0,,1,1,0,15.0
TXN1002935,retry,2026-04-01 11:44:26,1,1189.83,219.0,2,0,0,2.0
TXN1002935,reminder,2026-04-01 10:17:26,1,1189.83,251.0,1,0,0,1.0
TXN1002935,escalation,2026-04-01 12:40:26,1,1189.83,43.0,1,0,0,15.0
TXN1002936,retry,2026-04-07 19:29:09,1,15368.92,47.0,5,0,1,2.0
TXN1002936,reminder,2026-04-07 21:24:09,0,0.0,,4,1,0,1.0
TXN1002936,escalation,2026-04-07 19:59:09,1,15368.92,47.0,4,0,0,15.0
TXN1002940,retry,2026-04-24 21:45:04,0,0.0,,3,1,0,2.0
TXN1002940,reminder,2026-04-24 21:58:04,0,0.0,,2,1,0,1.0
TXN1002940,escalation,2026-04-24 22:12:04,0,0.0,,2,1,0,15.0
TXN1002945,retry,2026-02-17 07:37:07,1,2279.29,88.0,2,0,0,2.0
TXN1002945,reminder,2026-02-17 08:03:07,0,0.0,,1,1,0,1.0
TXN1002945,escalation,2026-02-17 07:58:07,0,0.0,,1,1,0,15.0
TXN1002946,retry,2026-06-21 06:36:26,0,0.0,,4,1,1,2.0
TXN1002946,reminder,2026-06-21 05:53:26,0,0.0,,3,1,0,1.0
TXN1002946,escalation,2026-06-21 05:06:26,1,859.06,322.0,3,0,0,15.0
TXN1002947,retry,2026-04-16 07:45:06,0,0.0,,4,1,1,2.0
TXN1002947,reminder,2026-04-16 09:21:06,0,0.0,,3,1,0,1.0
TXN1002947,escalation,2026-04-16 08:51:06,1,1296.4,149.0,3,0,0,15.0
TXN1002948,retry,2026-06-26 13:51:40,0,0.0,,2,1,0,2.0
TXN1002948,reminder,2026-06-26 11:43:40,0,0.0,,1,1,0,1.0
TXN1002948,escalation,2026-06-26 12:18:40,0,0.0,,1,1,0,15.0
TXN1002951,retry,2026-04-22 18:54:44,1,7444.75,337.0,2,0,0,2.0
TXN1002951,reminder,2026-04-22 16:47:44,1,7444.75,188.0,1,0,0,1.0
TXN1002951,escalation,2026-04-22 18:13:44,1,7444.75,292.0,1,0,0,15.0
TXN1002955,retry,2026-05-24 12:46:14,1,9818.39,275.0,3,0,0,2.0
TXN1002955,reminder,2026-05-24 12:52:14,0,0.0,,2,1,0,1.0
TXN1002955,escalation,2026-05-24 12:50:14,1,9818.39,159.0,2,0,0,15.0
TXN1002958,retry,2026-05-20 04:54:09,0,0.0,,3,1,0,2.0
TXN1002958,reminder,2026-05-20 04:55:09,1,4744.41,127.0,2,0,0,1.0
TXN1002958,escalation,2026-05-20 05:06:09,0,0.0,,2,1,0,15.0
TXN1002959,retry,2026-03-12 04:23:03,0,0.0,,4,1,1,2.0
TXN1002959,reminder,2026-03-12 04:27:03,1,67231.5,152.0,3,0,0,1.0
TXN1002959,escalation,2026-03-12 02:37:03,0,0.0,,3,1,0,15.0
TXN1002966,retry,2026-04-05 20:54:18,0,0.0,,4,1,1,2.0
TXN1002966,reminder,2026-04-05 19:49:18,1,3919.07,152.0,3,0,0,1.0
TXN1002966,escalation,2026-04-05 22:23:18,1,3919.07,284.0,3,0,0,15.0
TXN1002968,retry,2026-04-16 12:48:57,1,2863.12,353.0,2,0,0,2.0
TXN1002968,reminder,2026-04-16 11:01:57,0,0.0,,1,1,0,1.0
TXN1002968,escalation,2026-04-16 11:17:57,1,2863.12,77.0,1,0,0,15.0
TXN1002971,retry,2026-01-13 11:37:19,0,0.0,,4,1,1,2.0
TXN1002971,reminder,2026-01-13 12:16:19,0,0.0,,3,1,0,1.0
TXN1002971,escalation,2026-01-13 10:25:19,1,3637.14,70.0,3,0,0,15.0
TXN1002974,retry,2026-04-24 06:48:52,1,1015.88,69.0,2,0,0,2.0
TXN1002974,reminder,2026-04-24 06:01:52,1,1015.88,277.0,1,0,0,1.0
TXN1002974,escalation,2026-04-24 06:39:52,0,0.0,,1,1,0,15.0
TXN1002975,retry,2026-03-19 23:02:29,0,0.0,,2,1,0,2.0
TXN1002975,reminder,2026-03-20 00:08:29,1,1544.71,63.0,1,0,0,1.0
TXN1002975,escalation,2026-03-19 23:55:29,0,0.0,,1,1,0,15.0
TXN1002976,retry,2026-01-07 20:31:18,1,7690.59,79.0,4,0,1,2.0
TXN1002976,reminder,2026-01-07 20:58:18,1,7690.59,208.0,3,0,0,1.0
TXN1002976,escalation,2026-01-07 21:34:18,0,0.0,,3,1,0,15.0
TXN1002978,retry,2026-06-07 11:16:36,1,3932.44,176.0,2,0,0,2.0
TXN1002978,reminder,2026-06-07 09:11:36,0,0.0,,1,1,0,1.0
TXN1002978,escalation,2026-06-07 12:00:36,0,0.0,,1,1,0,15.0
TXN1002982,retry,2026-04-09 03:09:59,1,5868.63,51.0,3,0,0,2.0
TXN1002982,reminder,2026-04-09 02:01:59,1,5868.63,277.0,2,0,0,1.0
TXN1002982,escalation,2026-04-09 03:59:59,1,5868.63,100.0,2,0,0,15.0
TXN1002984,retry,2026-06-02 19:39:24,1,2306.12,52.0,2,0,0,2.0
TXN1002984,reminder,2026-06-02 20:05:24,1,2306.12,72.0,1,0,0,1.0
TXN1002984,escalation,2026-06-02 17:58:24,1,2306.12,238.0,1,0,0,15.0
TXN1002988,retry,2026-01-18 19:45:02,1,2871.42,147.0,2,0,0,2.0
TXN1002988,reminder,2026-01-18 19:53:02,0,0.0,,1,1,0,1.0
TXN1002988,escalation,2026-01-18 19:43:02,1,2871.42,142.0,1,0,0,15.0
TXN1002991,retry,2026-01-09 08:29:10,1,15375.01,27.0,2,0,0,2.0
TXN1002991,reminder,2026-01-09 08:42:10,1,15375.01,356.0,1,0,0,1.0
TXN1002991,escalation,2026-01-09 07:41:10,0,0.0,,1,1,0,15.0
TXN1002994,retry,2026-05-23 08:47:07,1,6048.94,20.0,2,0,0,2.0
TXN1002994,reminder,2026-05-23 07:16:07,0,0.0,,1,1,0,1.0
TXN1002994,escalation,2026-05-23 07:33:07,1,6048.94,13.0,1,0,0,15.0
TXN1002995,retry,2026-02-10 19:07:24,1,1629.21,95.0,2,0,0,2.0
TXN1002995,reminder,2026-02-10 20:37:24,0,0.0,,1,1,0,1.0
TXN1002995,escalation,2026-02-10 18:18:24,1,1629.21,216.0,1,0,0,15.0
TXN1002997,retry,2026-06-29 23:15:15,1,2513.29,51.0,2,0,0,2.0
TXN1002997,reminder,2026-06-29 21:07:15,0,0.0,,1,1,0,1.0
TXN1002997,escalation,2026-06-29 22:26:15,1,2513.29,338.0,1,0,0,15.0
TXN1003001,retry,2026-05-01 19:46:26,0,0.0,,5,1,1,2.0
TXN1003001,reminder,2026-05-01 18:39:26,0,0.0,,4,1,0,1.0
TXN1003001,escalation,2026-05-01 19:49:26,1,5774.89,53.0,4,0,0,15.0
TXN1003003,retry,2026-03-07 06:17:13,1,19277.9,202.0,2,0,0,2.0
TXN1003003,reminder,2026-03-07 04:18:13,0,0.0,,1,1,0,1.0
TXN1003003,escalation,2026-03-07 06:41:13,0,0.0,,1,1,0,15.0
TXN1003010,retry,2026-05-01 07:38:18,1,4721.61,53.0,3,0,0,2.0
TXN1003010,reminder,2026-05-01 07:37:18,1,4721.61,199.0,2,0,0,1.0
TXN1003010,escalation,2026-05-01 06:31:18,1,4721.61,284.0,2,0,0,15.0
TXN1003011,retry,2026-01-30 07:53:35,0,0.0,,2,1,0,2.0
TXN1003011,reminder,2026-01-30 09:29:35,1,1170.79,32.0,1,0,0,1.0
TXN1003011,escalation,2026-01-30 07:54:35,0,0.0,,1,1,0,15.0
TXN1003012,retry,2026-06-28 08:17:30,1,5960.55,277.0,2,0,0,2.0
TXN1003012,reminder,2026-06-28 06:36:30,0,0.0,,1,1,0,1.0
TXN1003012,escalation,2026-06-28 06:01:30,1,5960.55,49.0,1,0,0,15.0
TXN1003014,retry,2026-06-13 11:27:51,0,0.0,,3,1,0,2.0
TXN1003014,reminder,2026-06-13 08:46:51,1,3453.6,44.0,2,0,0,1.0
TXN1003014,escalation,2026-06-13 10:15:51,1,3453.6,54.0,2,0,0,15.0
TXN1003018,retry,2026-02-10 09:38:15,1,6341.68,325.0,2,0,0,2.0
TXN1003018,reminder,2026-02-10 08:50:15,1,6341.68,71.0,1,0,0,1.0
TXN1003018,escalation,2026-02-10 09:24:15,1,6341.68,250.0,1,0,0,15.0
TXN1003024,retry,2026-01-04 14:21:25,1,18924.27,262.0,3,0,0,2.0
TXN1003024,reminder,2026-01-04 13:10:25,1,18924.27,80.0,2,0,0,1.0
TXN1003024,escalation,2026-01-04 13:32:25,0,0.0,,2,1,0,15.0
TXN1003034,retry,2026-03-27 09:57:27,0,0.0,,3,1,0,2.0
TXN1003034,reminder,2026-03-27 08:19:27,1,2636.38,182.0,2,0,0,1.0
TXN1003034,escalation,2026-03-27 08:46:27,1,2636.38,258.0,2,0,0,15.0
TXN1003035,retry,2026-01-29 13:01:33,0,0.0,,3,1,0,2.0
TXN1003035,reminder,2026-01-29 13:01:33,0,0.0,,2,1,0,1.0
TXN1003035,escalation,2026-01-29 12:49:33,0,0.0,,2,1,0,15.0
TXN1003038,retry,2026-05-05 06:38:26,1,576.64,317.0,3,0,0,2.0
TXN1003038,reminder,2026-05-05 06:06:26,1,576.64,79.0,2,0,0,1.0
TXN1003038,escalation,2026-05-05 05:13:26,1,576.64,116.0,2,0,0,15.0
TXN1003040,retry,2026-06-27 13:21:53,1,655.68,136.0,3,0,0,2.0
TXN1003040,reminder,2026-06-27 15:57:53,1,655.68,214.0,2,0,0,1.0
TXN1003040,escalation,2026-06-27 15:34:53,0,0.0,,2,1,0,15.0
TXN1003041,retry,2026-02-26 04:32:37,0,0.0,,2,1,0,2.0
TXN1003041,reminder,2026-02-26 03:23:37,0,0.0,,1,1,0,1.0
TXN1003041,escalation,2026-02-26 02:20:37,0,0.0,,1,1,0,15.0
TXN1003047,retry,2026-01-21 02:37:23,1,628.92,209.0,4,0,1,2.0
TXN1003047,reminder,2026-01-21 03:23:23,0,0.0,,3,1,0,1.0
TXN1003047,escalation,2026-01-21 03:51:23,1,628.92,155.0,3,0,0,15.0
TXN1003048,retry,2026-02-18 01:16:28,1,2359.65,235.0,2,0,0,2.0
TXN1003048,reminder,2026-02-18 01:21:28,1,2359.65,246.0,1,0,0,1.0
TXN1003048,escalation,2026-02-18 00:38:28,1,2359.65,204.0,1,0,0,15.0
TXN1003049,retry,2026-04-20 02:53:11,1,6244.43,167.0,2,0,0,2.0
TXN1003049,reminder,2026-04-20 03:08:11,0,0.0,,1,1,0,1.0
TXN1003049,escalation,2026-04-20 02:42:11,1,6244.43,151.0,1,0,0,15.0
TXN1003051,retry,2026-04-03 03:35:14,1,2364.68,338.0,2,0,0,2.0
TXN1003051,reminder,2026-04-03 03:46:14,0,0.0,,1,1,0,1.0
TXN1003051,escalation,2026-04-03 03:34:14,0,0.0,,1,1,0,15.0
TXN1003052,retry,2026-03-24 17:02:20,1,35145.83,357.0,3,0,0,2.0
TXN1003052,reminder,2026-03-24 17:43:20,1,35145.83,55.0,2,0,0,1.0
TXN1003052,escalation,2026-03-24 18:06:20,0,0.0,,2,1,0,15.0
TXN1003054,retry,2026-02-16 09:47:42,1,13307.84,124.0,2,0,0,2.0
TXN1003054,reminder,2026-02-16 10:19:42,1,13307.84,306.0,1,0,0,1.0
TXN1003054,escalation,2026-02-16 09:30:42,1,13307.84,150.0,1,0,0,15.0
TXN1003055,retry,2026-06-29 08:00:46,1,15847.16,151.0,2,0,0,2.0
TXN1003055,reminder,2026-06-29 08:36:46,0,0.0,,1,1,0,1.0
TXN1003055,escalation,2026-06-29 06:35:46,1,15847.16,109.0,1,0,0,15.0
TXN1003057,retry,2026-03-01 23:50:55,1,2293.34,164.0,3,0,0,2.0
TXN1003057,reminder,2026-03-01 22:25:55,0,0.0,,2,1,0,1.0
TXN1003057,escalation,2026-03-01 22:46:55,1,2293.34,6.0,2,0,0,15.0
TXN1003058,retry,2026-05-03 02:37:20,1,1874.58,213.0,3,0,0,2.0
TXN1003058,reminder,2026-05-03 01:18:20,1,1874.58,320.0,2,0,0,1.0
TXN1003058,escalation,2026-05-03 02:16:20,1,1874.58,202.0,2,0,0,15.0
TXN1003059,retry,2026-03-31 23:16:57,0,0.0,,2,1,0,2.0
TXN1003059,reminder,2026-03-31 23:35:57,0,0.0,,1,1,0,1.0
TXN1003059,escalation,2026-04-01 00:24:57,0,0.0,,1,1,0,15.0
TXN1003062,retry,2026-02-02 21:49:03,1,3498.95,60.0,3,0,0,2.0
TXN1003062,reminder,2026-02-02 20:12:03,0,0.0,,2,1,0,1.0
TXN1003062,escalation,2026-02-02 21:13:03,0,0.0,,2,1,0,15.0
TXN1003069,retry,2026-05-05 20:24:43,1,11355.51,167.0,2,0,0,2.0
TXN1003069,reminder,2026-05-05 19:45:43,1,11355.51,281.0,1,0,0,1.0
TXN1003069,escalation,2026-05-05 18:11:43,1,11355.51,314.0,1,0,0,15.0
TXN1003071,retry,2026-05-19 00:58:57,1,10646.83,271.0,5,0,1,2.0
TXN1003071,reminder,2026-05-19 02:44:57,0,0.0,,4,1,0,1.0
TXN1003071,escalation,2026-05-19 02:39:57,0,0.0,,4,1,0,15.0
TXN1003072,retry,2026-04-25 03:38:22,0,0.0,,2,1,0,2.0
TXN1003072,reminder,2026-04-25 04:04:22,1,4781.7,109.0,1,0,0,1.0
TXN1003072,escalation,2026-04-25 03:58:22,0,0.0,,1,1,0,15.0
TXN1003076,retry,2026-03-07 19:37:47,1,3139.35,55.0,3,0,0,2.0
TXN1003076,reminder,2026-03-07 18:27:47,0,0.0,,2,1,0,1.0
TXN1003076,escalation,2026-03-07 17:58:47,1,3139.35,330.0,2,0,0,15.0
TXN1003077,retry,2026-02-22 12:36:41,0,0.0,,3,1,0,2.0
TXN1003077,reminder,2026-02-22 12:54:41,1,5572.96,203.0,2,0,0,1.0
TXN1003077,escalation,2026-02-22 12:43:41,0,0.0,,2,1,0,15.0
TXN1003078,retry,2026-03-22 11:07:53,1,1904.69,126.0,2,0,0,2.0
TXN1003078,reminder,2026-03-22 10:48:53,1,1904.69,34.0,1,0,0,1.0
TXN1003078,escalation,2026-03-22 10:47:53,1,1904.69,249.0,1,0,0,15.0
TXN1003079,retry,2026-04-14 16:29:34,1,445.21,15.0,4,0,1,2.0
TXN1003079,reminder,2026-04-14 15:59:34,1,445.21,95.0,3,0,0,1.0
TXN1003079,escalation,2026-04-14 16:33:34,0,0.0,,3,1,1,15.0
TXN1003081,retry,2026-04-18 13:18:09,1,6271.76,345.0,2,0,0,2.0
TXN1003081,reminder,2026-04-18 14:52:09,0,0.0,,1,1,0,1.0
TXN1003081,escalation,2026-04-18 13:42:09,0,0.0,,1,1,0,15.0
TXN1003082,retry,2026-05-04 15:28:25,0,0.0,,5,1,1,2.0
TXN1003082,reminder,2026-05-04 16:23:25,0,0.0,,4,1,0,1.0
TXN1003082,escalation,2026-05-04 15:21:25,1,3571.46,196.0,4,0,0,15.0
TXN1003084,retry,2026-03-30 15:37:00,0,0.0,,2,1,0,2.0
TXN1003084,reminder,2026-03-30 18:12:00,0,0.0,,1,1,0,1.0
TXN1003084,escalation,2026-03-30 16:54:00,0,0.0,,1,1,0,15.0
TXN1003088,retry,2026-02-19 10:37:38,1,10528.53,258.0,2,0,0,2.0
TXN1003088,reminder,2026-02-19 09:24:38,0,0.0,,1,1,0,1.0
TXN1003088,escalation,2026-02-19 07:49:38,1,10528.53,130.0,1,0,0,15.0
TXN1003089,retry,2026-01-09 06:56:50,0,0.0,,3,1,0,2.0
TXN1003089,reminder,2026-01-09 05:50:50,0,0.0,,2,1,0,1.0
TXN1003089,escalation,2026-01-09 04:10:50,0,0.0,,2,1,0,15.0
TXN1003094,retry,2026-01-15 23:27:47,1,15838.18,248.0,3,0,0,2.0
TXN1003094,reminder,2026-01-15 23:20:47,1,15838.18,48.0,2,0,0,1.0
TXN1003094,escalation,2026-01-15 23:53:47,0,0.0,,2,1,0,15.0
TXN1003095,retry,2026-05-02 00:42:55,1,5817.12,18.0,3,0,0,2.0
TXN1003095,reminder,2026-05-02 00:15:55,0,0.0,,2,1,0,1.0
TXN1003095,escalation,2026-05-02 01:18:55,1,5817.12,72.0,2,0,0,15.0
TXN1003099,retry,2026-05-19 21:09:15,1,6727.69,310.0,2,0,0,2.0
TXN1003099,reminder,2026-05-19 21:10:15,1,6727.69,317.0,1,0,0,1.0
TXN1003099,escalation,2026-05-19 20:39:15,1,6727.69,319.0,1,0,0,15.0
TXN1003104,retry,2026-02-17 07:24:42,1,1410.45,159.0,2,0,0,2.0
TXN1003104,reminder,2026-02-17 06:33:42,1,1410.45,189.0,1,0,0,1.0
TXN1003104,escalation,2026-02-17 05:44:42,0,0.0,,1,1,0,15.0
TXN1003106,retry,2026-05-12 12:28:35,0,0.0,,2,1,0,2.0
TXN1003106,reminder,2026-05-12 13:44:35,0,0.0,,1,1,0,1.0
TXN1003106,escalation,2026-05-12 13:32:35,0,0.0,,1,1,0,15.0
TXN1003109,retry,2026-03-17 10:06:20,0,0.0,,3,1,0,2.0
TXN1003109,reminder,2026-03-17 08:28:20,1,6242.54,18.0,2,0,0,1.0
TXN1003109,escalation,2026-03-17 09:34:20,1,6242.54,212.0,2,0,0,15.0
TXN1003113,retry,2026-04-05 18:09:51,1,1414.72,51.0,3,0,0,2.0
TXN1003113,reminder,2026-04-05 17:02:51,0,0.0,,2,1,0,1.0
TXN1003113,escalation,2026-04-05 17:11:51,0,0.0,,2,1,0,15.0
TXN1003118,retry,2026-06-08 07:02:57,1,1411.68,248.0,5,0,1,2.0
TXN1003118,reminder,2026-06-08 07:38:57,0,0.0,,4,1,0,1.0
TXN1003118,escalation,2026-06-08 06:16:57,0,0.0,,4,1,0,15.0
TXN1003119,retry,2026-04-30 19:10:15,1,2227.85,21.0,3,0,0,2.0
TXN1003119,reminder,2026-04-30 20:41:15,1,2227.85,119.0,2,0,0,1.0
TXN1003119,escalation,2026-04-30 19:41:15,0,0.0,,2,1,0,15.0
TXN1003121,retry,2026-04-12 07:18:44,1,1470.38,117.0,2,0,0,2.0
TXN1003121,reminder,2026-04-12 07:31:44,1,1470.38,259.0,1,0,0,1.0
TXN1003121,escalation,2026-04-12 06:44:44,0,0.0,,1,1,0,15.0
TXN1003125,retry,2026-02-28 14:03:00,1,2082.83,139.0,2,0,0,2.0
TXN1003125,reminder,2026-02-28 14:57:00,1,2082.83,68.0,1,0,0,1.0
TXN1003125,escalation,2026-02-28 16:34:00,0,0.0,,1,1,0,15.0
TXN1003128,retry,2026-02-27 05:40:11,1,8306.51,273.0,2,0,0,2.0
TXN1003128,reminder,2026-02-27 06:23:11,1,8306.51,337.0,1,0,0,1.0
TXN1003128,escalation,2026-02-27 05:19:11,1,8306.51,302.0,1,0,0,15.0
TXN1003129,retry,2026-06-15 22:58:38,1,751.45,114.0,2,0,0,2.0
TXN1003129,reminder,2026-06-15 22:16:38,0,0.0,,1,1,0,1.0
TXN1003129,escalation,2026-06-15 20:54:38,0,0.0,,1,1,0,15.0
TXN1003130,retry,2026-05-26 20:06:20,1,854.45,215.0,2,0,0,2.0
TXN1003130,reminder,2026-05-26 20:03:20,1,854.45,304.0,1,0,0,1.0
TXN1003130,escalation,2026-05-26 19:48:20,1,854.45,72.0,1,0,0,15.0
TXN1003136,retry,2026-04-02 06:15:28,0,0.0,,2,1,0,2.0
TXN1003136,reminder,2026-04-02 07:53:28,0,0.0,,1,1,0,1.0
TXN1003136,escalation,2026-04-02 06:41:28,1,10652.98,33.0,1,0,0,15.0
TXN1003141,retry,2026-05-28 21:12:11,0,0.0,,3,1,0,2.0
TXN1003141,reminder,2026-05-28 21:18:11,0,0.0,,2,1,0,1.0
TXN1003141,escalation,2026-05-28 21:49:11,0,0.0,,2,1,0,15.0
TXN1003143,retry,2026-06-01 16:03:46,0,0.0,,2,1,0,2.0
TXN1003143,reminder,2026-06-01 17:29:46,0,0.0,,1,1,0,1.0
TXN1003143,escalation,2026-06-01 17:18:46,1,3037.72,290.0,1,0,0,15.0
TXN1003148,retry,2026-06-25 22:57:38,1,2445.17,165.0,3,0,0,2.0
TXN1003148,reminder,2026-06-26 01:23:38,0,0.0,,2,1,0,1.0
TXN1003148,escalation,2026-06-25 23:12:38,1,2445.17,298.0,2,0,0,15.0
TXN1003149,retry,2026-03-09 17:40:38,0,0.0,,4,1,1,2.0
TXN1003149,reminder,2026-03-09 17:26:38,0,0.0,,3,1,0,1.0
TXN1003149,escalation,2026-03-09 16:44:38,1,2346.66,333.0,3,0,0,15.0
TXN1003151,retry,2026-02-28 08:50:01,1,5031.31,333.0,2,0,0,2.0
TXN1003151,reminder,2026-02-28 09:14:01,0,0.0,,1,1,0,1.0
TXN1003151,escalation,2026-02-28 10:03:01,1,5031.31,64.0,1,0,0,15.0
TXN1003152,retry,2026-02-15 13:35:18,1,7091.39,50.0,3,0,0,2.0
TXN1003152,reminder,2026-02-15 12:13:18,0,0.0,,2,1,0,1.0
TXN1003152,escalation,2026-02-15 13:25:18,1,7091.39,181.0,2,0,0,15.0
TXN1003154,retry,2026-06-22 19:43:36,1,650.81,102.0,2,0,0,2.0
TXN1003154,reminder,2026-06-22 21:26:36,1,650.81,199.0,1,0,0,1.0
TXN1003154,escalation,2026-06-22 21:36:36,1,650.81,90.0,1,0,0,15.0
TXN1003155,retry,2026-01-13 07:36:32,1,18101.85,198.0,2,0,0,2.0
TXN1003155,reminder,2026-01-13 07:18:32,0,0.0,,1,1,0,1.0
TXN1003155,escalation,2026-01-13 06:28:32,1,18101.85,146.0,1,0,0,15.0
TXN1003156,retry,2026-03-31 06:39:58,1,2586.37,254.0,3,0,0,2.0
TXN1003156,reminder,2026-03-31 05:15:58,0,0.0,,2,1,0,1.0
TXN1003156,escalation,2026-03-31 04:05:58,0,0.0,,2,1,0,15.0
TXN1003159,retry,2026-04-21 13:10:59,0,0.0,,2,1,0,2.0
TXN1003159,reminder,2026-04-21 13:14:59,1,2503.8,280.0,1,0,0,1.0
TXN1003159,escalation,2026-04-21 13:01:59,1,2503.8,155.0,1,0,0,15.0
TXN1003160,retry,2026-02-14 17:13:13,1,20651.03,49.0,2,0,0,2.0
TXN1003160,reminder,2026-02-14 17:16:13,0,0.0,,1,1,0,1.0
TXN1003160,escalation,2026-02-14 17:49:13,1,20651.03,83.0,1,0,0,15.0
TXN1003161,retry,2026-02-16 20:01:21,1,17674.8,358.0,2,0,0,2.0
TXN1003161,reminder,2026-02-16 20:10:21,1,17674.8,173.0,1,0,0,1.0
TXN1003161,escalation,2026-02-16 18:24:21,1,17674.8,297.0,1,0,0,15.0
TXN1003162,retry,2026-06-29 08:32:36,1,12861.62,285.0,2,0,0,2.0
TXN1003162,reminder,2026-06-29 08:35:36,1,12861.62,314.0,1,0,0,1.0
TXN1003162,escalation,2026-06-29 09:19:36,1,12861.62,210.0,1,0,0,15.0
TXN1003163,retry,2026-03-30 05:36:26,1,7045.17,216.0,2,0,0,2.0
TXN1003163,reminder,2026-03-30 05:55:26,1,7045.17,208.0,1,0,0,1.0
TXN1003163,escalation,2026-03-30 07:30:26,1,7045.17,6.0,1,0,0,15.0
TXN1003171,retry,2026-05-30 20:45:49,0,0.0,,5,1,1,2.0
TXN1003171,reminder,2026-05-30 20:44:49,0,0.0,,4,1,0,1.0
TXN1003171,escalation,2026-05-30 20:16:49,0,0.0,,4,1,0,15.0
TXN1003176,retry,2026-02-11 09:55:57,1,6320.36,304.0,2,0,0,2.0
TXN1003176,reminder,2026-02-11 10:57:57,0,0.0,,1,1,0,1.0
TXN1003176,escalation,2026-02-11 12:23:57,0,0.0,,1,1,0,15.0
TXN1003181,retry,2026-05-19 03:04:19,0,0.0,,4,1,1,2.0
TXN1003181,reminder,2026-05-19 02:05:19,1,2985.22,297.0,3,0,0,1.0
TXN1003181,escalation,2026-05-19 03:29:19,1,2985.22,187.0,3,0,0,15.0
TXN1003182,retry,2026-03-23 14:11:04,1,2756.34,207.0,2,0,0,2.0
TXN1003182,reminder,2026-03-23 14:47:04,1,2756.34,330.0,1,0,0,1.0
TXN1003182,escalation,2026-03-23 14:02:04,0,0.0,,1,1,0,15.0
TXN1003185,retry,2026-01-06 03:22:22,0,0.0,,3,1,0,2.0
TXN1003185,reminder,2026-01-06 05:03:22,1,11911.15,191.0,2,0,0,1.0
TXN1003185,escalation,2026-01-06 04:58:22,1,11911.15,245.0,2,0,0,15.0
TXN1003186,retry,2026-03-10 10:33:07,1,3609.78,194.0,4,0,1,2.0
TXN1003186,reminder,2026-03-10 10:13:07,0,0.0,,3,1,0,1.0
TXN1003186,escalation,2026-03-10 11:20:07,1,3609.78,111.0,3,0,0,15.0
TXN1003188,retry,2026-02-26 07:24:17,1,15656.12,204.0,3,0,0,2.0
TXN1003188,reminder,2026-02-26 07:48:17,1,15656.12,24.0,2,0,0,1.0
TXN1003188,escalation,2026-02-26 06:19:17,1,15656.12,218.0,2,0,0,15.0
TXN1003189,retry,2026-06-24 14:41:37,1,34998.12,326.0,2,0,0,2.0
TXN1003189,reminder,2026-06-24 14:29:37,0,0.0,,1,1,0,1.0
TXN1003189,escalation,2026-06-24 13:15:37,1,34998.12,286.0,1,0,0,15.0
TXN1003191,retry,2026-02-17 18:36:05,0,0.0,,3,1,0,2.0
TXN1003191,reminder,2026-02-17 19:06:05,0,0.0,,2,1,0,1.0
TXN1003191,escalation,2026-02-17 18:39:05,1,3074.95,32.0,2,0,0,15.0
TXN1003192,retry,2026-04-17 19:04:45,1,6371.11,345.0,3,0,0,2.0
TXN1003192,reminder,2026-04-17 19:38:45,1,6371.11,130.0,2,0,0,1.0
TXN1003192,escalation,2026-04-17 21:16:45,0,0.0,,2,1,0,15.0
TXN1003194,retry,2026-06-13 22:53:34,1,1920.45,357.0,2,0,0,2.0
TXN1003194,reminder,2026-06-13 23:38:34,1,1920.45,29.0,1,0,0,1.0
TXN1003194,escalation,2026-06-13 23:43:34,1,1920.45,358.0,1,0,0,15.0
TXN1003195,retry,2026-01-14 22:22:50,1,2059.27,342.0,2,0,0,2.0
TXN1003195,reminder,2026-01-14 23:45:50,0,0.0,,1,1,0,1.0
TXN1003195,escalation,2026-01-14 22:56:50,0,0.0,,1,1,0,15.0
TXN1003196,retry,2026-03-30 09:25:39,0,0.0,,3,1,0,2.0
TXN1003196,reminder,2026-03-30 08:46:39,0,0.0,,2,1,0,1.0
TXN1003196,escalation,2026-03-30 09:44:39,0,0.0,,2,1,0,15.0
TXN1003198,retry,2026-02-22 22:16:07,1,13574.43,138.0,2,0,0,2.0
TXN1003198,reminder,2026-02-22 21:56:07,1,13574.43,76.0,1,0,0,1.0
TXN1003198,escalation,2026-02-22 23:22:07,0,0.0,,1,1,0,15.0
TXN1003199,retry,2026-01-11 08:43:33,1,9215.08,92.0,2,0,0,2.0
TXN1003199,reminder,2026-01-11 09:12:33,1,9215.08,217.0,1,0,0,1.0
TXN1003199,escalation,2026-01-11 08:55:33,1,9215.08,210.0,1,0,0,15.0
TXN1003204,retry,2026-03-21 00:35:54,1,916.73,226.0,3,0,0,2.0
TXN1003204,reminder,2026-03-21 01:16:54,1,916.73,277.0,2,0,0,1.0
TXN1003204,escalation,2026-03-20 23:37:54,1,916.73,76.0,2,0,0,15.0
TXN1003205,retry,2026-02-17 17:26:04,1,9885.82,353.0,2,0,0,2.0
TXN1003205,reminder,2026-02-17 15:58:04,0,0.0,,1,1,0,1.0
TXN1003205,escalation,2026-02-17 17:47:04,1,9885.82,313.0,1,0,0,15.0
TXN1003207,retry,2026-02-23 17:59:29,1,1971.55,314.0,3,0,0,2.0
TXN1003207,reminder,2026-02-23 15:52:29,1,1971.55,173.0,2,0,0,1.0
TXN1003207,escalation,2026-02-23 17:23:29,1,1971.55,14.0,2,0,0,15.0
TXN1003210,retry,2026-06-19 19:13:58,1,34864.19,259.0,3,0,0,2.0
TXN1003210,reminder,2026-06-19 19:55:58,0,0.0,,2,1,0,1.0
TXN1003210,escalation,2026-06-19 19:47:58,1,34864.19,277.0,2,0,0,15.0
TXN1003214,retry,2026-01-09 09:48:40,1,8471.76,99.0,3,0,0,2.0
TXN1003214,reminder,2026-01-09 11:03:40,1,8471.76,75.0,2,0,0,1.0
TXN1003214,escalation,2026-01-09 09:47:40,0,0.0,,2,1,0,15.0
TXN1003215,retry,2026-02-16 20:09:27,1,7227.49,234.0,3,0,0,2.0
TXN1003215,reminder,2026-02-16 17:46:27,1,7227.49,356.0,2,0,0,1.0
TXN1003215,escalation,2026-02-16 17:56:27,0,0.0,,2,1,0,15.0
TXN1003216,retry,2026-01-03 02:50:10,1,3465.29,273.0,3,0,0,2.0
TXN1003216,reminder,2026-01-03 03:08:10,1,3465.29,33.0,2,0,0,1.0
TXN1003216,escalation,2026-01-03 03:00:10,0,0.0,,2,1,0,15.0
TXN1003218,retry,2026-06-26 09:03:41,1,2408.63,199.0,4,0,1,2.0
TXN1003218,reminder,2026-06-26 08:07:41,0,0.0,,3,1,0,1.0
TXN1003218,escalation,2026-06-26 06:35:41,0,0.0,,3,1,0,15.0
TXN1003223,retry,2026-04-25 06:40:14,1,6237.49,10.0,4,0,1,2.0
TXN1003223,reminder,2026-04-25 07:27:14,0,0.0,,3,1,0,1.0
TXN1003223,escalation,2026-04-25 09:13:14,1,6237.49,293.0,3,0,0,15.0
TXN1003224,retry,2026-03-01 12:15:38,1,2830.56,288.0,3,0,0,2.0
TXN1003224,reminder,2026-03-01 13:28:38,0,0.0,,2,1,0,1.0
TXN1003224,escalation,2026-03-01 11:35:38,1,2830.56,155.0,2,0,0,15.0
TXN1003225,retry,2026-06-29 07:04:18,0,0.0,,2,1,0,2.0
TXN1003225,reminder,2026-06-29 08:36:18,0,0.0,,1,1,0,1.0
TXN1003225,escalation,2026-06-29 08:48:18,0,0.0,,1,1,0,15.0
TXN1003226,retry,2026-05-17 00:51:44,1,30365.36,8.0,2,0,0,2.0
TXN1003226,reminder,2026-05-17 00:39:44,0,0.0,,1,1,0,1.0
TXN1003226,escalation,2026-05-17 00:53:44,1,30365.36,39.0,1,0,0,15.0
TXN1003227,retry,2026-02-16 12:40:00,0,0.0,,4,1,1,2.0
TXN1003227,reminder,2026-02-16 13:33:00,0,0.0,,3,1,0,1.0
TXN1003227,escalation,2026-02-16 13:10:00,0,0.0,,3,1,0,15.0
TXN1003228,retry,2026-04-26 10:46:48,1,3653.53,241.0,3,0,0,2.0
TXN1003228,reminder,2026-04-26 11:43:48,1,3653.53,168.0,2,0,0,1.0
TXN1003228,escalation,2026-04-26 11:03:48,1,3653.53,148.0,2,0,0,15.0
TXN1003229,retry,2026-06-15 19:34:16,0,0.0,,4,1,1,2.0
TXN1003229,reminder,2026-06-15 19:12:16,0,0.0,,3,1,0,1.0
TXN1003229,escalation,2026-06-15 19:32:16,0,0.0,,3,1,0,15.0
TXN1003234,retry,2026-05-31 21:09:40,1,36534.48,30.0,2,0,0,2.0
TXN1003234,reminder,2026-05-31 18:48:40,1,36534.48,146.0,1,0,0,1.0
TXN1003234,escalation,2026-05-31 21:23:40,0,0.0,,1,1,0,15.0
TXN1003235,retry,2026-01-14 09:03:18,1,5060.66,23.0,2,0,0,2.0
TXN1003235,reminder,2026-01-14 09:22:18,0,0.0,,1,1,0,1.0
TXN1003235,escalation,2026-01-14 10:18:18,1,5060.66,54.0,1,0,0,15.0
TXN1003236,retry,2026-05-08 11:56:33,1,16293.6,29.0,2,0,0,2.0
TXN1003236,reminder,2026-05-08 12:35:33,0,0.0,,1,1,0,1.0
TXN1003236,escalation,2026-05-08 12:50:33,0,0.0,,1,1,0,15.0
TXN1003239,retry,2026-04-03 08:34:22,1,6698.26,166.0,2,0,0,2.0
TXN1003239,reminder,2026-04-03 08:40:22,1,6698.26,173.0,1,0,0,1.0
TXN1003239,escalation,2026-04-03 08:36:22,1,6698.26,46.0,1,0,0,15.0
TXN1003240,retry,2026-02-05 11:47:15,0,0.0,,2,1,0,2.0
TXN1003240,reminder,2026-02-05 11:48:15,0,0.0,,1,1,0,1.0
TXN1003240,escalation,2026-02-05 12:58:15,1,5918.5,8.0,1,0,0,15.0
TXN1003242,retry,2026-02-24 18:38:11,0,0.0,,2,1,0,2.0
TXN1003242,reminder,2026-02-24 17:16:11,1,5890.42,225.0,1,0,0,1.0
TXN1003242,escalation,2026-02-24 16:56:11,0,0.0,,1,1,0,15.0
TXN1003243,retry,2026-05-29 04:37:04,1,4982.8,162.0,2,0,0,2.0
TXN1003243,reminder,2026-05-29 06:07:04,1,4982.8,241.0,1,0,0,1.0
TXN1003243,escalation,2026-05-29 06:06:04,1,4982.8,327.0,1,0,0,15.0
TXN1003246,retry,2026-02-24 21:21:49,1,5337.4,258.0,2,0,0,2.0
TXN1003246,reminder,2026-02-24 21:49:49,1,5337.4,40.0,1,0,0,1.0
TXN1003246,escalation,2026-02-24 22:59:49,1,5337.4,320.0,1,0,0,15.0
TXN1003247,retry,2026-06-24 07:09:43,0,0.0,,3,1,0,2.0
TXN1003247,reminder,2026-06-24 06:09:43,1,3057.78,295.0,2,0,0,1.0
TXN1003247,escalation,2026-06-24 07:09:43,0,0.0,,2,1,0,15.0
TXN1003248,retry,2026-02-06 07:02:34,0,0.0,,2,1,0,2.0
TXN1003248,reminder,2026-02-06 06:56:34,0,0.0,,1,1,0,1.0
TXN1003248,escalation,2026-02-06 08:04:34,1,1349.25,269.0,1,0,0,15.0
TXN1003249,retry,2026-05-30 04:42:35,1,13604.39,83.0,3,0,0,2.0
TXN1003249,reminder,2026-05-30 04:21:35,1,13604.39,101.0,2,0,0,1.0
TXN1003249,escalation,2026-05-30 05:48:35,1,13604.39,181.0,2,0,0,15.0
TXN1003250,retry,2026-05-02 09:35:06,0,0.0,,2,1,0,2.0
TXN1003250,reminder,2026-05-02 08:07:06,1,2672.49,126.0,1,0,0,1.0
TXN1003250,escalation,2026-05-02 07:59:06,1,2672.49,98.0,1,0,0,15.0
TXN1003253,retry,2026-04-15 18:26:25,1,6647.58,288.0,2,0,0,2.0
TXN1003253,reminder,2026-04-15 19:49:25,1,6647.58,248.0,1,0,0,1.0
TXN1003253,escalation,2026-04-15 18:49:25,0,0.0,,1,1,0,15.0
TXN1003256,retry,2026-04-21 08:30:00,1,2482.92,323.0,2,0,0,2.0
TXN1003256,reminder,2026-04-21 10:18:00,0,0.0,,1,1,0,1.0
TXN1003256,escalation,2026-04-21 09:16:00,0,0.0,,1,1,0,15.0
TXN1003257,retry,2026-01-10 21:58:44,0,0.0,,4,1,1,2.0
TXN1003257,reminder,2026-01-10 22:57:44,0,0.0,,3,1,0,1.0
TXN1003257,escalation,2026-01-10 23:10:44,0,0.0,,3,1,0,15.0
TXN1003260,retry,2026-01-13 08:38:26,0,0.0,,3,1,0,2.0
TXN1003260,reminder,2026-01-13 08:01:26,0,0.0,,2,1,0,1.0
TXN1003260,escalation,2026-01-13 08:48:26,0,0.0,,2,1,0,15.0
TXN1003263,retry,2026-06-04 13:22:25,0,0.0,,2,1,0,2.0
TXN1003263,reminder,2026-06-04 13:17:25,1,5696.72,6.0,1,0,0,1.0
TXN1003263,escalation,2026-06-04 13:08:25,0,0.0,,1,1,0,15.0
TXN1003264,retry,2026-05-26 20:59:54,0,0.0,,4,1,1,2.0
TXN1003264,reminder,2026-05-26 19:08:54,0,0.0,,3,1,0,1.0
TXN1003264,escalation,2026-05-26 20:02:54,1,16069.72,149.0,3,0,0,15.0
TXN1003266,retry,2026-03-20 15:12:26,1,16880.76,38.0,2,0,0,2.0
TXN1003266,reminder,2026-03-20 15:25:26,1,16880.76,18.0,1,0,0,1.0
TXN1003266,escalation,2026-03-20 17:21:26,0,0.0,,1,1,0,15.0
TXN1003269,retry,2026-06-09 17:02:28,1,3352.5,315.0,3,0,0,2.0
TXN1003269,reminder,2026-06-09 15:38:28,1,3352.5,87.0,2,0,0,1.0
TXN1003269,escalation,2026-06-09 15:14:28,1,3352.5,117.0,2,0,0,15.0
TXN1003271,retry,2026-04-08 15:37:07,0,0.0,,2,1,0,2.0
TXN1003271,reminder,2026-04-08 16:11:07,1,3683.36,290.0,1,0,0,1.0
TXN1003271,escalation,2026-04-08 13:44:07,0,0.0,,1,1,0,15.0
TXN1003276,retry,2026-04-30 07:52:54,1,16440.86,236.0,2,0,0,2.0
TXN1003276,reminder,2026-04-30 05:59:54,1,16440.86,312.0,1,0,0,1.0
TXN1003276,escalation,2026-04-30 07:47:54,1,16440.86,104.0,1,0,0,15.0
TXN1003277,retry,2026-03-06 08:43:56,0,0.0,,2,1,0,2.0
TXN1003277,reminder,2026-03-06 09:48:56,1,6331.77,41.0,1,0,0,1.0
TXN1003277,escalation,2026-03-06 07:52:56,1,6331.77,71.0,1,0,0,15.0
TXN1003278,retry,2026-04-26 21:24:45,0,0.0,,3,1,0,2.0
TXN1003278,reminder,2026-04-26 22:28:45,0,0.0,,2,1,0,1.0
TXN1003278,escalation,2026-04-26 22:23:45,1,7331.46,110.0,2,0,0,15.0
TXN1003282,retry,2026-04-06 22:35:38,1,1353.81,102.0,3,0,0,2.0
TXN1003282,reminder,2026-04-06 23:33:38,1,1353.81,132.0,2,0,0,1.0
TXN1003282,escalation,2026-04-06 23:31:38,1,1353.81,152.0,2,0,0,15.0
TXN1003283,retry,2026-06-23 01:49:50,1,2010.49,207.0,2,0,0,2.0
TXN1003283,reminder,2026-06-23 02:57:50,1,2010.49,340.0,1,0,0,1.0
TXN1003283,escalation,2026-06-23 03:40:50,1,2010.49,307.0,1,0,0,15.0
TXN1003284,retry,2026-03-07 00:05:39,0,0.0,,3,1,0,2.0
TXN1003284,reminder,2026-03-07 00:07:39,0,0.0,,2,1,0,1.0
TXN1003284,escalation,2026-03-07 01:17:39,0,0.0,,2,1,0,15.0
TXN1003286,retry,2026-02-03 23:59:32,1,7458.6,96.0,2,0,0,2.0
TXN1003286,reminder,2026-02-03 23:49:32,0,0.0,,1,1,0,1.0
TXN1003286,escalation,2026-02-03 21:56:32,0,0.0,,1,1,0,15.0
TXN1003293,retry,2026-03-06 13:30:18,1,4855.2,238.0,2,0,0,2.0
TXN1003293,reminder,2026-03-06 13:31:18,1,4855.2,209.0,1,0,0,1.0
TXN1003293,escalation,2026-03-06 13:28:18,1,4855.2,36.0,1,0,0,15.0
TXN1003301,retry,2026-02-24 00:54:42,1,19221.36,29.0,2,0,0,2.0
TXN1003301,reminder,2026-02-24 00:50:42,0,0.0,,1,1,0,1.0
TXN1003301,escalation,2026-02-24 02:38:42,1,19221.36,217.0,1,0,0,15.0
TXN1003303,retry,2026-03-22 23:41:21,1,2044.13,99.0,3,0,0,2.0
TXN1003303,reminder,2026-03-23 01:17:21,0,0.0,,2,1,0,1.0
TXN1003303,escalation,2026-03-23 00:15:21,1,2044.13,190.0,2,0,0,15.0
TXN1003305,retry,2026-04-04 05:19:18,1,10453.43,199.0,2,0,0,2.0
TXN1003305,reminder,2026-04-04 06:02:18,0,0.0,,1,1,0,1.0
TXN1003305,escalation,2026-04-04 05:16:18,1,10453.43,199.0,1,0,0,15.0
TXN1003307,retry,2026-02-24 10:03:43,1,10774.63,9.0,3,0,0,2.0
TXN1003307,reminder,2026-02-24 08:38:43,1,10774.63,110.0,2,0,0,1.0
TXN1003307,escalation,2026-02-24 09:01:43,1,10774.63,293.0,2,0,0,15.0
TXN1003309,retry,2026-05-06 17:05:00,1,6093.21,295.0,5,0,1,2.0
TXN1003309,reminder,2026-05-06 15:46:00,0,0.0,,4,1,0,1.0
TXN1003309,escalation,2026-05-06 16:13:00,0,0.0,,4,1,0,15.0
TXN1003311,retry,2026-06-02 14:12:48,1,1622.01,236.0,3,0,0,2.0
TXN1003311,reminder,2026-06-02 12:27:48,1,1622.01,177.0,2,0,0,1.0
TXN1003311,escalation,2026-06-02 11:59:48,0,0.0,,2,1,0,15.0
TXN1003319,retry,2026-01-14 05:34:46,1,2438.9,152.0,2,0,0,2.0
TXN1003319,reminder,2026-01-14 04:56:46,1,2438.9,278.0,1,0,0,1.0
TXN1003319,escalation,2026-01-14 04:01:46,1,2438.9,103.0,1,0,0,15.0
TXN1003321,retry,2026-05-20 15:21:54,0,0.0,,3,1,0,2.0
TXN1003321,reminder,2026-05-20 14:17:54,0,0.0,,2,1,0,1.0
TXN1003321,escalation,2026-05-20 13:14:54,0,0.0,,2,1,0,15.0
TXN1003322,retry,2026-04-21 09:37:55,1,5441.14,3.0,2,0,0,2.0
TXN1003322,reminder,2026-04-21 11:47:55,0,0.0,,1,1,0,1.0
TXN1003322,escalation,2026-04-21 11:32:55,0,0.0,,1,1,0,15.0
TXN1003324,retry,2026-06-03 10:03:58,1,2138.89,262.0,2,0,0,2.0
TXN1003324,reminder,2026-06-03 10:23:58,1,2138.89,136.0,1,0,0,1.0
TXN1003324,escalation,2026-06-03 11:44:58,0,0.0,,1,1,0,15.0
TXN1003327,retry,2026-01-10 05:12:26,1,8275.2,176.0,2,0,0,2.0
TXN1003327,reminder,2026-01-10 03:53:26,0,0.0,,1,1,0,1.0
TXN1003327,escalation,2026-01-10 05:03:26,1,8275.2,345.0,1,0,0,15.0
TXN1003328,retry,2026-06-02 21:41:25,1,2281.75,230.0,2,0,0,2.0
TXN1003328,reminder,2026-06-02 21:01:25,1,2281.75,229.0,1,0,0,1.0
TXN1003328,escalation,2026-06-02 21:38:25,0,0.0,,1,1,0,15.0
TXN1003333,retry,2026-01-12 14:06:22,1,5775.95,327.0,3,0,0,2.0
TXN1003333,reminder,2026-01-12 15:13:22,0,0.0,,2,1,0,1.0
TXN1003333,escalation,2026-01-12 13:33:22,0,0.0,,2,1,0,15.0
TXN1003334,retry,2026-03-09 13:58:24,0,0.0,,2,1,0,2.0
TXN1003334,reminder,2026-03-09 13:57:24,1,4318.28,152.0,1,0,0,1.0
TXN1003334,escalation,2026-03-09 13:02:24,0,0.0,,1,1,0,15.0
TXN1003338,retry,2026-01-29 21:38:23,1,12746.51,320.0,2,0,0,2.0
TXN1003338,reminder,2026-01-29 20:54:23,1,12746.51,88.0,1,0,0,1.0
TXN1003338,escalation,2026-01-29 21:49:23,0,0.0,,1,1,0,15.0
TXN1003340,retry,2026-02-17 09:24:24,1,21744.1,173.0,2,0,0,2.0
TXN1003340,reminder,2026-02-17 09:00:24,0,0.0,,1,1,0,1.0
TXN1003340,escalation,2026-02-17 08:15:24,0,0.0,,1,1,0,15.0
TXN1003341,retry,2026-03-04 20:30:05,0,0.0,,3,1,0,2.0
TXN1003341,reminder,2026-03-04 21:40:05,0,0.0,,2,1,0,1.0
TXN1003341,escalation,2026-03-04 20:39:05,0,0.0,,2,1,0,15.0
TXN1003344,retry,2026-04-26 06:45:37,1,3481.96,110.0,3,0,0,2.0
TXN1003344,reminder,2026-04-26 06:13:37,1,3481.96,96.0,2,0,0,1.0
TXN1003344,escalation,2026-04-26 05:20:37,0,0.0,,2,1,0,15.0
TXN1003345,retry,2026-01-27 18:16:20,0,0.0,,3,1,0,2.0
TXN1003345,reminder,2026-01-27 18:00:20,1,10092.92,202.0,2,0,0,1.0
TXN1003345,escalation,2026-01-27 16:49:20,1,10092.92,82.0,2,0,0,15.0
TXN1003350,retry,2026-03-09 03:42:36,1,3541.42,161.0,3,0,0,2.0
TXN1003350,reminder,2026-03-09 02:29:36,1,3541.42,178.0,2,0,0,1.0
TXN1003350,escalation,2026-03-09 03:11:36,0,0.0,,2,1,0,15.0
TXN1003352,retry,2026-02-13 02:22:15,0,0.0,,4,1,1,2.0
TXN1003352,reminder,2026-02-13 01:25:15,0,0.0,,3,1,0,1.0
TXN1003352,escalation,2026-02-13 03:32:15,1,2477.4,136.0,3,0,0,15.0
TXN1003354,retry,2026-01-20 05:53:53,0,0.0,,2,1,0,2.0
TXN1003354,reminder,2026-01-20 04:47:53,0,0.0,,1,1,0,1.0
TXN1003354,escalation,2026-01-20 03:59:53,0,0.0,,1,1,0,15.0
TXN1003355,retry,2026-06-27 16:49:07,1,14370.74,343.0,2,0,0,2.0
TXN1003355,reminder,2026-06-27 17:08:07,1,14370.74,324.0,1,0,0,1.0
TXN1003355,escalation,2026-06-27 16:14:07,0,0.0,,1,1,0,15.0
TXN1003357,retry,2026-06-09 06:41:28,1,5141.74,301.0,2,0,0,2.0
TXN1003357,reminder,2026-06-09 07:03:28,1,5141.74,336.0,1,0,0,1.0
TXN1003357,escalation,2026-06-09 07:06:28,0,0.0,,1,1,0,15.0
TXN1003358,retry,2026-04-24 07:55:15,0,0.0,,2,1,0,2.0
TXN1003358,reminder,2026-04-24 06:04:15,0,0.0,,1,1,0,1.0
TXN1003358,escalation,2026-04-24 08:37:15,0,0.0,,1,1,0,15.0
TXN1003359,retry,2026-05-07 20:49:26,1,14870.47,124.0,2,0,0,2.0
TXN1003359,reminder,2026-05-07 20:37:26,1,14870.47,246.0,1,0,0,1.0
TXN1003359,escalation,2026-05-07 21:50:26,1,14870.47,315.0,1,0,0,15.0
TXN1003361,retry,2026-06-07 08:17:41,1,7341.96,350.0,2,0,0,2.0
TXN1003361,reminder,2026-06-07 06:04:41,1,7341.96,146.0,1,0,0,1.0
TXN1003361,escalation,2026-06-07 06:12:41,0,0.0,,1,1,0,15.0
TXN1003364,retry,2026-02-03 15:29:51,1,3085.97,279.0,2,0,0,2.0
TXN1003364,reminder,2026-02-03 16:28:51,0,0.0,,1,1,0,1.0
TXN1003364,escalation,2026-02-03 15:12:51,0,0.0,,1,1,0,15.0
TXN1003365,retry,2026-06-06 11:46:05,1,5174.03,149.0,2,0,0,2.0
TXN1003365,reminder,2026-06-06 11:54:05,1,5174.03,338.0,1,0,0,1.0
TXN1003365,escalation,2026-06-06 10:12:05,1,5174.03,79.0,1,0,0,15.0
TXN1003368,retry,2026-05-13 04:12:50,1,4469.33,67.0,2,0,0,2.0
TXN1003368,reminder,2026-05-13 02:05:50,1,4469.33,299.0,1,0,0,1.0
TXN1003368,escalation,2026-05-13 02:11:50,1,4469.33,262.0,1,0,0,15.0
TXN1003374,retry,2026-04-02 00:52:26,1,2693.2,9.0,3,0,0,2.0
TXN1003374,reminder,2026-04-02 03:08:26,1,2693.2,212.0,2,0,0,1.0
TXN1003374,escalation,2026-04-02 02:50:26,0,0.0,,2,1,0,15.0
TXN1003376,retry,2026-04-29 07:36:04,1,9960.06,219.0,3,0,0,2.0
TXN1003376,reminder,2026-04-29 08:01:04,0,0.0,,2,1,0,1.0
TXN1003376,escalation,2026-04-29 08:00:04,0,0.0,,2,1,0,15.0
TXN1003378,retry,2026-04-07 09:55:43,1,2457.19,279.0,2,0,0,2.0
TXN1003378,reminder,2026-04-07 10:33:43,0,0.0,,1,1,0,1.0
TXN1003378,escalation,2026-04-07 08:53:43,0,0.0,,1,1,0,15.0
TXN1003380,retry,2026-06-17 15:54:53,1,1936.8,98.0,2,0,0,2.0
TXN1003380,reminder,2026-06-17 17:31:53,0,0.0,,1,1,0,1.0
TXN1003380,escalation,2026-06-17 17:05:53,0,0.0,,1,1,0,15.0
TXN1003381,retry,2026-06-11 20:04:14,1,11044.61,60.0,2,0,0,2.0
TXN1003381,reminder,2026-06-11 21:25:14,0,0.0,,1,1,0,1.0
TXN1003381,escalation,2026-06-11 21:16:14,0,0.0,,1,1,0,15.0
TXN1003382,retry,2026-01-24 04:42:49,1,1971.99,69.0,2,0,0,2.0
TXN1003382,reminder,2026-01-24 03:57:49,0,0.0,,1,1,0,1.0
TXN1003382,escalation,2026-01-24 05:32:49,0,0.0,,1,1,0,15.0
TXN1003384,retry,2026-01-10 23:53:35,1,2494.7,30.0,3,0,0,2.0
TXN1003384,reminder,2026-01-11 00:53:35,1,2494.7,206.0,2,0,0,1.0
TXN1003384,escalation,2026-01-11 00:45:35,0,0.0,,2,1,0,15.0
TXN1003387,retry,2026-04-20 10:53:51,0,0.0,,5,1,1,2.0
TXN1003387,reminder,2026-04-20 10:08:51,0,0.0,,4,1,0,1.0
TXN1003387,escalation,2026-04-20 11:36:51,1,1937.79,300.0,4,0,0,15.0
TXN1003390,retry,2026-05-31 23:21:19,1,4295.24,32.0,2,0,0,2.0
TXN1003390,reminder,2026-05-31 21:59:19,0,0.0,,1,1,0,1.0
TXN1003390,escalation,2026-05-31 21:08:19,1,4295.24,347.0,1,0,0,15.0
TXN1003392,retry,2026-03-30 07:13:27,1,3506.33,161.0,4,0,1,2.0
TXN1003392,reminder,2026-03-30 06:45:27,1,3506.33,102.0,3,0,0,1.0
TXN1003392,escalation,2026-03-30 04:53:27,1,3506.33,252.0,3,0,0,15.0
TXN1003397,retry,2026-01-07 11:54:39,1,12616.61,220.0,5,0,1,2.0
TXN1003397,reminder,2026-01-07 10:11:39,1,12616.61,74.0,4,0,0,1.0
TXN1003397,escalation,2026-01-07 10:17:39,0,0.0,,4,1,0,15.0
TXN1003398,retry,2026-05-21 17:20:08,1,3677.51,309.0,3,0,0,2.0
TXN1003398,reminder,2026-05-21 17:01:08,0,0.0,,2,1,0,1.0
TXN1003398,escalation,2026-05-21 17:10:08,0,0.0,,2,1,0,15.0
TXN1003400,retry,2026-02-21 19:32:47,1,1332.59,189.0,2,0,0,2.0
TXN1003400,reminder,2026-02-21 19:25:47,0,0.0,,1,1,0,1.0
TXN1003400,escalation,2026-02-21 19:39:47,1,1332.59,120.0,1,0,0,15.0
TXN1003402,retry,2026-06-04 14:34:20,0,0.0,,4,1,1,2.0
TXN1003402,reminder,2026-06-04 15:38:20,0,0.0,,3,1,0,1.0
TXN1003402,escalation,2026-06-04 14:14:20,0,0.0,,3,1,0,15.0
TXN1003409,retry,2026-01-12 00:35:33,0,0.0,,3,1,0,2.0
TXN1003409,reminder,2026-01-12 01:49:33,1,735.93,239.0,2,0,0,1.0
TXN1003409,escalation,2026-01-11 23:18:33,1,735.93,250.0,2,0,0,15.0
TXN1003415,retry,2026-05-18 19:06:36,1,9923.98,144.0,2,0,0,2.0
TXN1003415,reminder,2026-05-18 19:18:36,1,9923.98,157.0,1,0,0,1.0
TXN1003415,escalation,2026-05-18 17:20:36,1,9923.98,9.0,1,0,0,15.0
TXN1003417,retry,2026-06-07 20:30:53,0,0.0,,4,1,1,2.0
TXN1003417,reminder,2026-06-07 19:37:53,0,0.0,,3,1,0,1.0
TXN1003417,escalation,2026-06-07 21:55:53,0,0.0,,3,1,0,15.0
TXN1003419,retry,2026-03-31 16:24:48,0,0.0,,2,1,0,2.0
TXN1003419,reminder,2026-03-31 16:29:48,0,0.0,,1,1,0,1.0
TXN1003419,escalation,2026-03-31 15:07:48,0,0.0,,1,1,0,15.0
TXN1003422,retry,2026-06-21 11:24:56,1,5504.08,194.0,2,0,0,2.0
TXN1003422,reminder,2026-06-21 10:53:56,1,5504.08,93.0,1,0,0,1.0
TXN1003422,escalation,2026-06-21 12:31:56,1,5504.08,32.0,1,0,0,15.0
TXN1003425,retry,2026-03-25 02:07:06,1,6619.71,282.0,4,0,1,2.0
TXN1003425,reminder,2026-03-25 02:17:06,0,0.0,,3,1,0,1.0
TXN1003425,escalation,2026-03-25 03:16:06,0,0.0,,3,1,0,15.0
TXN1003428,retry,2026-02-10 16:32:13,0,0.0,,2,1,0,2.0
TXN1003428,reminder,2026-02-10 17:40:13,0,0.0,,1,1,0,1.0
TXN1003428,escalation,2026-02-10 16:45:13,1,2360.23,88.0,1,0,0,15.0
TXN1003429,retry,2026-04-28 10:27:28,1,3787.37,5.0,2,0,0,2.0
TXN1003429,reminder,2026-04-28 10:51:28,1,3787.37,359.0,1,0,0,1.0
TXN1003429,escalation,2026-04-28 10:00:28,1,3787.37,291.0,1,0,0,15.0
TXN1003430,retry,2026-03-07 18:50:19,1,8063.79,45.0,2,0,0,2.0
TXN1003430,reminder,2026-03-07 18:35:19,0,0.0,,1,1,0,1.0
TXN1003430,escalation,2026-03-07 20:13:19,1,8063.79,332.0,1,0,0,15.0
TXN1003431,retry,2026-05-18 08:03:54,1,11944.25,348.0,2,0,0,2.0
TXN1003431,reminder,2026-05-18 07:01:54,1,11944.25,108.0,1,0,0,1.0
TXN1003431,escalation,2026-05-18 06:32:54,0,0.0,,1,1,0,15.0
TXN1003432,retry,2026-01-01 21:00:11,0,0.0,,3,1,0,2.0
TXN1003432,reminder,2026-01-01 20:14:11,1,2404.89,179.0,2,0,0,1.0
TXN1003432,escalation,2026-01-01 21:34:11,0,0.0,,2,1,0,15.0
TXN1003435,retry,2026-02-22 09:52:43,1,4271.92,329.0,2,0,0,2.0
TXN1003435,reminder,2026-02-22 10:22:43,1,4271.92,252.0,1,0,0,1.0
TXN1003435,escalation,2026-02-22 11:17:43,1,4271.92,146.0,1,0,0,15.0
TXN1003436,retry,2026-05-27 20:14:45,1,15845.86,142.0,2,0,0,2.0
TXN1003436,reminder,2026-05-27 20:32:45,1,15845.86,326.0,1,0,0,1.0
TXN1003436,escalation,2026-05-27 22:23:45,0,0.0,,1,1,0,15.0
TXN1003437,retry,2026-04-27 03:32:36,0,0.0,,2,1,0,2.0
TXN1003437,reminder,2026-04-27 06:01:36,1,13476.84,79.0,1,0,0,1.0
TXN1003437,escalation,2026-04-27 04:15:36,1,13476.84,178.0,1,0,0,15.0
TXN1003438,retry,2026-05-21 14:53:56,0,0.0,,2,1,0,2.0
TXN1003438,reminder,2026-05-21 15:32:56,0,0.0,,1,1,0,1.0
TXN1003438,escalation,2026-05-21 14:53:56,0,0.0,,1,1,0,15.0
TXN1003442,retry,2026-03-20 17:05:39,0,0.0,,2,1,0,2.0
TXN1003442,reminder,2026-03-20 18:32:39,1,5479.19,6.0,1,0,0,1.0
TXN1003442,escalation,2026-03-20 19:36:39,0,0.0,,1,1,0,15.0
TXN1003454,retry,2026-06-27 19:46:22,1,3432.31,248.0,2,0,0,2.0
TXN1003454,reminder,2026-06-27 21:06:22,1,3432.31,48.0,1,0,0,1.0
TXN1003454,escalation,2026-06-27 20:19:22,1,3432.31,76.0,1,0,0,15.0
TXN1003457,retry,2026-03-14 09:10:08,0,0.0,,4,1,1,2.0
TXN1003457,reminder,2026-03-14 09:28:08,0,0.0,,3,1,0,1.0
TXN1003457,escalation,2026-03-14 08:10:08,1,4623.12,344.0,3,0,0,15.0
TXN1003460,retry,2026-06-19 09:24:26,0,0.0,,5,1,1,2.0
TXN1003460,reminder,2026-06-19 10:19:26,0,0.0,,4,1,0,1.0
TXN1003460,escalation,2026-06-19 09:35:26,0,0.0,,4,1,0,15.0
TXN1003462,retry,2026-04-13 18:01:47,0,0.0,,5,1,1,2.0
TXN1003462,reminder,2026-04-13 17:24:47,0,0.0,,4,1,0,1.0
TXN1003462,escalation,2026-04-13 16:15:47,0,0.0,,4,1,0,15.0
TXN1003464,retry,2026-02-22 22:30:44,1,1208.54,131.0,2,0,0,2.0
TXN1003464,reminder,2026-02-22 22:36:44,0,0.0,,1,1,0,1.0
TXN1003464,escalation,2026-02-23 00:22:44,1,1208.54,38.0,1,0,0,15.0
TXN1003465,retry,2026-01-26 14:10:43,0,0.0,,2,1,0,2.0
TXN1003465,reminder,2026-01-26 16:29:43,0,0.0,,1,1,0,1.0
TXN1003465,escalation,2026-01-26 16:31:43,1,4717.8,296.0,1,0,0,15.0
TXN1003466,retry,2026-05-13 00:22:58,1,1435.19,201.0,2,0,0,2.0
TXN1003466,reminder,2026-05-12 22:36:58,1,1435.19,8.0,1,0,0,1.0
TXN1003466,escalation,2026-05-12 23:34:58,1,1435.19,313.0,1,0,0,15.0
TXN1003471,retry,2026-04-22 02:40:22,1,4757.37,339.0,5,0,1,2.0
TXN1003471,reminder,2026-04-22 01:44:22,1,4757.37,221.0,4,0,0,1.0
TXN1003471,escalation,2026-04-22 01:21:22,0,0.0,,4,1,0,15.0
TXN1003474,retry,2026-06-02 14:55:38,0,0.0,,4,1,1,2.0
TXN1003474,reminder,2026-06-02 13:49:38,0,0.0,,3,1,0,1.0
TXN1003474,escalation,2026-06-02 14:34:38,0,0.0,,3,1,0,15.0
TXN1003476,retry,2026-03-20 02:03:18,1,757.12,47.0,2,0,0,2.0
TXN1003476,reminder,2026-03-20 03:27:18,0,0.0,,1,1,0,1.0
TXN1003476,escalation,2026-03-20 03:30:18,0,0.0,,1,1,0,15.0
TXN1003478,retry,2026-04-23 04:28:28,0,0.0,,3,1,0,2.0
TXN1003478,reminder,2026-04-23 04:02:28,0,0.0,,2,1,0,1.0
TXN1003478,escalation,2026-04-23 03:46:28,0,0.0,,2,1,0,15.0
TXN1003480,retry,2026-06-05 14:25:00,1,5207.11,324.0,3,0,0,2.0
TXN1003480,reminder,2026-06-05 17:00:00,0,0.0,,2,1,0,1.0
TXN1003480,escalation,2026-06-05 14:56:00,0,0.0,,2,1,0,15.0
TXN1003482,retry,2026-01-25 12:12:56,1,4512.22,164.0,3,0,0,2.0
TXN1003482,reminder,2026-01-25 14:05:56,1,4512.22,40.0,2,0,0,1.0
TXN1003482,escalation,2026-01-25 12:22:56,0,0.0,,2,1,0,15.0
TXN1003485,retry,2026-04-21 20:55:10,0,0.0,,5,1,1,2.0
TXN1003485,reminder,2026-04-21 21:37:10,1,16858.38,118.0,4,0,0,1.0
TXN1003485,escalation,2026-04-21 22:25:10,1,16858.38,188.0,4,0,0,15.0
TXN1003486,retry,2026-05-02 16:18:45,0,0.0,,3,1,0,2.0
TXN1003486,reminder,2026-05-02 15:25:45,0,0.0,,2,1,0,1.0
TXN1003486,escalation,2026-05-02 16:49:45,0,0.0,,2,1,0,15.0
TXN1003488,retry,2026-04-10 02:30:37,0,0.0,,4,1,1,2.0
TXN1003488,reminder,2026-04-10 01:21:37,0,0.0,,3,1,0,1.0
TXN1003488,escalation,2026-04-10 04:08:37,1,6914.36,252.0,3,0,0,15.0
TXN1003490,retry,2026-06-13 06:43:50,1,5740.75,256.0,5,0,1,2.0
TXN1003490,reminder,2026-06-13 07:30:50,0,0.0,,4,1,0,1.0
TXN1003490,escalation,2026-06-13 05:22:50,0,0.0,,4,1,0,15.0
TXN1003491,retry,2026-03-21 20:58:01,1,4476.02,199.0,2,0,0,2.0
TXN1003491,reminder,2026-03-21 21:33:01,0,0.0,,1,1,0,1.0
TXN1003491,escalation,2026-03-21 21:46:01,1,4476.02,320.0,1,0,0,15.0
TXN1003492,retry,2026-04-06 08:37:30,1,5556.67,38.0,3,0,0,2.0
TXN1003492,reminder,2026-04-06 10:22:30,0,0.0,,2,1,0,1.0
TXN1003492,escalation,2026-04-06 08:55:30,1,5556.67,182.0,2,0,0,15.0
TXN1003497,retry,2026-03-19 18:07:06,1,2950.97,261.0,2,0,0,2.0
TXN1003497,reminder,2026-03-19 18:18:06,0,0.0,,1,1,0,1.0
TXN1003497,escalation,2026-03-19 16:50:06,0,0.0,,1,1,0,15.0
TXN1003498,retry,2026-03-17 02:52:00,1,1854.52,3.0,2,0,0,2.0
TXN1003498,reminder,2026-03-17 03:03:00,0,0.0,,1,1,0,1.0
TXN1003498,escalation,2026-03-17 03:33:00,0,0.0,,1,1,0,15.0
TXN1003499,retry,2026-03-04 20:23:47,1,2845.77,141.0,3,0,0,2.0
TXN1003499,reminder,2026-03-04 20:28:47,1,2845.77,228.0,2,0,0,1.0
TXN1003499,escalation,2026-03-04 20:52:47,0,0.0,,2,1,0,15.0
TXN1003501,retry,2026-02-20 22:35:24,0,0.0,,5,1,1,2.0
TXN1003501,reminder,2026-02-20 22:02:24,0,0.0,,4,1,0,1.0
TXN1003501,escalation,2026-02-20 21:06:24,0,0.0,,4,1,0,15.0
TXN1003507,retry,2026-03-28 05:29:07,0,0.0,,4,1,1,2.0
TXN1003507,reminder,2026-03-28 07:25:07,0,0.0,,3,1,0,1.0
TXN1003507,escalation,2026-03-28 07:40:07,1,5054.4,4.0,3,0,0,15.0
TXN1003513,retry,2026-01-25 10:48:35,1,15417.89,334.0,3,0,0,2.0
TXN1003513,reminder,2026-01-25 12:45:35,1,15417.89,201.0,2,0,0,1.0
TXN1003513,escalation,2026-01-25 12:04:35,1,15417.89,193.0,2,0,0,15.0
TXN1003520,retry,2026-05-23 16:19:39,1,5632.99,180.0,2,0,0,2.0
TXN1003520,reminder,2026-05-23 16:41:39,0,0.0,,1,1,0,1.0
TXN1003520,escalation,2026-05-23 17:19:39,1,5632.99,318.0,1,0,0,15.0
TXN1003521,retry,2026-01-11 22:26:58,1,696.26,302.0,2,0,0,2.0
TXN1003521,reminder,2026-01-11 23:56:58,0,0.0,,1,1,0,1.0
TXN1003521,escalation,2026-01-12 00:37:58,0,0.0,,1,1,0,15.0
TXN1003525,retry,2026-03-23 18:08:28,0,0.0,,2,1,0,2.0
TXN1003525,reminder,2026-03-23 16:46:28,1,10817.13,219.0,1,0,0,1.0
TXN1003525,escalation,2026-03-23 18:50:28,0,0.0,,1,1,0,15.0
TXN1003528,retry,2026-02-22 18:01:26,1,1197.05,171.0,2,0,0,2.0
TXN1003528,reminder,2026-02-22 18:22:26,1,1197.05,179.0,1,0,0,1.0
TXN1003528,escalation,2026-02-22 18:10:26,1,1197.05,286.0,1,0,0,15.0
TXN1003530,retry,2026-02-25 20:29:23,1,1848.15,273.0,2,0,0,2.0
TXN1003530,reminder,2026-02-25 18:01:23,1,1848.15,169.0,1,0,0,1.0
TXN1003530,escalation,2026-02-25 20:03:23,1,1848.15,270.0,1,0,0,15.0
TXN1003534,retry,2026-05-03 23:24:56,1,2975.69,100.0,2,0,0,2.0
TXN1003534,reminder,2026-05-03 21:34:56,1,2975.69,32.0,1,0,0,1.0
TXN1003534,escalation,2026-05-03 20:40:56,1,2975.69,291.0,1,0,0,15.0
TXN1003539,retry,2026-03-26 16:41:40,1,11337.29,184.0,3,0,0,2.0
TXN1003539,reminder,2026-03-26 17:04:40,1,11337.29,161.0,2,0,0,1.0
TXN1003539,escalation,2026-03-26 18:36:40,0,0.0,,2,1,0,15.0
TXN1003541,retry,2026-01-18 07:49:46,1,5321.61,108.0,3,0,0,2.0
TXN1003541,reminder,2026-01-18 09:54:46,1,5321.61,159.0,2,0,0,1.0
TXN1003541,escalation,2026-01-18 08:24:46,0,0.0,,2,1,0,15.0
TXN1003542,retry,2026-01-28 16:08:18,1,17408.56,185.0,2,0,0,2.0
TXN1003542,reminder,2026-01-28 14:18:18,1,17408.56,293.0,1,0,0,1.0
TXN1003542,escalation,2026-01-28 13:34:18,0,0.0,,1,1,0,15.0
TXN1003544,retry,2026-06-06 21:43:30,1,5787.17,318.0,3,0,0,2.0
TXN1003544,reminder,2026-06-06 23:32:30,1,5787.17,238.0,2,0,0,1.0
TXN1003544,escalation,2026-06-06 21:43:30,0,0.0,,2,1,0,15.0
TXN1003546,retry,2026-03-05 18:24:20,0,0.0,,3,1,0,2.0
TXN1003546,reminder,2026-03-05 19:32:20,0,0.0,,2,1,0,1.0
TXN1003546,escalation,2026-03-05 18:32:20,0,0.0,,2,1,0,15.0
TXN1003549,retry,2026-03-31 03:15:02,0,0.0,,2,1,0,2.0
TXN1003549,reminder,2026-03-31 03:54:02,0,0.0,,1,1,0,1.0
TXN1003549,escalation,2026-03-31 05:23:02,0,0.0,,1,1,0,15.0
TXN1003550,retry,2026-05-03 05:32:46,0,0.0,,2,1,0,2.0
TXN1003550,reminder,2026-05-03 06:37:46,0,0.0,,1,1,0,1.0
TXN1003550,escalation,2026-05-03 07:15:46,1,3087.19,270.0,1,0,0,15.0
TXN1003553,retry,2026-03-29 12:24:39,0,0.0,,2,1,0,2.0
TXN1003553,reminder,2026-03-29 11:00:39,0,0.0,,1,1,0,1.0
TXN1003553,escalation,2026-03-29 12:21:39,1,3106.78,332.0,1,0,0,15.0
TXN1003554,retry,2026-01-26 06:18:27,0,0.0,,2,1,0,2.0
TXN1003554,reminder,2026-01-26 05:49:27,0,0.0,,1,1,0,1.0
TXN1003554,escalation,2026-01-26 05:28:27,1,43290.51,353.0,1,0,0,15.0
TXN1003555,retry,2026-03-20 18:24:12,0,0.0,,3,1,0,2.0
TXN1003555,reminder,2026-03-20 18:34:12,1,6488.12,321.0,2,0,0,1.0
TXN1003555,escalation,2026-03-20 18:28:12,1,6488.12,220.0,2,0,0,15.0
TXN1003558,retry,2026-02-01 19:41:56,1,1352.43,206.0,2,0,0,2.0
TXN1003558,reminder,2026-02-01 20:02:56,1,1352.43,47.0,1,0,0,1.0
TXN1003558,escalation,2026-02-01 21:52:56,1,1352.43,89.0,1,0,0,15.0
TXN1003560,retry,2026-04-04 21:49:01,1,22700.69,250.0,3,0,0,2.0
TXN1003560,reminder,2026-04-04 23:33:01,1,22700.69,46.0,2,0,0,1.0
TXN1003560,escalation,2026-04-04 23:51:01,0,0.0,,2,1,0,15.0
TXN1003562,retry,2026-06-18 06:25:59,1,1462.59,111.0,2,0,0,2.0
TXN1003562,reminder,2026-06-18 07:43:59,0,0.0,,1,1,0,1.0
TXN1003562,escalation,2026-06-18 08:32:59,1,1462.59,43.0,1,0,0,15.0
TXN1003566,retry,2026-03-08 02:30:51,1,3302.67,32.0,2,0,0,2.0
TXN1003566,reminder,2026-03-08 02:06:51,1,3302.67,233.0,1,0,0,1.0
TXN1003566,escalation,2026-03-08 02:05:51,0,0.0,,1,1,0,15.0
TXN1003567,retry,2026-03-20 10:32:13,0,0.0,,2,1,0,2.0
TXN1003567,reminder,2026-03-20 09:56:13,0,0.0,,1,1,0,1.0
TXN1003567,escalation,2026-03-20 09:34:13,0,0.0,,1,1,0,15.0
TXN1003568,retry,2026-04-22 02:36:00,0,0.0,,2,1,0,2.0
TXN1003568,reminder,2026-04-22 03:22:00,1,4235.42,157.0,1,0,0,1.0
TXN1003568,escalation,2026-04-22 03:05:00,1,4235.42,142.0,1,0,0,15.0
TXN1003569,retry,2026-02-15 08:46:49,1,1695.34,218.0,3,0,0,2.0
TXN1003569,reminder,2026-02-15 08:01:49,0,0.0,,2,1,0,1.0
TXN1003569,escalation,2026-02-15 08:28:49,0,0.0,,2,1,0,15.0
TXN1003571,retry,2026-01-09 07:31:45,0,0.0,,2,1,0,2.0
TXN1003571,reminder,2026-01-09 06:45:45,1,4564.72,247.0,1,0,0,1.0
TXN1003571,escalation,2026-01-09 06:59:45,0,0.0,,1,1,0,15.0
TXN1003575,retry,2026-06-12 19:58:27,1,9204.72,201.0,3,0,0,2.0
TXN1003575,reminder,2026-06-12 19:23:27,1,9204.72,324.0,2,0,0,1.0
TXN1003575,escalation,2026-06-12 21:35:27,1,9204.72,130.0,2,0,0,15.0
TXN1003576,retry,2026-04-07 02:10:00,1,7652.39,97.0,2,0,0,2.0
TXN1003576,reminder,2026-04-07 01:41:00,0,0.0,,1,1,0,1.0
TXN1003576,escalation,2026-04-07 01:56:00,1,7652.39,150.0,1,0,0,15.0
TXN1003578,retry,2026-04-29 20:02:24,1,5642.01,272.0,2,0,0,2.0
TXN1003578,reminder,2026-04-29 20:39:24,0,0.0,,1,1,0,1.0
TXN1003578,escalation,2026-04-29 21:13:24,1,5642.01,152.0,1,0,0,15.0
TXN1003579,retry,2026-05-29 20:36:53,0,0.0,,5,1,1,2.0
TXN1003579,reminder,2026-05-29 19:33:53,0,0.0,,4,1,0,1.0
TXN1003579,escalation,2026-05-29 19:23:53,1,32008.08,276.0,4,0,0,15.0
TXN1003580,retry,2026-04-18 18:13:03,1,5456.25,187.0,2,0,0,2.0
TXN1003580,reminder,2026-04-18 19:40:03,1,5456.25,257.0,1,0,0,1.0
TXN1003580,escalation,2026-04-18 18:00:03,1,5456.25,102.0,1,0,0,15.0
TXN1003584,retry,2026-01-19 23:31:51,1,56670.94,125.0,3,0,0,2.0
TXN1003584,reminder,2026-01-19 22:41:51,0,0.0,,2,1,0,1.0
TXN1003584,escalation,2026-01-19 23:45:51,0,0.0,,2,1,0,15.0
TXN1003589,retry,2026-05-02 05:42:10,1,12847.49,340.0,3,0,0,2.0
TXN1003589,reminder,2026-05-02 04:56:10,1,12847.49,95.0,2,0,0,1.0
TXN1003589,escalation,2026-05-02 05:56:10,1,12847.49,95.0,2,0,0,15.0
TXN1003598,retry,2026-03-23 09:03:44,1,13959.28,137.0,2,0,0,2.0
TXN1003598,reminder,2026-03-23 09:13:44,0,0.0,,1,1,0,1.0
TXN1003598,escalation,2026-03-23 07:58:44,0,0.0,,1,1,0,15.0
TXN1003601,retry,2026-04-28 19:01:02,1,2088.32,33.0,3,0,0,2.0
TXN1003601,reminder,2026-04-28 17:58:02,1,2088.32,121.0,2,0,0,1.0
TXN1003601,escalation,2026-04-28 17:46:02,1,2088.32,308.0,2,0,0,15.0
TXN1003603,retry,2026-01-13 23:55:17,1,2199.2,119.0,2,0,0,2.0
TXN1003603,reminder,2026-01-13 23:19:17,0,0.0,,1,1,0,1.0
TXN1003603,escalation,2026-01-14 00:19:17,1,2199.2,16.0,1,0,0,15.0
TXN1003604,retry,2026-04-04 05:20:09,1,1794.78,27.0,3,0,0,2.0
TXN1003604,reminder,2026-04-04 04:42:09,1,1794.78,250.0,2,0,0,1.0
TXN1003604,escalation,2026-04-04 04:38:09,1,1794.78,340.0,2,0,0,15.0
TXN1003605,retry,2026-03-02 18:34:02,0,0.0,,3,1,0,2.0
TXN1003605,reminder,2026-03-02 18:07:02,0,0.0,,2,1,0,1.0
TXN1003605,escalation,2026-03-02 16:28:02,1,1069.63,239.0,2,0,0,15.0
TXN1003608,retry,2026-06-28 16:10:13,1,10767.78,356.0,3,0,0,2.0
TXN1003608,reminder,2026-06-28 14:44:13,1,10767.78,7.0,2,0,0,1.0
TXN1003608,escalation,2026-06-28 15:34:13,0,0.0,,2,1,0,15.0
TXN1003609,retry,2026-06-27 03:36:24,1,2919.84,200.0,2,0,0,2.0
TXN1003609,reminder,2026-06-27 04:14:24,1,2919.84,344.0,1,0,0,1.0
TXN1003609,escalation,2026-06-27 02:19:24,1,2919.84,229.0,1,0,0,15.0
TXN1003610,retry,2026-06-24 11:26:22,1,3520.98,298.0,3,0,0,2.0
TXN1003610,reminder,2026-06-24 12:34:22,1,3520.98,315.0,2,0,0,1.0
TXN1003610,escalation,2026-06-24 12:31:22,1,3520.98,161.0,2,0,0,15.0
TXN1003613,retry,2026-03-10 01:40:02,1,1263.09,125.0,2,0,0,2.0
TXN1003613,reminder,2026-03-09 23:57:02,1,1263.09,171.0,1,0,0,1.0
TXN1003613,escalation,2026-03-10 00:52:02,1,1263.09,51.0,1,0,0,15.0
TXN1003615,retry,2026-06-25 15:40:14,1,5405.16,12.0,2,0,0,2.0
TXN1003615,reminder,2026-06-25 15:36:14,1,5405.16,251.0,1,0,0,1.0
TXN1003615,escalation,2026-06-25 16:48:14,1,5405.16,128.0,1,0,0,15.0
TXN1003616,retry,2026-05-30 09:39:34,1,6474.55,199.0,3,0,0,2.0
TXN1003616,reminder,2026-05-30 09:56:34,1,6474.55,304.0,2,0,0,1.0
TXN1003616,escalation,2026-05-30 10:09:34,1,6474.55,192.0,2,0,0,15.0
TXN1003622,retry,2026-02-28 14:56:11,1,4543.55,21.0,2,0,0,2.0
TXN1003622,reminder,2026-02-28 15:55:11,0,0.0,,1,1,0,1.0
TXN1003622,escalation,2026-02-28 15:09:11,0,0.0,,1,1,0,15.0
TXN1003628,retry,2026-05-25 07:55:47,0,0.0,,2,1,0,2.0
TXN1003628,reminder,2026-05-25 05:41:47,0,0.0,,1,1,0,1.0
TXN1003628,escalation,2026-05-25 07:42:47,1,4635.37,84.0,1,0,0,15.0
TXN1003630,retry,2026-01-02 10:29:26,1,4765.31,264.0,2,0,0,2.0
TXN1003630,reminder,2026-01-02 11:30:26,1,4765.31,72.0,1,0,0,1.0
TXN1003630,escalation,2026-01-02 09:54:26,0,0.0,,1,1,0,15.0
TXN1003632,retry,2026-01-01 02:31:46,1,3966.61,19.0,2,0,0,2.0
TXN1003632,reminder,2026-01-01 02:21:46,0,0.0,,1,1,0,1.0
TXN1003632,escalation,2026-01-01 00:45:46,0,0.0,,1,1,0,15.0
TXN1003636,retry,2026-02-05 08:38:08,1,30315.83,159.0,2,0,0,2.0
TXN1003636,reminder,2026-02-05 09:33:08,0,0.0,,1,1,0,1.0
TXN1003636,escalation,2026-02-05 09:11:08,1,30315.83,163.0,1,0,0,15.0
TXN1003640,retry,2026-01-29 23:21:25,1,9638.38,120.0,3,0,0,2.0
TXN1003640,reminder,2026-01-29 22:02:25,0,0.0,,2,1,0,1.0
TXN1003640,escalation,2026-01-29 23:15:25,1,9638.38,87.0,2,0,0,15.0
TXN1003643,retry,2026-04-06 10:44:01,1,8797.81,260.0,2,0,0,2.0
TXN1003643,reminder,2026-04-06 09:28:01,0,0.0,,1,1,0,1.0
TXN1003643,escalation,2026-04-06 10:25:01,1,8797.81,208.0,1,0,0,15.0
TXN1003648,retry,2026-01-31 13:59:40,1,860.65,194.0,3,0,0,2.0
TXN1003648,reminder,2026-01-31 15:56:40,1,860.65,17.0,2,0,0,1.0
TXN1003648,escalation,2026-01-31 15:01:40,1,860.65,77.0,2,0,0,15.0
TXN1003649,retry,2026-02-09 19:13:15,1,4893.77,311.0,2,0,0,2.0
TXN1003649,reminder,2026-02-09 18:15:15,1,4893.77,160.0,1,0,0,1.0
TXN1003649,escalation,2026-02-09 20:34:15,1,4893.77,137.0,1,0,0,15.0
TXN1003650,retry,2026-06-09 18:49:39,1,6085.83,63.0,2,0,0,2.0
TXN1003650,reminder,2026-06-09 18:49:39,0,0.0,,1,1,0,1.0
TXN1003650,escalation,2026-06-09 17:46:39,1,6085.83,266.0,1,0,0,15.0
TXN1003651,retry,2026-02-06 23:07:57,1,7074.68,221.0,2,0,0,2.0
TXN1003651,reminder,2026-02-07 00:02:57,1,7074.68,221.0,1,0,0,1.0
TXN1003651,escalation,2026-02-06 23:55:57,1,7074.68,230.0,1,0,0,15.0
TXN1003653,retry,2026-06-27 19:35:57,1,4223.06,284.0,2,0,0,2.0
TXN1003653,reminder,2026-06-27 17:56:57,1,4223.06,297.0,1,0,0,1.0
TXN1003653,escalation,2026-06-27 18:47:57,0,0.0,,1,1,0,15.0
TXN1003655,retry,2026-03-03 22:38:10,0,0.0,,2,1,0,2.0
TXN1003655,reminder,2026-03-04 00:03:10,0,0.0,,1,1,0,1.0
TXN1003655,escalation,2026-03-03 22:04:10,0,0.0,,1,1,0,15.0
TXN1003657,retry,2026-04-30 07:11:18,1,24180.88,339.0,2,0,0,2.0
TXN1003657,reminder,2026-04-30 07:07:18,0,0.0,,1,1,0,1.0
TXN1003657,escalation,2026-04-30 06:50:18,1,24180.88,100.0,1,0,0,15.0
TXN1003658,retry,2026-06-17 00:32:34,0,0.0,,2,1,0,2.0
TXN1003658,reminder,2026-06-17 00:22:34,1,973.28,63.0,1,0,0,1.0
TXN1003658,escalation,2026-06-17 00:08:34,0,0.0,,1,1,0,15.0
TXN1003659,retry,2026-02-13 19:40:29,0,0.0,,3,1,0,2.0
TXN1003659,reminder,2026-02-13 17:45:29,0,0.0,,2,1,0,1.0
TXN1003659,escalation,2026-02-13 18:19:29,0,0.0,,2,1,0,15.0
TXN1003660,retry,2026-03-28 20:02:54,1,4272.54,118.0,2,0,0,2.0
TXN1003660,reminder,2026-03-28 21:58:54,1,4272.54,58.0,1,0,0,1.0
TXN1003660,escalation,2026-03-28 21:31:54,0,0.0,,1,1,0,15.0
TXN1003661,retry,2026-02-18 15:32:30,0,0.0,,4,1,1,2.0
TXN1003661,reminder,2026-02-18 15:40:30,0,0.0,,3,1,0,1.0
TXN1003661,escalation,2026-02-18 15:42:30,0,0.0,,3,1,0,15.0
TXN1003668,retry,2026-04-04 13:53:00,1,6679.05,187.0,2,0,0,2.0
TXN1003668,reminder,2026-04-04 14:03:00,0,0.0,,1,1,0,1.0
TXN1003668,escalation,2026-04-04 14:48:00,0,0.0,,1,1,0,15.0
TXN1003669,retry,2026-02-23 21:13:39,1,2976.28,301.0,4,0,1,2.0
TXN1003669,reminder,2026-02-23 19:21:39,0,0.0,,3,1,0,1.0
TXN1003669,escalation,2026-02-23 20:22:39,0,0.0,,3,1,0,15.0
TXN1003671,retry,2026-04-20 02:59:36,1,58026.18,215.0,3,0,0,2.0
TXN1003671,reminder,2026-04-20 02:03:36,0,0.0,,2,1,0,1.0
TXN1003671,escalation,2026-04-20 01:58:36,1,58026.18,218.0,2,0,0,15.0
TXN1003672,retry,2026-05-21 07:02:35,0,0.0,,2,1,0,2.0
TXN1003672,reminder,2026-05-21 05:31:35,1,6945.93,76.0,1,0,0,1.0
TXN1003672,escalation,2026-05-21 06:52:35,0,0.0,,1,1,0,15.0
TXN1003673,retry,2026-05-19 09:35:54,0,0.0,,2,1,0,2.0
TXN1003673,reminder,2026-05-19 08:44:54,0,0.0,,1,1,0,1.0
TXN1003673,escalation,2026-05-19 09:04:54,1,5644.46,61.0,1,0,0,15.0
TXN1003675,retry,2026-03-28 13:33:46,0,0.0,,4,1,1,2.0
TXN1003675,reminder,2026-03-28 13:22:46,1,5812.29,66.0,3,0,0,1.0
TXN1003675,escalation,2026-03-28 12:02:46,0,0.0,,3,1,0,15.0
TXN1003677,retry,2026-06-08 03:34:48,1,10056.47,99.0,2,0,0,2.0
TXN1003677,reminder,2026-06-08 05:26:48,0,0.0,,1,1,0,1.0
TXN1003677,escalation,2026-06-08 05:26:48,1,10056.47,282.0,1,0,0,15.0
TXN1003678,retry,2026-05-10 12:52:48,0,0.0,,2,1,0,2.0
TXN1003678,reminder,2026-05-10 14:55:48,0,0.0,,1,1,0,1.0
TXN1003678,escalation,2026-05-10 15:21:48,0,0.0,,1,1,0,15.0
TXN1003684,retry,2026-04-12 08:40:57,0,0.0,,4,1,1,2.0
TXN1003684,reminder,2026-04-12 10:08:57,0,0.0,,3,1,0,1.0
TXN1003684,escalation,2026-04-12 07:40:57,0,0.0,,3,1,0,15.0
TXN1003687,retry,2026-06-17 18:24:55,0,0.0,,2,1,0,2.0
TXN1003687,reminder,2026-06-17 18:07:55,1,3800.18,279.0,1,0,0,1.0
TXN1003687,escalation,2026-06-17 19:59:55,1,3800.18,271.0,1,0,0,15.0
TXN1003688,retry,2026-01-26 09:12:06,1,12996.38,101.0,2,0,0,2.0
TXN1003688,reminder,2026-01-26 08:33:06,0,0.0,,1,1,0,1.0
TXN1003688,escalation,2026-01-26 08:22:06,1,12996.38,143.0,1,0,0,15.0
TXN1003690,retry,2026-01-21 11:03:03,1,4537.54,332.0,3,0,0,2.0
TXN1003690,reminder,2026-01-21 12:01:03,0,0.0,,2,1,0,1.0
TXN1003690,escalation,2026-01-21 11:53:03,0,0.0,,2,1,0,15.0
TXN1003691,retry,2026-03-14 08:39:48,1,4744.29,134.0,2,0,0,2.0
TXN1003691,reminder,2026-03-14 09:44:48,0,0.0,,1,1,0,1.0
TXN1003691,escalation,2026-03-14 10:27:48,0,0.0,,1,1,0,15.0
TXN1003694,retry,2026-02-24 23:39:29,0,0.0,,3,1,0,2.0
TXN1003694,reminder,2026-02-24 22:53:29,0,0.0,,2,1,0,1.0
TXN1003694,escalation,2026-02-24 23:05:29,0,0.0,,2,1,0,15.0
TXN1003698,retry,2026-04-17 23:04:49,1,5491.76,258.0,2,0,0,2.0
TXN1003698,reminder,2026-04-17 22:57:49,1,5491.76,212.0,1,0,0,1.0
TXN1003698,escalation,2026-04-17 21:50:49,1,5491.76,6.0,1,0,0,15.0
TXN1003699,retry,2026-04-17 06:23:24,0,0.0,,3,1,0,2.0
TXN1003699,reminder,2026-04-17 05:36:24,0,0.0,,2,1,0,1.0
TXN1003699,escalation,2026-04-17 05:41:24,0,0.0,,2,1,0,15.0
TXN1003700,retry,2026-01-12 06:29:13,1,22510.59,77.0,2,0,0,2.0
TXN1003700,reminder,2026-01-12 08:46:13,1,22510.59,134.0,1,0,0,1.0
TXN1003700,escalation,2026-01-12 07:29:13,1,22510.59,322.0,1,0,0,15.0
TXN1003702,retry,2026-05-28 20:24:21,1,11387.8,145.0,3,0,0,2.0
TXN1003702,reminder,2026-05-28 19:14:21,1,11387.8,178.0,2,0,0,1.0
TXN1003702,escalation,2026-05-28 19:52:21,1,11387.8,30.0,2,0,0,15.0
TXN1003704,retry,2026-01-09 06:54:53,1,14313.59,55.0,2,0,0,2.0
TXN1003704,reminder,2026-01-09 05:37:53,1,14313.59,230.0,1,0,0,1.0
TXN1003704,escalation,2026-01-09 06:11:53,1,14313.59,330.0,1,0,0,15.0
TXN1003706,retry,2026-02-07 07:44:31,1,44056.69,92.0,2,0,0,2.0
TXN1003706,reminder,2026-02-07 06:51:31,1,44056.69,237.0,1,0,0,1.0
TXN1003706,escalation,2026-02-07 07:38:31,1,44056.69,55.0,1,0,0,15.0
TXN1003707,retry,2026-03-15 16:02:52,1,7200.75,215.0,2,0,0,2.0
TXN1003707,reminder,2026-03-15 15:50:52,1,7200.75,108.0,1,0,0,1.0
TXN1003707,escalation,2026-03-15 15:06:52,0,0.0,,1,1,0,15.0
TXN1003708,retry,2026-06-09 22:40:54,0,0.0,,2,1,0,2.0
TXN1003708,reminder,2026-06-09 21:54:54,1,1816.45,269.0,1,0,0,1.0
TXN1003708,escalation,2026-06-09 21:53:54,1,1816.45,224.0,1,0,0,15.0
TXN1003711,retry,2026-04-23 18:28:07,1,2774.62,85.0,2,0,0,2.0
TXN1003711,reminder,2026-04-23 19:52:07,0,0.0,,1,1,0,1.0
TXN1003711,escalation,2026-04-23 20:06:07,1,2774.62,274.0,1,0,0,15.0
TXN1003720,retry,2026-06-02 19:29:13,0,0.0,,4,1,1,2.0
TXN1003720,reminder,2026-06-02 18:08:13,0,0.0,,3,1,0,1.0
TXN1003720,escalation,2026-06-02 18:08:13,0,0.0,,3,1,0,15.0
TXN1003722,retry,2026-05-12 14:41:40,0,0.0,,2,1,0,2.0
TXN1003722,reminder,2026-05-12 15:01:40,1,3115.78,58.0,1,0,0,1.0
TXN1003722,escalation,2026-05-12 13:42:40,1,3115.78,103.0,1,0,0,15.0
TXN1003723,retry,2026-03-17 22:42:13,0,0.0,,3,1,0,2.0
TXN1003723,reminder,2026-03-17 23:40:13,0,0.0,,2,1,0,1.0
TXN1003723,escalation,2026-03-18 00:31:13,0,0.0,,2,1,0,15.0
TXN1003725,retry,2026-01-14 17:24:48,0,0.0,,3,1,0,2.0
TXN1003725,reminder,2026-01-14 16:15:48,0,0.0,,2,1,0,1.0
TXN1003725,escalation,2026-01-14 17:16:48,1,7391.08,271.0,2,0,0,15.0
TXN1003730,retry,2026-03-03 15:38:40,1,6268.46,246.0,2,0,0,2.0
TXN1003730,reminder,2026-03-03 16:13:40,0,0.0,,1,1,0,1.0
TXN1003730,escalation,2026-03-03 15:47:40,1,6268.46,352.0,1,0,0,15.0
TXN1003733,retry,2026-05-12 07:13:06,1,4561.57,114.0,2,0,0,2.0
TXN1003733,reminder,2026-05-12 07:56:06,1,4561.57,74.0,1,0,0,1.0
TXN1003733,escalation,2026-05-12 05:40:06,1,4561.57,328.0,1,0,0,15.0
TXN1003747,retry,2026-03-15 03:05:12,1,3348.96,358.0,3,0,0,2.0
TXN1003747,reminder,2026-03-15 01:49:12,0,0.0,,2,1,0,1.0
TXN1003747,escalation,2026-03-15 03:24:12,1,3348.96,130.0,2,0,0,15.0
TXN1003752,retry,2026-02-24 05:44:16,1,1302.06,333.0,2,0,0,2.0
TXN1003752,reminder,2026-02-24 06:40:16,1,1302.06,355.0,1,0,0,1.0
TXN1003752,escalation,2026-02-24 07:10:16,0,0.0,,1,1,0,15.0
TXN1003753,retry,2026-05-14 22:35:32,1,12328.21,84.0,2,0,0,2.0
TXN1003753,reminder,2026-05-14 22:57:32,0,0.0,,1,1,0,1.0
TXN1003753,escalation,2026-05-15 00:08:32,0,0.0,,1,1,0,15.0
TXN1003757,retry,2026-01-20 06:14:57,1,2859.33,272.0,2,0,0,2.0
TXN1003757,reminder,2026-01-20 03:42:57,0,0.0,,1,1,0,1.0
TXN1003757,escalation,2026-01-20 04:48:57,0,0.0,,1,1,0,15.0
TXN1003758,retry,2026-05-22 11:07:57,1,1276.63,180.0,3,0,0,2.0
TXN1003758,reminder,2026-05-22 12:12:57,0,0.0,,2,1,0,1.0
TXN1003758,escalation,2026-05-22 12:18:57,0,0.0,,2,1,0,15.0
TXN1003759,retry,2026-03-31 12:05:46,1,6164.84,121.0,3,0,0,2.0
TXN1003759,reminder,2026-03-31 10:27:46,1,6164.84,303.0,2,0,0,1.0
TXN1003759,escalation,2026-03-31 11:24:46,1,6164.84,13.0,2,0,0,15.0
TXN1003764,retry,2026-04-23 20:53:30,1,14259.93,330.0,2,0,0,2.0
TXN1003764,reminder,2026-04-23 20:36:30,1,14259.93,87.0,1,0,0,1.0
TXN1003764,escalation,2026-04-23 20:39:30,1,14259.93,151.0,1,0,0,15.0
TXN1003766,retry,2026-06-08 01:39:35,1,5150.14,27.0,2,0,0,2.0
TXN1003766,reminder,2026-06-07 23:40:35,1,5150.14,274.0,1,0,0,1.0
TXN1003766,escalation,2026-06-08 01:55:35,0,0.0,,1,1,0,15.0
TXN1003769,retry,2026-04-05 00:25:07,1,15775.74,120.0,4,0,1,2.0
TXN1003769,reminder,2026-04-05 00:23:07,1,15775.74,189.0,3,0,0,1.0
TXN1003769,escalation,2026-04-04 23:55:07,1,15775.74,286.0,3,0,0,15.0
TXN1003775,retry,2026-06-07 09:30:49,1,1620.99,346.0,4,0,1,2.0
TXN1003775,reminder,2026-06-07 06:58:49,0,0.0,,3,1,0,1.0
TXN1003775,escalation,2026-06-07 06:42:49,1,1620.99,12.0,3,0,0,15.0
TXN1003776,retry,2026-02-25 21:53:38,0,0.0,,4,1,1,2.0
TXN1003776,reminder,2026-02-25 22:13:38,1,47960.58,124.0,3,0,0,1.0
TXN1003776,escalation,2026-02-25 21:55:38,0,0.0,,3,1,0,15.0
TXN1003777,retry,2026-01-16 07:10:32,1,6901.84,326.0,3,0,0,2.0
TXN1003777,reminder,2026-01-16 06:30:32,0,0.0,,2,1,0,1.0
TXN1003777,escalation,2026-01-16 07:46:32,0,0.0,,2,1,0,15.0
TXN1003780,retry,2026-06-29 01:25:22,0,0.0,,5,1,1,2.0
TXN1003780,reminder,2026-06-29 03:38:22,0,0.0,,4,1,0,1.0
TXN1003780,escalation,2026-06-29 02:56:22,1,1167.53,130.0,4,0,0,15.0
TXN1003787,retry,2026-04-12 17:12:07,1,513.24,187.0,3,0,0,2.0
TXN1003787,reminder,2026-04-12 16:28:07,0,0.0,,2,1,0,1.0
TXN1003787,escalation,2026-04-12 15:51:07,0,0.0,,2,1,0,15.0
TXN1003791,retry,2026-02-27 22:01:43,1,4550.15,27.0,3,0,0,2.0
TXN1003791,reminder,2026-02-27 20:52:43,0,0.0,,2,1,0,1.0
TXN1003791,escalation,2026-02-27 21:13:43,0,0.0,,2,1,0,15.0
TXN1003793,retry,2026-01-11 04:27:37,0,0.0,,2,1,0,2.0
TXN1003793,reminder,2026-01-11 04:52:37,1,2154.82,44.0,1,0,0,1.0
TXN1003793,escalation,2026-01-11 02:46:37,1,2154.82,350.0,1,0,0,15.0
TXN1003804,retry,2026-06-07 22:19:27,1,3644.98,91.0,2,0,0,2.0
TXN1003804,reminder,2026-06-07 22:57:27,1,3644.98,292.0,1,0,0,1.0
TXN1003804,escalation,2026-06-07 21:00:27,0,0.0,,1,1,0,15.0
TXN1003805,retry,2026-05-07 18:25:40,1,5884.59,259.0,2,0,0,2.0
TXN1003805,reminder,2026-05-07 16:55:40,1,5884.59,315.0,1,0,0,1.0
TXN1003805,escalation,2026-05-07 18:37:40,0,0.0,,1,1,0,15.0
TXN1003807,retry,2026-02-23 19:25:44,0,0.0,,3,1,0,2.0
TXN1003807,reminder,2026-02-23 20:09:44,1,12821.39,303.0,2,0,0,1.0
TXN1003807,escalation,2026-02-23 19:18:44,1,12821.39,273.0,2,0,0,15.0
TXN1003809,retry,2026-03-25 22:21:48,0,0.0,,2,1,0,2.0
TXN1003809,reminder,2026-03-25 21:36:48,1,6247.8,329.0,1,0,0,1.0
TXN1003809,escalation,2026-03-25 19:56:48,1,6247.8,234.0,1,0,0,15.0
TXN1003810,retry,2026-05-10 17:09:51,1,753.95,326.0,2,0,0,2.0
TXN1003810,reminder,2026-05-10 15:31:51,1,753.95,26.0,1,0,0,1.0
TXN1003810,escalation,2026-05-10 17:23:51,0,0.0,,1,1,0,15.0
TXN1003813,retry,2026-03-15 06:50:32,1,9411.15,297.0,2,0,0,2.0
TXN1003813,reminder,2026-03-15 08:22:32,1,9411.15,62.0,1,0,0,1.0
TXN1003813,escalation,2026-03-15 07:44:32,1,9411.15,37.0,1,0,0,15.0
TXN1003816,retry,2026-03-05 13:07:33,0,0.0,,2,1,0,2.0
TXN1003816,reminder,2026-03-05 11:56:33,0,0.0,,1,1,0,1.0
TXN1003816,escalation,2026-03-05 11:49:33,0,0.0,,1,1,0,15.0
TXN1003820,retry,2026-05-06 05:38:46,0,0.0,,2,1,0,2.0
TXN1003820,reminder,2026-05-06 07:33:46,1,9929.34,201.0,1,0,0,1.0
TXN1003820,escalation,2026-05-06 06:15:46,0,0.0,,1,1,0,15.0
TXN1003822,retry,2026-04-04 22:03:21,1,646.64,237.0,2,0,0,2.0
TXN1003822,reminder,2026-04-04 20:53:21,0,0.0,,1,1,0,1.0
TXN1003822,escalation,2026-04-04 21:35:21,1,646.64,268.0,1,0,0,15.0
TXN1003824,retry,2026-03-22 13:23:05,1,7329.22,30.0,2,0,0,2.0
TXN1003824,reminder,2026-03-22 11:25:05,0,0.0,,1,1,0,1.0
TXN1003824,escalation,2026-03-22 12:43:05,1,7329.22,341.0,1,0,0,15.0
TXN1003830,retry,2026-02-11 12:31:50,1,4440.68,86.0,4,0,1,2.0
TXN1003830,reminder,2026-02-11 11:59:50,0,0.0,,3,1,0,1.0
TXN1003830,escalation,2026-02-11 12:29:50,0,0.0,,3,1,0,15.0
TXN1003832,retry,2026-05-14 11:27:23,0,0.0,,3,1,0,2.0
TXN1003832,reminder,2026-05-14 13:04:23,0,0.0,,2,1,0,1.0
TXN1003832,escalation,2026-05-14 12:08:23,1,1861.37,334.0,2,0,0,15.0
TXN1003833,retry,2026-03-10 10:19:29,1,6642.48,190.0,2,0,0,2.0
TXN1003833,reminder,2026-03-10 09:56:29,0,0.0,,1,1,0,1.0
TXN1003833,escalation,2026-03-10 09:46:29,1,6642.48,324.0,1,0,0,15.0
TXN1003834,retry,2026-02-14 05:02:20,0,0.0,,3,1,0,2.0
TXN1003834,reminder,2026-02-14 05:18:20,1,7601.96,116.0,2,0,0,1.0
TXN1003834,escalation,2026-02-14 04:51:20,0,0.0,,2,1,0,15.0
TXN1003835,retry,2026-04-28 03:08:27,0,0.0,,3,1,0,2.0
TXN1003835,reminder,2026-04-28 04:06:27,0,0.0,,2,1,0,1.0
TXN1003835,escalation,2026-04-28 02:45:27,1,4090.71,227.0,2,0,0,15.0
TXN1003837,retry,2026-03-30 15:59:39,1,14994.07,268.0,2,0,0,2.0
TXN1003837,reminder,2026-03-30 14:50:39,1,14994.07,122.0,1,0,0,1.0
TXN1003837,escalation,2026-03-30 13:51:39,0,0.0,,1,1,0,15.0
TXN1003838,retry,2026-05-14 00:26:19,1,11532.33,128.0,4,0,1,2.0
TXN1003838,reminder,2026-05-13 23:42:19,1,11532.33,234.0,3,0,0,1.0
TXN1003838,escalation,2026-05-14 01:59:19,0,0.0,,3,1,0,15.0
TXN1003840,retry,2026-05-05 14:06:56,0,0.0,,2,1,0,2.0
TXN1003840,reminder,2026-05-05 15:26:56,1,7368.92,188.0,1,0,0,1.0
TXN1003840,escalation,2026-05-05 15:10:56,1,7368.92,221.0,1,0,0,15.0
TXN1003841,retry,2026-02-28 06:19:57,1,4213.7,230.0,3,0,0,2.0
TXN1003841,reminder,2026-02-28 05:11:57,1,4213.7,219.0,2,0,0,1.0
TXN1003841,escalation,2026-02-28 05:31:57,1,4213.7,2.0,2,0,0,15.0
TXN1003842,retry,2026-02-18 02:27:33,1,2065.96,132.0,2,0,0,2.0
TXN1003842,reminder,2026-02-18 02:18:33,1,2065.96,49.0,1,0,0,1.0
TXN1003842,escalation,2026-02-18 02:28:33,0,0.0,,1,1,0,15.0
TXN1003845,retry,2026-01-10 14:17:42,1,3533.81,77.0,2,0,0,2.0
TXN1003845,reminder,2026-01-10 13:28:42,0,0.0,,1,1,0,1.0
TXN1003845,escalation,2026-01-10 13:19:42,0,0.0,,1,1,0,15.0
TXN1003846,retry,2026-03-02 03:42:56,1,2710.3,164.0,2,0,0,2.0
TXN1003846,reminder,2026-03-02 02:22:56,1,2710.3,158.0,1,0,0,1.0
TXN1003846,escalation,2026-03-02 04:13:56,1,2710.3,6.0,1,0,0,15.0
TXN1003850,retry,2026-02-02 09:00:08,1,2993.2,82.0,3,0,0,2.0
TXN1003850,reminder,2026-02-02 09:57:08,0,0.0,,2,1,0,1.0
TXN1003850,escalation,2026-02-02 09:13:08,1,2993.2,247.0,2,0,0,15.0
TXN1003852,retry,2026-03-09 20:51:17,0,0.0,,4,1,1,2.0
TXN1003852,reminder,2026-03-09 22:23:17,0,0.0,,3,1,0,1.0
TXN1003852,escalation,2026-03-09 20:49:17,1,948.05,190.0,3,0,0,15.0
TXN1003858,retry,2026-03-22 09:16:49,1,2151.12,153.0,4,0,1,2.0
TXN1003858,reminder,2026-03-22 08:21:49,1,2151.12,132.0,3,0,0,1.0
TXN1003858,escalation,2026-03-22 07:26:49,1,2151.12,263.0,3,0,0,15.0
TXN1003865,retry,2026-03-15 17:03:03,1,4971.66,79.0,2,0,0,2.0
TXN1003865,reminder,2026-03-15 17:31:03,0,0.0,,1,1,0,1.0
TXN1003865,escalation,2026-03-15 19:10:03,1,4971.66,72.0,1,0,0,15.0
TXN1003867,retry,2026-02-13 20:09:01,0,0.0,,5,1,1,2.0
TXN1003867,reminder,2026-02-13 20:44:01,1,13975.99,134.0,4,0,0,1.0
TXN1003867,escalation,2026-02-13 18:59:01,0,0.0,,4,1,0,15.0
TXN1003873,retry,2026-06-23 18:42:11,1,26356.61,43.0,2,0,0,2.0
TXN1003873,reminder,2026-06-23 17:07:11,1,26356.61,302.0,1,0,0,1.0
TXN1003873,escalation,2026-06-23 19:20:11,1,26356.61,61.0,1,0,0,15.0
TXN1003876,retry,2026-01-10 15:24:53,1,5115.41,324.0,2,0,0,2.0
TXN1003876,reminder,2026-01-10 14:15:53,0,0.0,,1,1,0,1.0
TXN1003876,escalation,2026-01-10 14:01:53,0,0.0,,1,1,0,15.0
TXN1003878,retry,2026-02-27 00:52:27,1,4312.96,205.0,2,0,0,2.0
TXN1003878,reminder,2026-02-26 23:34:27,0,0.0,,1,1,0,1.0
TXN1003878,escalation,2026-02-27 00:16:27,1,4312.96,207.0,1,0,0,15.0
TXN1003879,retry,2026-06-04 02:36:22,1,9245.79,289.0,2,0,0,2.0
TXN1003879,reminder,2026-06-04 01:26:22,1,9245.79,2.0,1,0,0,1.0
TXN1003879,escalation,2026-06-04 00:44:22,0,0.0,,1,1,0,15.0
TXN1003882,retry,2026-01-18 10:14:55,0,0.0,,4,1,1,2.0
TXN1003882,reminder,2026-01-18 10:44:55,0,0.0,,3,1,0,1.0
TXN1003882,escalation,2026-01-18 12:12:55,0,0.0,,3,1,0,15.0
TXN1003887,retry,2026-03-22 23:53:07,0,0.0,,2,1,0,2.0
TXN1003887,reminder,2026-03-22 23:16:07,0,0.0,,1,1,0,1.0
TXN1003887,escalation,2026-03-23 00:20:07,0,0.0,,1,1,0,15.0
TXN1003888,retry,2026-01-22 16:48:04,0,0.0,,2,1,0,2.0
TXN1003888,reminder,2026-01-22 18:43:04,0,0.0,,1,1,0,1.0
TXN1003888,escalation,2026-01-22 17:32:04,0,0.0,,1,1,0,15.0
TXN1003889,retry,2026-03-22 03:27:28,0,0.0,,2,1,0,2.0
TXN1003889,reminder,2026-03-22 04:26:28,1,1708.44,130.0,1,0,0,1.0
TXN1003889,escalation,2026-03-22 02:04:28,1,1708.44,268.0,1,0,0,15.0
TXN1003891,retry,2026-04-03 05:42:40,0,0.0,,4,1,1,2.0
TXN1003891,reminder,2026-04-03 05:08:40,1,3440.12,328.0,3,0,0,1.0
TXN1003891,escalation,2026-04-03 05:23:40,0,0.0,,3,1,0,15.0
TXN1003892,retry,2026-05-05 00:40:17,0,0.0,,2,1,0,2.0
TXN1003892,reminder,2026-05-05 01:06:17,1,6507.01,293.0,1,0,0,1.0
TXN1003892,escalation,2026-05-05 03:08:17,1,6507.01,221.0,1,0,0,15.0
TXN1003894,retry,2026-02-13 20:45:36,0,0.0,,3,1,0,2.0
TXN1003894,reminder,2026-02-13 19:57:36,1,4736.18,258.0,2,0,0,1.0
TXN1003894,escalation,2026-02-13 20:17:36,1,4736.18,320.0,2,0,0,15.0
TXN1003895,retry,2026-04-23 08:10:11,0,0.0,,3,1,0,2.0
TXN1003895,reminder,2026-04-23 09:28:11,1,7770.38,270.0,2,0,0,1.0
TXN1003895,escalation,2026-04-23 09:48:11,1,7770.38,313.0,2,0,0,15.0
TXN1003903,retry,2026-01-07 20:22:00,0,0.0,,2,1,0,2.0
TXN1003903,reminder,2026-01-07 18:53:00,1,2111.66,107.0,1,0,0,1.0
TXN1003903,escalation,2026-01-07 20:26:00,1,2111.66,180.0,1,0,0,15.0
TXN1003904,retry,2026-06-13 09:28:50,0,0.0,,3,1,0,2.0
TXN1003904,reminder,2026-06-13 09:27:50,1,1297.53,39.0,2,0,0,1.0
TXN1003904,escalation,2026-06-13 09:47:50,1,1297.53,196.0,2,0,0,15.0
TXN1003907,retry,2026-06-19 08:36:48,1,10975.84,45.0,4,0,1,2.0
TXN1003907,reminder,2026-06-19 08:05:48,1,10975.84,108.0,3,0,0,1.0
TXN1003907,escalation,2026-06-19 06:55:48,0,0.0,,3,1,0,15.0
TXN1003909,retry,2026-01-01 07:38:25,0,0.0,,2,1,0,2.0
TXN1003909,reminder,2026-01-01 08:40:25,1,8940.5,33.0,1,0,0,1.0
TXN1003909,escalation,2026-01-01 09:38:25,0,0.0,,1,1,0,15.0
TXN1003911,retry,2026-04-15 14:22:19,0,0.0,,2,1,0,2.0
TXN1003911,reminder,2026-04-15 14:31:19,1,1169.45,8.0,1,0,0,1.0
TXN1003911,escalation,2026-04-15 15:22:19,1,1169.45,178.0,1,0,0,15.0
TXN1003913,retry,2026-02-24 01:19:38,1,962.87,191.0,2,0,0,2.0
TXN1003913,reminder,2026-02-24 02:40:38,0,0.0,,1,1,0,1.0
TXN1003913,escalation,2026-02-24 00:10:38,1,962.87,237.0,1,0,0,15.0
TXN1003932,retry,2026-01-29 07:55:15,1,1745.29,140.0,3,0,0,2.0
TXN1003932,reminder,2026-01-29 08:34:15,1,1745.29,22.0,2,0,0,1.0
TXN1003932,escalation,2026-01-29 06:45:15,1,1745.29,61.0,2,0,0,15.0
TXN1003933,retry,2026-02-02 01:23:34,0,0.0,,5,1,1,2.0
TXN1003933,reminder,2026-02-02 02:48:34,1,829.61,205.0,4,0,0,1.0
TXN1003933,escalation,2026-02-02 02:10:34,1,829.61,238.0,4,0,0,15.0
TXN1003938,retry,2026-04-15 00:52:05,0,0.0,,4,1,1,2.0
TXN1003938,reminder,2026-04-15 00:15:05,0,0.0,,3,1,0,1.0
TXN1003938,escalation,2026-04-15 01:57:05,0,0.0,,3,1,0,15.0
TXN1003939,retry,2026-03-07 04:56:37,0,0.0,,3,1,0,2.0
TXN1003939,reminder,2026-03-07 04:37:37,1,17110.59,141.0,2,0,0,1.0
TXN1003939,escalation,2026-03-07 03:20:37,1,17110.59,41.0,2,0,0,15.0
TXN1003941,retry,2026-02-27 15:05:28,1,4968.19,102.0,5,0,1,2.0
TXN1003941,reminder,2026-02-27 15:59:28,1,4968.19,184.0,4,0,0,1.0
TXN1003941,escalation,2026-02-27 15:03:28,0,0.0,,4,1,0,15.0
TXN1003942,retry,2026-01-03 17:46:31,1,17623.98,37.0,2,0,0,2.0
TXN1003942,reminder,2026-01-03 17:47:31,1,17623.98,341.0,1,0,0,1.0
TXN1003942,escalation,2026-01-03 19:57:31,1,17623.98,256.0,1,0,0,15.0
TXN1003943,retry,2026-02-05 20:53:00,0,0.0,,2,1,0,2.0
TXN1003943,reminder,2026-02-05 22:40:00,1,7117.75,75.0,1,0,0,1.0
TXN1003943,escalation,2026-02-05 20:49:00,0,0.0,,1,1,0,15.0
TXN1003945,retry,2026-04-27 06:51:30,1,1205.48,2.0,2,0,0,2.0
TXN1003945,reminder,2026-04-27 05:41:30,1,1205.48,334.0,1,0,0,1.0
TXN1003945,escalation,2026-04-27 06:05:30,0,0.0,,1,1,0,15.0
TXN1003952,retry,2026-01-24 16:19:19,0,0.0,,3,1,0,2.0
TXN1003952,reminder,2026-01-24 18:09:19,1,7121.46,192.0,2,0,0,1.0
TXN1003952,escalation,2026-01-24 18:40:19,0,0.0,,2,1,0,15.0
TXN1003954,retry,2026-05-08 22:51:03,1,698.16,347.0,2,0,0,2.0
TXN1003954,reminder,2026-05-08 23:55:03,0,0.0,,1,1,0,1.0
TXN1003954,escalation,2026-05-08 23:05:03,1,698.16,321.0,1,0,0,15.0
TXN1003958,retry,2026-02-13 18:03:22,0,0.0,,3,1,0,2.0
TXN1003958,reminder,2026-02-13 15:52:22,1,5375.96,281.0,2,0,0,1.0
TXN1003958,escalation,2026-02-13 18:14:22,1,5375.96,177.0,2,0,0,15.0
TXN1003960,retry,2026-06-02 21:48:36,0,0.0,,3,1,0,2.0
TXN1003960,reminder,2026-06-02 20:49:36,0,0.0,,2,1,0,1.0
TXN1003960,escalation,2026-06-02 19:28:36,1,8847.26,289.0,2,0,0,15.0
TXN1003962,retry,2026-04-11 17:29:10,1,2858.43,109.0,4,0,1,2.0
TXN1003962,reminder,2026-04-11 16:34:10,1,2858.43,331.0,3,0,0,1.0
TXN1003962,escalation,2026-04-11 18:09:10,0,0.0,,3,1,0,15.0
TXN1003964,retry,2026-03-30 18:56:35,0,0.0,,3,1,0,2.0
TXN1003964,reminder,2026-03-30 19:02:35,1,2353.55,243.0,2,0,0,1.0
TXN1003964,escalation,2026-03-30 17:22:35,0,0.0,,2,1,0,15.0
TXN1003965,retry,2026-06-28 16:38:13,1,473.75,309.0,3,0,0,2.0
TXN1003965,reminder,2026-06-28 15:10:13,1,473.75,339.0,2,0,0,1.0
TXN1003965,escalation,2026-06-28 16:11:13,0,0.0,,2,1,1,15.0
TXN1003966,retry,2026-06-01 09:55:18,1,4059.64,186.0,2,0,0,2.0
TXN1003966,reminder,2026-06-01 09:16:18,0,0.0,,1,1,0,1.0
TXN1003966,escalation,2026-06-01 10:40:18,1,4059.64,96.0,1,0,0,15.0
TXN1003970,retry,2026-04-26 00:33:07,0,0.0,,3,1,0,2.0
TXN1003970,reminder,2026-04-26 00:57:07,0,0.0,,2,1,0,1.0
TXN1003970,escalation,2026-04-26 02:08:07,1,7422.85,303.0,2,0,0,15.0
TXN1003975,retry,2026-02-24 14:44:55,1,1348.08,179.0,2,0,0,2.0
TXN1003975,reminder,2026-02-24 14:52:55,0,0.0,,1,1,0,1.0
TXN1003975,escalation,2026-02-24 14:36:55,0,0.0,,1,1,0,15.0
TXN1003976,retry,2026-06-12 16:52:03,1,2488.15,149.0,2,0,0,2.0
TXN1003976,reminder,2026-06-12 15:48:03,0,0.0,,1,1,0,1.0
TXN1003976,escalation,2026-06-12 16:06:03,1,2488.15,231.0,1,0,0,15.0
TXN1003978,retry,2026-05-10 13:33:04,1,3425.39,110.0,5,0,1,2.0
TXN1003978,reminder,2026-05-10 13:16:04,0,0.0,,4,1,0,1.0
TXN1003978,escalation,2026-05-10 13:20:04,0,0.0,,4,1,0,15.0
TXN1003979,retry,2026-01-10 11:29:14,0,0.0,,2,1,0,2.0
TXN1003979,reminder,2026-01-10 10:04:14,1,3916.84,165.0,1,0,0,1.0
TXN1003979,escalation,2026-01-10 12:24:14,0,0.0,,1,1,0,15.0
TXN1003980,retry,2026-06-13 22:49:08,1,2489.29,350.0,5,0,1,2.0
TXN1003980,reminder,2026-06-13 22:46:08,0,0.0,,4,1,0,1.0
TXN1003980,escalation,2026-06-13 23:02:08,0,0.0,,4,1,0,15.0
TXN1003982,retry,2026-06-05 12:55:41,1,1038.92,235.0,5,0,1,2.0
TXN1003982,reminder,2026-06-05 14:19:41,1,1038.92,166.0,4,0,0,1.0
TXN1003982,escalation,2026-06-05 14:12:41,1,1038.92,336.0,4,0,0,15.0
TXN1003983,retry,2026-01-14 21:13:13,1,4845.28,156.0,2,0,0,2.0
TXN1003983,reminder,2026-01-14 23:49:13,1,4845.28,219.0,1,0,0,1.0
TXN1003983,escalation,2026-01-14 21:26:13,1,4845.28,212.0,1,0,0,15.0
TXN1003984,retry,2026-03-06 01:48:47,1,1118.66,109.0,2,0,0,2.0
TXN1003984,reminder,2026-03-06 00:20:47,0,0.0,,1,1,0,1.0
TXN1003984,escalation,2026-03-06 01:55:47,1,1118.66,7.0,1,0,0,15.0
TXN1003985,retry,2026-04-18 03:36:26,0,0.0,,2,1,0,2.0
TXN1003985,reminder,2026-04-18 02:32:26,0,0.0,,1,1,0,1.0
TXN1003985,escalation,2026-04-18 05:13:26,1,1299.3,233.0,1,0,0,15.0
TXN1003990,retry,2026-05-24 05:46:13,1,5024.52,168.0,2,0,0,2.0
TXN1003990,reminder,2026-05-24 05:54:13,0,0.0,,1,1,0,1.0
TXN1003990,escalation,2026-05-24 05:28:13,0,0.0,,1,1,0,15.0
TXN1003991,retry,2026-05-11 21:48:21,1,54232.0,320.0,3,0,0,2.0
TXN1003991,reminder,2026-05-12 00:33:21,0,0.0,,2,1,0,1.0
TXN1003991,escalation,2026-05-11 22:12:21,1,54232.0,331.0,2,0,0,15.0
TXN1003994,retry,2026-06-16 08:55:44,1,8505.57,132.0,2,0,0,2.0
TXN1003994,reminder,2026-06-16 10:44:44,1,8505.57,96.0,1,0,0,1.0
TXN1003994,escalation,2026-06-16 10:38:44,0,0.0,,1,1,0,15.0
TXN1003997,retry,2026-04-30 02:49:11,1,1613.18,85.0,2,0,0,2.0
TXN1003997,reminder,2026-04-30 02:28:11,0,0.0,,1,1,0,1.0
TXN1003997,escalation,2026-04-30 01:46:11,1,1613.18,28.0,1,0,0,15.0
TXN1003999,retry,2026-06-17 10:36:52,1,1849.88,300.0,4,0,1,2.0
TXN1003999,reminder,2026-06-17 09:49:52,1,1849.88,352.0,3,0,0,1.0
TXN1003999,escalation,2026-06-17 11:00:52,1,1849.88,273.0,3,0,0,15.0
TXN1004000,retry,2026-06-29 12:07:19,0,0.0,,2,1,0,2.0
TXN1004000,reminder,2026-06-29 11:28:19,0,0.0,,1,1,0,1.0
TXN1004000,escalation,2026-06-29 12:13:19,1,5275.13,265.0,1,0,0,15.0
TXN1004001,retry,2026-01-24 03:57:22,1,1768.78,305.0,3,0,0,2.0
TXN1004001,reminder,2026-01-24 04:53:22,0,0.0,,2,1,0,1.0
TXN1004001,escalation,2026-01-24 04:01:22,0,0.0,,2,1,0,15.0
TXN1004007,retry,2026-06-17 01:16:12,0,0.0,,4,1,1,2.0
TXN1004007,reminder,2026-06-17 01:26:12,0,0.0,,3,1,0,1.0
TXN1004007,escalation,2026-06-17 03:55:12,0,0.0,,3,1,0,15.0
TXN1004009,retry,2026-06-01 03:44:04,1,3294.89,81.0,2,0,0,2.0
TXN1004009,reminder,2026-06-01 02:45:04,1,3294.89,205.0,1,0,0,1.0
TXN1004009,escalation,2026-06-01 02:59:04,1,3294.89,18.0,1,0,0,15.0
TXN1004010,retry,2026-04-09 19:20:31,0,0.0,,3,1,0,2.0
TXN1004010,reminder,2026-04-09 19:36:31,0,0.0,,2,1,0,1.0
TXN1004010,escalation,2026-04-09 19:38:31,1,3202.41,311.0,2,0,0,15.0
TXN1004014,retry,2026-01-31 22:39:08,0,0.0,,2,1,0,2.0
TXN1004014,reminder,2026-02-01 00:54:08,1,39218.48,249.0,1,0,0,1.0
TXN1004014,escalation,2026-02-01 00:11:08,1,39218.48,204.0,1,0,0,15.0
TXN1004017,retry,2026-03-29 04:43:10,1,4510.94,229.0,2,0,0,2.0
TXN1004017,reminder,2026-03-29 05:30:10,1,4510.94,107.0,1,0,0,1.0
TXN1004017,escalation,2026-03-29 05:23:10,1,4510.94,227.0,1,0,0,15.0
TXN1004022,retry,2026-06-20 10:54:02,1,11206.83,345.0,2,0,0,2.0
TXN1004022,reminder,2026-06-20 10:12:02,0,0.0,,1,1,0,1.0
TXN1004022,escalation,2026-06-20 11:01:02,0,0.0,,1,1,0,15.0
TXN1004023,retry,2026-05-03 19:05:47,0,0.0,,3,1,0,2.0
TXN1004023,reminder,2026-05-03 18:40:47,0,0.0,,2,1,0,1.0
TXN1004023,escalation,2026-05-03 19:23:47,1,5897.26,232.0,2,0,0,15.0
TXN1004025,retry,2026-05-31 00:06:06,1,16435.74,20.0,5,0,1,2.0
TXN1004025,reminder,2026-05-31 00:56:06,0,0.0,,4,1,0,1.0
TXN1004025,escalation,2026-05-31 02:12:06,0,0.0,,4,1,0,15.0
TXN1004028,retry,2026-03-28 20:28:30,1,1726.81,293.0,2,0,0,2.0
TXN1004028,reminder,2026-03-28 20:51:30,0,0.0,,1,1,0,1.0
TXN1004028,escalation,2026-03-28 22:24:30,0,0.0,,1,1,0,15.0
TXN1004030,retry,2026-02-05 05:47:16,1,4084.08,356.0,3,0,0,2.0
TXN1004030,reminder,2026-02-05 06:17:16,0,0.0,,2,1,0,1.0
TXN1004030,escalation,2026-02-05 03:57:16,0,0.0,,2,1,0,15.0
TXN1004034,retry,2026-04-04 22:32:51,0,0.0,,3,1,0,2.0
TXN1004034,reminder,2026-04-04 21:11:51,0,0.0,,2,1,0,1.0
TXN1004034,escalation,2026-04-04 23:07:51,0,0.0,,2,1,0,15.0
TXN1004036,retry,2026-06-26 21:42:10,1,4154.34,203.0,3,0,0,2.0
TXN1004036,reminder,2026-06-26 21:51:10,1,4154.34,258.0,2,0,0,1.0
TXN1004036,escalation,2026-06-26 22:54:10,1,4154.34,128.0,2,0,0,15.0
TXN1004039,retry,2026-03-12 10:16:45,1,1860.73,215.0,2,0,0,2.0
TXN1004039,reminder,2026-03-12 10:57:45,1,1860.73,298.0,1,0,0,1.0
TXN1004039,escalation,2026-03-12 11:34:45,1,1860.73,64.0,1,0,0,15.0
TXN1004044,retry,2026-06-16 11:00:55,0,0.0,,4,1,1,2.0
TXN1004044,reminder,2026-06-16 13:04:55,0,0.0,,3,1,0,1.0
TXN1004044,escalation,2026-06-16 13:05:55,0,0.0,,3,1,0,15.0
TXN1004045,retry,2026-06-18 07:02:11,1,3653.06,318.0,2,0,0,2.0
TXN1004045,reminder,2026-06-18 06:03:11,1,3653.06,101.0,1,0,0,1.0
TXN1004045,escalation,2026-06-18 07:31:11,0,0.0,,1,1,0,15.0
TXN1004047,retry,2026-06-27 06:51:24,1,1786.95,105.0,3,0,0,2.0
TXN1004047,reminder,2026-06-27 07:28:24,0,0.0,,2,1,0,1.0
TXN1004047,escalation,2026-06-27 07:19:24,1,1786.95,252.0,2,0,0,15.0
TXN1004049,retry,2026-05-15 17:45:00,0,0.0,,4,1,1,2.0
TXN1004049,reminder,2026-05-15 15:47:00,0,0.0,,3,1,0,1.0
TXN1004049,escalation,2026-05-15 15:17:00,1,972.67,245.0,3,0,0,15.0
TXN1004050,retry,2026-04-04 16:26:31,1,3698.45,136.0,3,0,0,2.0
TXN1004050,reminder,2026-04-04 17:10:31,0,0.0,,2,1,0,1.0
TXN1004050,escalation,2026-04-04 16:49:31,1,3698.45,283.0,2,0,0,15.0
TXN1004051,retry,2026-02-06 17:14:42,0,0.0,,2,1,0,2.0
TXN1004051,reminder,2026-02-06 16:10:42,1,3228.41,348.0,1,0,0,1.0
TXN1004051,escalation,2026-02-06 15:34:42,0,0.0,,1,1,0,15.0
TXN1004052,retry,2026-02-09 13:27:33,0,0.0,,2,1,0,2.0
TXN1004052,reminder,2026-02-09 13:30:33,1,2203.93,255.0,1,0,0,1.0
TXN1004052,escalation,2026-02-09 14:20:33,0,0.0,,1,1,0,15.0
TXN1004053,retry,2026-03-26 09:09:58,0,0.0,,3,1,0,2.0
TXN1004053,reminder,2026-03-26 11:40:58,1,3354.16,58.0,2,0,0,1.0
TXN1004053,escalation,2026-03-26 09:33:58,0,0.0,,2,1,0,15.0
TXN1004054,retry,2026-04-05 13:31:19,0,0.0,,3,1,0,2.0
TXN1004054,reminder,2026-04-05 13:29:19,1,8243.09,131.0,2,0,0,1.0
TXN1004054,escalation,2026-04-05 15:22:19,1,8243.09,174.0,2,0,0,15.0
TXN1004055,retry,2026-04-23 01:42:00,0,0.0,,3,1,0,2.0
TXN1004055,reminder,2026-04-23 02:30:00,0,0.0,,2,1,0,1.0
TXN1004055,escalation,2026-04-23 01:01:00,0,0.0,,2,1,0,15.0
TXN1004056,retry,2026-03-29 19:41:25,1,7110.89,351.0,2,0,0,2.0
TXN1004056,reminder,2026-03-29 18:46:25,1,7110.89,242.0,1,0,0,1.0
TXN1004056,escalation,2026-03-29 17:47:25,1,7110.89,53.0,1,0,0,15.0
TXN1004058,retry,2026-04-03 07:31:55,1,11740.28,329.0,3,0,0,2.0
TXN1004058,reminder,2026-04-03 07:28:55,1,11740.28,112.0,2,0,0,1.0
TXN1004058,escalation,2026-04-03 06:29:55,1,11740.28,67.0,2,0,0,15.0
TXN1004059,retry,2026-05-11 21:56:37,1,2803.44,27.0,3,0,0,2.0
TXN1004059,reminder,2026-05-11 21:34:37,0,0.0,,2,1,0,1.0
TXN1004059,escalation,2026-05-11 21:40:37,0,0.0,,2,1,0,15.0
TXN1004060,retry,2026-02-01 16:53:14,1,9103.81,236.0,3,0,0,2.0
TXN1004060,reminder,2026-02-01 14:51:14,1,9103.81,232.0,2,0,0,1.0
TXN1004060,escalation,2026-02-01 15:16:14,0,0.0,,2,1,0,15.0
TXN1004061,retry,2026-05-05 21:33:27,1,2525.17,94.0,2,0,0,2.0
TXN1004061,reminder,2026-05-05 20:45:27,1,2525.17,201.0,1,0,0,1.0
TXN1004061,escalation,2026-05-05 22:39:27,1,2525.17,203.0,1,0,0,15.0
TXN1004066,retry,2026-05-17 02:28:11,0,0.0,,2,1,0,2.0
TXN1004066,reminder,2026-05-17 02:00:11,1,5088.02,186.0,1,0,0,1.0
TXN1004066,escalation,2026-05-17 01:36:11,0,0.0,,1,1,0,15.0
TXN1004070,retry,2026-01-15 15:38:35,0,0.0,,4,1,1,2.0
TXN1004070,reminder,2026-01-15 16:15:35,0,0.0,,3,1,0,1.0
TXN1004070,escalation,2026-01-15 17:45:35,1,1898.51,125.0,3,0,0,15.0
TXN1004075,retry,2026-05-16 23:57:59,0,0.0,,2,1,0,2.0
TXN1004075,reminder,2026-05-17 01:32:59,0,0.0,,1,1,0,1.0
TXN1004075,escalation,2026-05-17 01:19:59,1,5573.85,129.0,1,0,0,15.0
TXN1004076,retry,2026-01-11 02:41:22,1,1794.35,164.0,2,0,0,2.0
TXN1004076,reminder,2026-01-11 00:40:22,1,1794.35,206.0,1,0,0,1.0
TXN1004076,escalation,2026-01-10 23:57:22,1,1794.35,283.0,1,0,0,15.0
TXN1004078,retry,2026-03-15 19:34:15,1,6405.71,186.0,2,0,0,2.0
TXN1004078,reminder,2026-03-15 20:06:15,1,6405.71,151.0,1,0,0,1.0
TXN1004078,escalation,2026-03-15 21:16:15,0,0.0,,1,1,0,15.0
TXN1004079,retry,2026-02-11 21:42:24,1,8477.12,43.0,2,0,0,2.0
TXN1004079,reminder,2026-02-11 20:59:24,0,0.0,,1,1,0,1.0
TXN1004079,escalation,2026-02-11 21:20:24,0,0.0,,1,1,0,15.0
TXN1004085,retry,2026-03-13 08:47:19,0,0.0,,2,1,0,2.0
TXN1004085,reminder,2026-03-13 08:17:19,1,2481.41,211.0,1,0,0,1.0
TXN1004085,escalation,2026-03-13 09:00:19,1,2481.41,346.0,1,0,0,15.0
TXN1004087,retry,2026-02-15 13:17:25,1,3998.69,308.0,2,0,0,2.0
TXN1004087,reminder,2026-02-15 11:16:25,1,3998.69,6.0,1,0,0,1.0
TXN1004087,escalation,2026-02-15 12:56:25,0,0.0,,1,1,0,15.0
TXN1004090,retry,2026-04-08 06:29:10,1,3759.83,157.0,3,0,0,2.0
TXN1004090,reminder,2026-04-08 07:03:10,1,3759.83,231.0,2,0,0,1.0
TXN1004090,escalation,2026-04-08 07:00:10,1,3759.83,171.0,2,0,0,15.0
TXN1004091,retry,2026-02-19 04:19:34,0,0.0,,4,1,1,2.0
TXN1004091,reminder,2026-02-19 04:48:34,0,0.0,,3,1,0,1.0
TXN1004091,escalation,2026-02-19 05:36:34,0,0.0,,3,1,0,15.0
TXN1004092,retry,2026-04-11 20:49:26,1,1700.23,122.0,2,0,0,2.0
TXN1004092,reminder,2026-04-11 19:24:26,0,0.0,,1,1,0,1.0
TXN1004092,escalation,2026-04-11 21:01:26,1,1700.23,81.0,1,0,0,15.0
TXN1004098,retry,2026-04-06 09:15:44,1,804.4,267.0,4,0,1,2.0
TXN1004098,reminder,2026-04-06 11:04:44,1,804.4,219.0,3,0,0,1.0
TXN1004098,escalation,2026-04-06 09:45:44,1,804.4,62.0,3,0,0,15.0
TXN1004100,retry,2026-02-18 18:09:15,1,3666.68,217.0,3,0,0,2.0
TXN1004100,reminder,2026-02-18 17:30:15,0,0.0,,2,1,0,1.0
TXN1004100,escalation,2026-02-18 18:23:15,1,3666.68,280.0,2,0,0,15.0
TXN1004101,retry,2026-05-28 18:29:38,1,29123.38,19.0,2,0,0,2.0
TXN1004101,reminder,2026-05-28 19:18:38,0,0.0,,1,1,0,1.0
TXN1004101,escalation,2026-05-28 17:47:38,0,0.0,,1,1,0,15.0
TXN1004104,retry,2026-05-15 22:05:25,0,0.0,,3,1,0,2.0
TXN1004104,reminder,2026-05-15 23:04:25,1,924.69,107.0,2,0,0,1.0
TXN1004104,escalation,2026-05-15 23:07:25,1,924.69,233.0,2,0,0,15.0
TXN1004112,retry,2026-06-04 05:10:11,1,12300.94,117.0,2,0,0,2.0
TXN1004112,reminder,2026-06-04 05:42:11,0,0.0,,1,1,0,1.0
TXN1004112,escalation,2026-06-04 07:01:11,0,0.0,,1,1,0,15.0
TXN1004113,retry,2026-05-01 19:26:56,0,0.0,,2,1,0,2.0
TXN1004113,reminder,2026-05-01 18:22:56,0,0.0,,1,1,0,1.0
TXN1004113,escalation,2026-05-01 17:07:56,1,2088.89,117.0,1,0,0,15.0
TXN1004119,retry,2026-05-22 12:38:28,0,0.0,,5,1,1,2.0
TXN1004119,reminder,2026-05-22 10:34:28,0,0.0,,4,1,0,1.0
TXN1004119,escalation,2026-05-22 11:45:28,0,0.0,,4,1,0,15.0
TXN1004121,retry,2026-03-16 22:01:05,0,0.0,,3,1,0,2.0
TXN1004121,reminder,2026-03-16 21:56:05,1,3257.61,66.0,2,0,0,1.0
TXN1004121,escalation,2026-03-16 22:46:05,0,0.0,,2,1,0,15.0
TXN1004124,retry,2026-04-19 08:26:53,0,0.0,,2,1,0,2.0
TXN1004124,reminder,2026-04-19 09:18:53,1,1855.08,180.0,1,0,0,1.0
TXN1004124,escalation,2026-04-19 08:06:53,0,0.0,,1,1,0,15.0
TXN1004125,retry,2026-01-22 05:17:47,0,0.0,,3,1,0,2.0
TXN1004125,reminder,2026-01-22 05:45:47,1,8158.32,84.0,2,0,0,1.0
TXN1004125,escalation,2026-01-22 06:18:47,1,8158.32,309.0,2,0,0,15.0
TXN1004129,retry,2026-02-14 00:43:42,1,5661.53,290.0,3,0,0,2.0
TXN1004129,reminder,2026-02-13 23:50:42,1,5661.53,154.0,2,0,0,1.0
TXN1004129,escalation,2026-02-13 22:24:42,1,5661.53,221.0,2,0,0,15.0
TXN1004133,retry,2026-05-21 22:27:02,0,0.0,,3,1,0,2.0
TXN1004133,reminder,2026-05-21 22:14:02,0,0.0,,2,1,0,1.0
TXN1004133,escalation,2026-05-21 20:43:02,1,1197.54,205.0,2,0,0,15.0
TXN1004136,retry,2026-04-13 03:28:02,1,978.19,42.0,2,0,0,2.0
TXN1004136,reminder,2026-04-13 03:45:02,1,978.19,65.0,1,0,0,1.0
TXN1004136,escalation,2026-04-13 03:34:02,1,978.19,81.0,1,0,0,15.0
TXN1004137,retry,2026-06-17 16:37:55,1,6408.91,148.0,2,0,0,2.0
TXN1004137,reminder,2026-06-17 17:11:55,1,6408.91,166.0,1,0,0,1.0
TXN1004137,escalation,2026-06-17 19:02:55,0,0.0,,1,1,0,15.0
TXN1004138,retry,2026-06-04 03:08:14,1,1563.31,54.0,3,0,0,2.0
TXN1004138,reminder,2026-06-04 02:02:14,0,0.0,,2,1,0,1.0
TXN1004138,escalation,2026-06-04 02:59:14,1,1563.31,40.0,2,0,0,15.0
TXN1004141,retry,2026-04-11 19:08:08,1,4969.06,111.0,2,0,0,2.0
TXN1004141,reminder,2026-04-11 17:59:08,0,0.0,,1,1,0,1.0
TXN1004141,escalation,2026-04-11 19:53:08,0,0.0,,1,1,0,15.0
TXN1004142,retry,2026-04-19 01:21:21,1,3595.56,17.0,2,0,0,2.0
TXN1004142,reminder,2026-04-19 01:53:21,1,3595.56,25.0,1,0,0,1.0
TXN1004142,escalation,2026-04-19 01:20:21,1,3595.56,333.0,1,0,0,15.0
TXN1004145,retry,2026-05-02 18:32:40,1,7663.61,43.0,2,0,0,2.0
TXN1004145,reminder,2026-05-02 19:11:40,1,7663.61,157.0,1,0,0,1.0
TXN1004145,escalation,2026-05-02 16:39:40,0,0.0,,1,1,0,15.0
TXN1004147,retry,2026-05-18 16:31:54,1,4220.67,144.0,2,0,0,2.0
TXN1004147,reminder,2026-05-18 16:57:54,1,4220.67,333.0,1,0,0,1.0
TXN1004147,escalation,2026-05-18 15:17:54,1,4220.67,299.0,1,0,0,15.0
TXN1004149,retry,2026-06-28 14:56:31,1,6818.08,157.0,2,0,0,2.0
TXN1004149,reminder,2026-06-28 15:06:31,0,0.0,,1,1,0,1.0
TXN1004149,escalation,2026-06-28 14:28:31,1,6818.08,72.0,1,0,0,15.0
TXN1004152,retry,2026-04-21 15:02:23,1,2721.88,93.0,2,0,0,2.0
TXN1004152,reminder,2026-04-21 13:23:23,1,2721.88,265.0,1,0,0,1.0
TXN1004152,escalation,2026-04-21 15:05:23,0,0.0,,1,1,0,15.0
TXN1004153,retry,2026-02-06 23:51:25,1,3211.9,131.0,3,0,0,2.0
TXN1004153,reminder,2026-02-07 00:30:25,1,3211.9,273.0,2,0,0,1.0
TXN1004153,escalation,2026-02-07 01:12:25,0,0.0,,2,1,0,15.0
TXN1004157,retry,2026-01-10 04:33:44,1,5120.1,40.0,2,0,0,2.0
TXN1004157,reminder,2026-01-10 04:35:44,0,0.0,,1,1,0,1.0
TXN1004157,escalation,2026-01-10 02:32:44,0,0.0,,1,1,0,15.0
TXN1004161,retry,2026-03-18 09:26:27,0,0.0,,4,1,1,2.0
TXN1004161,reminder,2026-03-18 09:59:27,1,3961.68,146.0,3,0,0,1.0
TXN1004161,escalation,2026-03-18 10:26:27,0,0.0,,3,1,0,15.0
TXN1004163,retry,2026-05-24 16:08:58,1,4133.4,48.0,2,0,0,2.0
TXN1004163,reminder,2026-05-24 14:29:58,1,4133.4,58.0,1,0,0,1.0
TXN1004163,escalation,2026-05-24 15:44:58,1,4133.4,127.0,1,0,0,15.0
TXN1004164,retry,2026-05-04 15:54:52,0,0.0,,3,1,0,2.0
TXN1004164,reminder,2026-05-04 18:24:52,1,1111.69,118.0,2,0,0,1.0
TXN1004164,escalation,2026-05-04 16:21:52,1,1111.69,207.0,2,0,0,15.0
TXN1004165,retry,2026-06-02 14:18:44,1,2049.64,217.0,4,0,1,2.0
TXN1004165,reminder,2026-06-02 12:45:44,0,0.0,,3,1,0,1.0
TXN1004165,escalation,2026-06-02 12:57:44,1,2049.64,284.0,3,0,0,15.0
TXN1004168,retry,2026-01-01 05:09:54,0,0.0,,3,1,0,2.0
TXN1004168,reminder,2026-01-01 05:09:54,1,4808.81,256.0,2,0,0,1.0
TXN1004168,escalation,2026-01-01 06:24:54,1,4808.81,148.0,2,0,0,15.0
TXN1004170,retry,2026-05-25 01:06:49,1,2947.35,345.0,2,0,0,2.0
TXN1004170,reminder,2026-05-25 02:33:49,0,0.0,,1,1,0,1.0
TXN1004170,escalation,2026-05-25 01:59:49,0,0.0,,1,1,0,15.0
TXN1004172,retry,2026-03-09 07:02:38,0,0.0,,2,1,0,2.0
TXN1004172,reminder,2026-03-09 08:04:38,0,0.0,,1,1,0,1.0
TXN1004172,escalation,2026-03-09 06:45:38,1,27248.63,250.0,1,0,0,15.0
TXN1004173,retry,2026-04-29 11:21:37,0,0.0,,2,1,0,2.0
TXN1004173,reminder,2026-04-29 08:57:37,0,0.0,,1,1,0,1.0
TXN1004173,escalation,2026-04-29 10:50:37,1,3136.19,249.0,1,0,0,15.0
TXN1004174,retry,2026-02-15 20:26:55,0,0.0,,5,1,1,2.0
TXN1004174,reminder,2026-02-15 19:16:55,0,0.0,,4,1,0,1.0
TXN1004174,escalation,2026-02-15 17:59:55,0,0.0,,4,1,0,15.0
TXN1004175,retry,2026-01-10 13:27:29,0,0.0,,3,1,0,2.0
TXN1004175,reminder,2026-01-10 14:43:29,1,2265.06,256.0,2,0,0,1.0
TXN1004175,escalation,2026-01-10 14:01:29,0,0.0,,2,1,0,15.0
TXN1004179,retry,2026-04-25 10:53:29,1,1798.56,331.0,3,0,0,2.0
TXN1004179,reminder,2026-04-25 11:08:29,0,0.0,,2,1,0,1.0
TXN1004179,escalation,2026-04-25 11:53:29,1,1798.56,114.0,2,0,0,15.0
TXN1004183,retry,2026-06-07 15:34:45,1,5953.07,86.0,3,0,0,2.0
TXN1004183,reminder,2026-06-07 18:19:45,0,0.0,,2,1,0,1.0
TXN1004183,escalation,2026-06-07 15:44:45,0,0.0,,2,1,0,15.0
TXN1004184,retry,2026-02-03 11:59:01,0,0.0,,2,1,0,2.0
TXN1004184,reminder,2026-02-03 11:22:01,1,7753.74,355.0,1,0,0,1.0
TXN1004184,escalation,2026-02-03 10:07:01,0,0.0,,1,1,0,15.0
TXN1004185,retry,2026-04-02 11:34:20,1,3134.21,71.0,2,0,0,2.0
TXN1004185,reminder,2026-04-02 13:52:20,0,0.0,,1,1,0,1.0
TXN1004185,escalation,2026-04-02 12:41:20,0,0.0,,1,1,0,15.0
TXN1004187,retry,2026-03-25 09:10:29,1,17001.69,126.0,4,0,1,2.0
TXN1004187,reminder,2026-03-25 09:40:29,0,0.0,,3,1,0,1.0
TXN1004187,escalation,2026-03-25 10:25:29,0,0.0,,3,1,0,15.0
TXN1004189,retry,2026-06-27 01:54:49,1,10885.56,342.0,2,0,0,2.0
TXN1004189,reminder,2026-06-27 01:06:49,1,10885.56,148.0,1,0,0,1.0
TXN1004189,escalation,2026-06-27 00:29:49,0,0.0,,1,1,0,15.0
TXN1004190,retry,2026-02-25 04:45:43,1,1422.32,186.0,2,0,0,2.0
TXN1004190,reminder,2026-02-25 06:09:43,1,1422.32,91.0,1,0,0,1.0
TXN1004190,escalation,2026-02-25 07:07:43,1,1422.32,263.0,1,0,0,15.0
TXN1004200,retry,2026-05-15 14:48:45,1,1725.48,253.0,4,0,1,2.0
TXN1004200,reminder,2026-05-15 13:54:45,1,1725.48,123.0,3,0,0,1.0
TXN1004200,escalation,2026-05-15 14:05:45,0,0.0,,3,1,0,15.0
TXN1004201,retry,2026-05-17 00:15:25,1,17856.64,151.0,2,0,0,2.0
TXN1004201,reminder,2026-05-17 00:13:25,0,0.0,,1,1,0,1.0
TXN1004201,escalation,2026-05-16 23:40:25,0,0.0,,1,1,0,15.0
TXN1004203,retry,2026-05-25 12:32:06,0,0.0,,3,1,0,2.0
TXN1004203,reminder,2026-05-25 11:50:06,0,0.0,,2,1,0,1.0
TXN1004203,escalation,2026-05-25 10:56:06,0,0.0,,2,1,0,15.0
TXN1004204,retry,2026-03-27 05:55:53,0,0.0,,3,1,0,2.0
TXN1004204,reminder,2026-03-27 04:55:53,0,0.0,,2,1,0,1.0
TXN1004204,escalation,2026-03-27 04:42:53,0,0.0,,2,1,0,15.0
TXN1004206,retry,2026-04-18 08:31:21,1,1941.6,149.0,2,0,0,2.0
TXN1004206,reminder,2026-04-18 09:00:21,0,0.0,,1,1,0,1.0
TXN1004206,escalation,2026-04-18 07:06:21,1,1941.6,156.0,1,0,0,15.0
TXN1004207,retry,2026-01-10 18:50:27,0,0.0,,2,1,0,2.0
TXN1004207,reminder,2026-01-10 20:07:27,1,6085.9,258.0,1,0,0,1.0
TXN1004207,escalation,2026-01-10 18:59:27,1,6085.9,98.0,1,0,0,15.0
TXN1004208,retry,2026-03-07 23:19:22,1,2949.79,348.0,3,0,0,2.0
TXN1004208,reminder,2026-03-08 01:59:22,0,0.0,,2,1,0,1.0
TXN1004208,escalation,2026-03-07 23:28:22,1,2949.79,164.0,2,0,0,15.0
TXN1004212,retry,2026-01-15 01:31:37,0,0.0,,2,1,0,2.0
TXN1004212,reminder,2026-01-15 01:02:37,1,6380.46,103.0,1,0,0,1.0
TXN1004212,escalation,2026-01-15 03:05:37,1,6380.46,216.0,1,0,0,15.0
TXN1004213,retry,2026-03-12 16:04:51,1,2364.23,41.0,2,0,0,2.0
TXN1004213,reminder,2026-03-12 18:02:51,1,2364.23,226.0,1,0,0,1.0
TXN1004213,escalation,2026-03-12 15:47:51,0,0.0,,1,1,0,15.0
TXN1004217,retry,2026-06-11 16:44:52,1,5518.12,251.0,3,0,0,2.0
TXN1004217,reminder,2026-06-11 18:57:52,1,5518.12,259.0,2,0,0,1.0
TXN1004217,escalation,2026-06-11 17:46:52,1,5518.12,60.0,2,0,0,15.0
TXN1004222,retry,2026-05-08 06:31:35,1,17977.15,283.0,3,0,0,2.0
TXN1004222,reminder,2026-05-08 06:08:35,1,17977.15,337.0,2,0,0,1.0
TXN1004222,escalation,2026-05-08 07:28:35,0,0.0,,2,1,0,15.0
TXN1004225,retry,2026-06-23 21:32:08,1,5105.89,46.0,3,0,0,2.0
TXN1004225,reminder,2026-06-23 21:07:08,1,5105.89,190.0,2,0,0,1.0
TXN1004225,escalation,2026-06-23 22:46:08,1,5105.89,197.0,2,0,0,15.0
TXN1004228,retry,2026-01-10 06:33:31,1,27555.65,104.0,2,0,0,2.0
TXN1004228,reminder,2026-01-10 08:20:31,0,0.0,,1,1,0,1.0
TXN1004228,escalation,2026-01-10 08:11:31,1,27555.65,198.0,1,0,0,15.0
TXN1004229,retry,2026-06-14 07:22:19,1,1890.17,293.0,3,0,0,2.0
TXN1004229,reminder,2026-06-14 06:10:19,0,0.0,,2,1,0,1.0
TXN1004229,escalation,2026-06-14 06:31:19,1,1890.17,309.0,2,0,0,15.0
TXN1004231,retry,2026-03-16 09:59:26,0,0.0,,3,1,0,2.0
TXN1004231,reminder,2026-03-16 10:35:26,0,0.0,,2,1,0,1.0
TXN1004231,escalation,2026-03-16 09:24:26,1,10088.78,284.0,2,0,0,15.0
TXN1004233,retry,2026-01-17 21:52:02,0,0.0,,2,1,0,2.0
TXN1004233,reminder,2026-01-17 21:45:02,1,13258.57,318.0,1,0,0,1.0
TXN1004233,escalation,2026-01-17 19:55:02,0,0.0,,1,1,0,15.0
TXN1004234,retry,2026-06-24 05:08:29,0,0.0,,2,1,0,2.0
TXN1004234,reminder,2026-06-24 03:49:29,1,3192.09,94.0,1,0,0,1.0
TXN1004234,escalation,2026-06-24 04:08:29,0,0.0,,1,1,0,15.0
TXN1004236,retry,2026-06-25 19:58:18,0,0.0,,4,1,1,2.0
TXN1004236,reminder,2026-06-25 20:40:18,0,0.0,,3,1,0,1.0
TXN1004236,escalation,2026-06-25 18:39:18,1,7275.48,159.0,3,0,0,15.0
TXN1004240,retry,2026-06-16 15:36:02,1,87511.62,241.0,2,0,0,2.0
TXN1004240,reminder,2026-06-16 16:29:02,1,87511.62,159.0,1,0,0,1.0
TXN1004240,escalation,2026-06-16 15:43:02,1,87511.62,169.0,1,0,0,15.0
TXN1004242,retry,2026-03-05 14:34:18,1,8600.77,241.0,3,0,0,2.0
TXN1004242,reminder,2026-03-05 15:00:18,1,8600.77,127.0,2,0,0,1.0
TXN1004242,escalation,2026-03-05 12:19:18,0,0.0,,2,1,0,15.0
TXN1004245,retry,2026-05-01 14:42:50,0,0.0,,5,1,1,2.0
TXN1004245,reminder,2026-05-01 13:32:50,1,47093.1,139.0,4,0,0,1.0
TXN1004245,escalation,2026-05-01 15:57:50,0,0.0,,4,1,0,15.0
TXN1004247,retry,2026-01-09 22:43:00,1,6100.14,230.0,2,0,0,2.0
TXN1004247,reminder,2026-01-10 00:39:00,1,6100.14,132.0,1,0,0,1.0
TXN1004247,escalation,2026-01-09 23:36:00,1,6100.14,276.0,1,0,0,15.0
TXN1004248,retry,2026-04-17 22:36:26,1,2846.35,269.0,2,0,0,2.0
TXN1004248,reminder,2026-04-17 22:16:26,0,0.0,,1,1,0,1.0
TXN1004248,escalation,2026-04-17 22:23:26,0,0.0,,1,1,0,15.0
TXN1004249,retry,2026-02-27 13:45:56,1,1387.47,195.0,2,0,0,2.0
TXN1004249,reminder,2026-02-27 14:11:56,1,1387.47,322.0,1,0,0,1.0
TXN1004249,escalation,2026-02-27 14:37:56,1,1387.47,68.0,1,0,0,15.0
TXN1004253,retry,2026-02-14 09:36:46,1,16026.64,305.0,2,0,0,2.0
TXN1004253,reminder,2026-02-14 10:27:46,0,0.0,,1,1,0,1.0
TXN1004253,escalation,2026-02-14 11:00:46,1,16026.64,69.0,1,0,0,15.0
TXN1004255,retry,2026-04-01 22:40:54,1,2209.84,69.0,2,0,0,2.0
TXN1004255,reminder,2026-04-01 23:37:54,0,0.0,,1,1,0,1.0
TXN1004255,escalation,2026-04-01 22:47:54,0,0.0,,1,1,0,15.0
TXN1004256,retry,2026-05-20 07:56:29,0,0.0,,3,1,0,2.0
TXN1004256,reminder,2026-05-20 08:52:29,0,0.0,,2,1,0,1.0
TXN1004256,escalation,2026-05-20 08:18:29,1,968.89,45.0,2,0,0,15.0
TXN1004257,retry,2026-02-21 13:04:13,1,2550.65,213.0,2,0,0,2.0
TXN1004257,reminder,2026-02-21 13:42:13,1,2550.65,134.0,1,0,0,1.0
TXN1004257,escalation,2026-02-21 14:18:13,0,0.0,,1,1,0,15.0
TXN1004258,retry,2026-01-31 17:32:09,0,0.0,,4,1,1,2.0
TXN1004258,reminder,2026-01-31 19:13:09,0,0.0,,3,1,0,1.0
TXN1004258,escalation,2026-01-31 18:01:09,0,0.0,,3,1,0,15.0
TXN1004259,retry,2026-02-05 11:49:45,1,8597.04,307.0,4,0,1,2.0
TXN1004259,reminder,2026-02-05 11:32:45,1,8597.04,250.0,3,0,0,1.0
TXN1004259,escalation,2026-02-05 13:57:45,0,0.0,,3,1,0,15.0
TXN1004261,retry,2026-04-13 08:11:10,1,11831.5,204.0,4,0,1,2.0
TXN1004261,reminder,2026-04-13 11:03:10,0,0.0,,3,1,0,1.0
TXN1004261,escalation,2026-04-13 09:46:10,1,11831.5,107.0,3,0,0,15.0
TXN1004263,retry,2026-04-09 12:52:55,0,0.0,,3,1,0,2.0
TXN1004263,reminder,2026-04-09 12:10:55,0,0.0,,2,1,0,1.0
TXN1004263,escalation,2026-04-09 13:23:55,1,1923.67,217.0,2,0,0,15.0
TXN1004265,retry,2026-03-25 13:01:04,0,0.0,,2,1,0,2.0
TXN1004265,reminder,2026-03-25 12:56:04,0,0.0,,1,1,0,1.0
TXN1004265,escalation,2026-03-25 11:35:04,0,0.0,,1,1,0,15.0
TXN1004267,retry,2026-05-25 16:37:46,0,0.0,,5,1,1,2.0
TXN1004267,reminder,2026-05-25 14:23:46,0,0.0,,4,1,0,1.0
TXN1004267,escalation,2026-05-25 16:36:46,0,0.0,,4,1,0,15.0
TXN1004269,retry,2026-05-11 10:29:39,0,0.0,,2,1,0,2.0
TXN1004269,reminder,2026-05-11 12:13:39,0,0.0,,1,1,0,1.0
TXN1004269,escalation,2026-05-11 11:46:39,0,0.0,,1,1,0,15.0
TXN1004272,retry,2026-05-24 15:13:12,1,17657.09,282.0,3,0,0,2.0
TXN1004272,reminder,2026-05-24 15:04:12,0,0.0,,2,1,0,1.0
TXN1004272,escalation,2026-05-24 15:46:12,0,0.0,,2,1,0,15.0
TXN1004273,retry,2026-03-27 13:57:32,0,0.0,,3,1,0,2.0
TXN1004273,reminder,2026-03-27 15:55:32,0,0.0,,2,1,0,1.0
TXN1004273,escalation,2026-03-27 14:57:32,1,2309.55,36.0,2,0,0,15.0
TXN1004276,retry,2026-02-24 22:25:55,0,0.0,,3,1,0,2.0
TXN1004276,reminder,2026-02-25 01:12:55,1,87183.94,146.0,2,0,0,1.0
TXN1004276,escalation,2026-02-25 00:22:55,1,87183.94,176.0,2,0,0,15.0
TXN1004279,retry,2026-01-09 14:39:32,0,0.0,,2,1,0,2.0
TXN1004279,reminder,2026-01-09 16:10:32,1,3605.74,280.0,1,0,0,1.0
TXN1004279,escalation,2026-01-09 15:33:32,0,0.0,,1,1,0,15.0
TXN1004281,retry,2026-03-04 20:40:11,1,2082.11,331.0,2,0,0,2.0
TXN1004281,reminder,2026-03-04 19:12:11,0,0.0,,1,1,0,1.0
TXN1004281,escalation,2026-03-04 18:58:11,1,2082.11,290.0,1,0,0,15.0
TXN1004283,retry,2026-06-11 01:51:44,0,0.0,,2,1,0,2.0
TXN1004283,reminder,2026-06-11 02:33:44,0,0.0,,1,1,0,1.0
TXN1004283,escalation,2026-06-11 00:56:44,0,0.0,,1,1,1,15.0
TXN1004286,retry,2026-03-28 12:12:12,1,4357.14,192.0,2,0,0,2.0
TXN1004286,reminder,2026-03-28 10:04:12,1,4357.14,217.0,1,0,0,1.0
TXN1004286,escalation,2026-03-28 10:32:12,1,4357.14,232.0,1,0,0,15.0
TXN1004287,retry,2026-02-23 03:29:07,1,45309.56,303.0,2,0,0,2.0
TXN1004287,reminder,2026-02-23 04:16:07,0,0.0,,1,1,0,1.0
TXN1004287,escalation,2026-02-23 03:14:07,1,45309.56,157.0,1,0,0,15.0
TXN1004288,retry,2026-05-03 21:21:46,1,27351.34,45.0,2,0,0,2.0
TXN1004288,reminder,2026-05-03 21:55:46,1,27351.34,179.0,1,0,0,1.0
TXN1004288,escalation,2026-05-03 21:14:46,0,0.0,,1,1,0,15.0
TXN1004289,retry,2026-05-21 17:47:08,0,0.0,,5,1,1,2.0
TXN1004289,reminder,2026-05-21 17:44:08,0,0.0,,4,1,0,1.0
TXN1004289,escalation,2026-05-21 18:22:08,0,0.0,,4,1,0,15.0
TXN1004291,retry,2026-03-19 03:42:09,0,0.0,,3,1,0,2.0
TXN1004291,reminder,2026-03-19 04:54:09,1,2212.45,194.0,2,0,0,1.0
TXN1004291,escalation,2026-03-19 05:54:09,1,2212.45,158.0,2,0,0,15.0
TXN1004298,retry,2026-01-18 04:07:42,0,0.0,,3,1,0,2.0
TXN1004298,reminder,2026-01-18 03:14:42,1,7352.81,295.0,2,0,0,1.0
TXN1004298,escalation,2026-01-18 02:33:42,1,7352.81,309.0,2,0,0,15.0
TXN1004299,retry,2026-05-12 21:38:26,0,0.0,,2,1,0,2.0
TXN1004299,reminder,2026-05-12 20:51:26,1,643.28,152.0,1,0,0,1.0
TXN1004299,escalation,2026-05-12 22:03:26,0,0.0,,1,1,0,15.0
TXN1004303,retry,2026-02-22 08:27:26,0,0.0,,4,1,1,2.0
TXN1004303,reminder,2026-02-22 10:54:26,0,0.0,,3,1,0,1.0
TXN1004303,escalation,2026-02-22 08:44:26,0,0.0,,3,1,0,15.0
TXN1004305,retry,2026-03-23 20:41:15,1,7077.44,199.0,2,0,0,2.0
TXN1004305,reminder,2026-03-23 19:17:15,0,0.0,,1,1,0,1.0
TXN1004305,escalation,2026-03-23 19:59:15,1,7077.44,94.0,1,0,0,15.0
TXN1004307,retry,2026-03-12 16:09:09,1,5976.2,95.0,2,0,0,2.0
TXN1004307,reminder,2026-03-12 15:33:09,1,5976.2,167.0,1,0,0,1.0
TXN1004307,escalation,2026-03-12 16:43:09,0,0.0,,1,1,0,15.0
TXN1004308,retry,2026-01-30 21:49:18,1,3888.56,175.0,5,0,1,2.0
TXN1004308,reminder,2026-01-30 20:43:18,0,0.0,,4,1,0,1.0
TXN1004308,escalation,2026-01-30 21:06:18,0,0.0,,4,1,0,15.0
TXN1004310,retry,2026-04-15 20:16:59,1,20815.41,107.0,2,0,0,2.0
TXN1004310,reminder,2026-04-15 21:42:59,1,20815.41,302.0,1,0,0,1.0
TXN1004310,escalation,2026-04-15 22:50:59,1,20815.41,347.0,1,0,0,15.0
TXN1004315,retry,2026-04-27 19:16:21,1,3600.08,75.0,2,0,0,2.0
TXN1004315,reminder,2026-04-27 19:14:21,1,3600.08,104.0,1,0,0,1.0
TXN1004315,escalation,2026-04-27 18:10:21,1,3600.08,150.0,1,0,0,15.0
TXN1004317,retry,2026-05-29 14:49:46,1,10202.14,49.0,2,0,0,2.0
TXN1004317,reminder,2026-05-29 17:05:46,0,0.0,,1,1,0,1.0
TXN1004317,escalation,2026-05-29 15:44:46,0,0.0,,1,1,0,15.0
TXN1004318,retry,2026-01-14 16:13:56,0,0.0,,2,1,0,2.0
TXN1004318,reminder,2026-01-14 14:31:56,0,0.0,,1,1,0,1.0
TXN1004318,escalation,2026-01-14 15:37:56,1,4710.79,170.0,1,0,0,15.0
TXN1004319,retry,2026-02-27 04:36:44,1,9595.56,232.0,2,0,0,2.0
TXN1004319,reminder,2026-02-27 06:33:44,0,0.0,,1,1,0,1.0
TXN1004319,escalation,2026-02-27 05:12:44,1,9595.56,297.0,1,0,0,15.0
TXN1004322,retry,2026-01-25 04:25:42,1,22304.9,63.0,2,0,0,2.0
TXN1004322,reminder,2026-01-25 01:59:42,0,0.0,,1,1,0,1.0
TXN1004322,escalation,2026-01-25 02:51:42,0,0.0,,1,1,0,15.0
TXN1004324,retry,2026-04-04 07:48:53,1,2855.93,114.0,3,0,0,2.0
TXN1004324,reminder,2026-04-04 07:35:53,0,0.0,,2,1,0,1.0
TXN1004324,escalation,2026-04-04 07:49:53,0,0.0,,2,1,0,15.0
TXN1004327,retry,2026-04-01 04:59:23,1,2195.91,264.0,2,0,0,2.0
TXN1004327,reminder,2026-04-01 04:28:23,0,0.0,,1,1,0,1.0
TXN1004327,escalation,2026-04-01 03:40:23,0,0.0,,1,1,0,15.0
TXN1004328,retry,2026-03-23 20:16:45,0,0.0,,3,1,0,2.0
TXN1004328,reminder,2026-03-23 21:33:45,1,2767.19,78.0,2,0,0,1.0
TXN1004328,escalation,2026-03-23 19:48:45,0,0.0,,2,1,0,15.0
TXN1004330,retry,2026-05-23 15:28:14,1,5487.05,62.0,2,0,0,2.0
TXN1004330,reminder,2026-05-23 14:57:14,0,0.0,,1,1,0,1.0
TXN1004330,escalation,2026-05-23 16:02:14,0,0.0,,1,1,0,15.0
TXN1004334,retry,2026-05-17 21:17:21,0,0.0,,2,1,0,2.0
TXN1004334,reminder,2026-05-17 21:50:21,1,21056.58,104.0,1,0,0,1.0
TXN1004334,escalation,2026-05-17 22:22:21,1,21056.58,7.0,1,0,0,15.0
TXN1004335,retry,2026-01-14 17:49:25,1,299.61,343.0,2,0,0,2.0
TXN1004335,reminder,2026-01-14 19:09:25,1,299.61,244.0,1,0,0,1.0
TXN1004335,escalation,2026-01-14 18:36:25,1,299.61,338.0,1,0,1,15.0
TXN1004336,retry,2026-05-21 18:27:29,1,2461.22,135.0,2,0,0,2.0
TXN1004336,reminder,2026-05-21 20:08:29,0,0.0,,1,1,0,1.0
TXN1004336,escalation,2026-05-21 20:00:29,1,2461.22,294.0,1,0,0,15.0
TXN1004338,retry,2026-03-07 17:54:38,0,0.0,,3,1,0,2.0
TXN1004338,reminder,2026-03-07 16:32:38,1,1676.65,277.0,2,0,0,1.0
TXN1004338,escalation,2026-03-07 17:42:38,0,0.0,,2,1,0,15.0
TXN1004341,retry,2026-02-23 09:20:35,0,0.0,,3,1,0,2.0
TXN1004341,reminder,2026-02-23 10:32:35,0,0.0,,2,1,0,1.0
TXN1004341,escalation,2026-02-23 09:57:35,0,0.0,,2,1,0,15.0
TXN1004344,retry,2026-05-21 05:07:15,1,1967.73,124.0,2,0,0,2.0
TXN1004344,reminder,2026-05-21 03:03:15,0,0.0,,1,1,0,1.0
TXN1004344,escalation,2026-05-21 03:46:15,1,1967.73,58.0,1,0,0,15.0
TXN1004345,retry,2026-02-24 20:04:04,0,0.0,,3,1,0,2.0
TXN1004345,reminder,2026-02-24 20:59:04,1,2563.85,265.0,2,0,0,1.0
TXN1004345,escalation,2026-02-24 21:14:04,1,2563.85,220.0,2,0,0,15.0
TXN1004347,retry,2026-06-04 07:35:49,1,5362.56,14.0,3,0,0,2.0
TXN1004347,reminder,2026-06-04 05:21:49,1,5362.56,221.0,2,0,0,1.0
TXN1004347,escalation,2026-06-04 05:43:49,1,5362.56,55.0,2,0,0,15.0
TXN1004348,retry,2026-01-28 06:28:24,1,2218.79,190.0,2,0,0,2.0
TXN1004348,reminder,2026-01-28 04:32:24,0,0.0,,1,1,0,1.0
TXN1004348,escalation,2026-01-28 06:42:24,1,2218.79,3.0,1,0,0,15.0
TXN1004350,retry,2026-01-29 07:38:31,0,0.0,,3,1,0,2.0
TXN1004350,reminder,2026-01-29 08:31:31,0,0.0,,2,1,0,1.0
TXN1004350,escalation,2026-01-29 05:58:31,1,1382.53,250.0,2,0,0,15.0
TXN1004355,retry,2026-02-09 03:35:37,1,6132.52,277.0,2,0,0,2.0
TXN1004355,reminder,2026-02-09 03:26:37,1,6132.52,344.0,1,0,0,1.0
TXN1004355,escalation,2026-02-09 02:16:37,1,6132.52,317.0,1,0,0,15.0
TXN1004359,retry,2026-02-07 14:13:04,1,5346.58,112.0,4,0,1,2.0
TXN1004359,reminder,2026-02-07 12:39:04,0,0.0,,3,1,0,1.0
TXN1004359,escalation,2026-02-07 14:31:04,0,0.0,,3,1,0,15.0
TXN1004362,retry,2026-02-04 03:41:22,1,3637.37,8.0,3,0,0,2.0
TXN1004362,reminder,2026-02-04 03:06:22,1,3637.37,215.0,2,0,0,1.0
TXN1004362,escalation,2026-02-04 02:13:22,1,3637.37,355.0,2,0,0,15.0
TXN1004364,retry,2026-02-15 22:33:38,0,0.0,,4,1,1,2.0
TXN1004364,reminder,2026-02-15 22:09:38,1,16622.1,80.0,3,0,0,1.0
TXN1004364,escalation,2026-02-15 22:52:38,0,0.0,,3,1,0,15.0
TXN1004368,retry,2026-06-03 10:33:48,1,2167.74,10.0,2,0,0,2.0
TXN1004368,reminder,2026-06-03 10:51:48,1,2167.74,103.0,1,0,0,1.0
TXN1004368,escalation,2026-06-03 11:54:48,0,0.0,,1,1,0,15.0
TXN1004369,retry,2026-03-24 19:23:34,0,0.0,,5,1,1,2.0
TXN1004369,reminder,2026-03-24 21:31:34,0,0.0,,4,1,0,1.0
TXN1004369,escalation,2026-03-24 20:39:34,1,743.57,113.0,4,0,0,15.0
TXN1004371,retry,2026-04-03 11:19:27,0,0.0,,3,1,0,2.0
TXN1004371,reminder,2026-04-03 12:24:27,1,1463.51,3.0,2,0,0,1.0
TXN1004371,escalation,2026-04-03 13:29:27,0,0.0,,2,1,0,15.0
TXN1004372,retry,2026-02-07 23:16:43,1,4324.03,322.0,2,0,0,2.0
TXN1004372,reminder,2026-02-08 01:57:43,1,4324.03,333.0,1,0,0,1.0
TXN1004372,escalation,2026-02-08 01:06:43,0,0.0,,1,1,0,15.0
TXN1004377,retry,2026-01-06 13:34:26,1,1867.52,143.0,3,0,0,2.0
TXN1004377,reminder,2026-01-06 13:09:26,1,1867.52,36.0,2,0,0,1.0
TXN1004377,escalation,2026-01-06 13:58:26,1,1867.52,134.0,2,0,0,15.0
TXN1004378,retry,2026-04-03 23:32:03,0,0.0,,3,1,0,2.0
TXN1004378,reminder,2026-04-03 22:19:03,0,0.0,,2,1,0,1.0
TXN1004378,escalation,2026-04-04 00:23:03,0,0.0,,2,1,0,15.0
TXN1004379,retry,2026-03-02 18:00:21,1,8544.85,243.0,2,0,0,2.0
TXN1004379,reminder,2026-03-02 18:30:21,1,8544.85,43.0,1,0,0,1.0
TXN1004379,escalation,2026-03-02 20:17:21,0,0.0,,1,1,0,15.0
TXN1004380,retry,2026-02-09 20:51:28,1,4438.62,300.0,2,0,0,2.0
TXN1004380,reminder,2026-02-09 20:58:28,0,0.0,,1,1,0,1.0
TXN1004380,escalation,2026-02-09 20:02:28,1,4438.62,247.0,1,0,0,15.0
TXN1004381,retry,2026-06-24 20:37:05,1,10051.5,327.0,4,0,1,2.0
TXN1004381,reminder,2026-06-24 18:30:05,0,0.0,,3,1,0,1.0
TXN1004381,escalation,2026-06-24 18:36:05,1,10051.5,324.0,3,0,0,15.0
TXN1004382,retry,2026-05-21 20:52:45,0,0.0,,2,1,0,2.0
TXN1004382,reminder,2026-05-21 20:36:45,0,0.0,,1,1,0,1.0
TXN1004382,escalation,2026-05-21 22:35:45,0,0.0,,1,1,0,15.0
TXN1004383,retry,2026-04-05 09:11:27,0,0.0,,2,1,0,2.0
TXN1004383,reminder,2026-04-05 08:12:27,1,1955.69,29.0,1,0,0,1.0
TXN1004383,escalation,2026-04-05 07:54:27,0,0.0,,1,1,0,15.0
TXN1004384,retry,2026-06-03 13:57:45,1,7994.91,39.0,2,0,0,2.0
TXN1004384,reminder,2026-06-03 15:01:45,1,7994.91,133.0,1,0,0,1.0
TXN1004384,escalation,2026-06-03 13:37:45,1,7994.91,3.0,1,0,0,15.0
TXN1004385,retry,2026-01-02 12:51:00,1,1435.66,191.0,3,0,0,2.0
TXN1004385,reminder,2026-01-02 14:15:00,0,0.0,,2,1,0,1.0
TXN1004385,escalation,2026-01-02 14:17:00,0,0.0,,2,1,0,15.0
TXN1004386,retry,2026-04-23 09:32:57,1,1647.1,322.0,4,0,1,2.0
TXN1004386,reminder,2026-04-23 09:28:57,0,0.0,,3,1,0,1.0
TXN1004386,escalation,2026-04-23 11:19:57,1,1647.1,141.0,3,0,0,15.0
TXN1004389,retry,2026-06-23 23:53:22,1,1763.34,192.0,3,0,0,2.0
TXN1004389,reminder,2026-06-23 22:09:22,1,1763.34,296.0,2,0,0,1.0
TXN1004389,escalation,2026-06-23 22:29:22,1,1763.34,166.0,2,0,0,15.0
TXN1004396,retry,2026-01-23 12:22:14,1,6809.44,276.0,2,0,0,2.0
TXN1004396,reminder,2026-01-23 14:13:14,0,0.0,,1,1,0,1.0
TXN1004396,escalation,2026-01-23 11:42:14,0,0.0,,1,1,0,15.0
TXN1004397,retry,2026-05-12 20:01:05,1,51019.07,190.0,4,0,1,2.0
TXN1004397,reminder,2026-05-12 18:34:05,0,0.0,,3,1,0,1.0
TXN1004397,escalation,2026-05-12 19:03:05,1,51019.07,234.0,3,0,0,15.0
TXN1004402,retry,2026-06-20 13:59:24,1,3553.75,53.0,2,0,0,2.0
TXN1004402,reminder,2026-06-20 14:32:24,0,0.0,,1,1,0,1.0
TXN1004402,escalation,2026-06-20 14:41:24,1,3553.75,65.0,1,0,0,15.0
TXN1004403,retry,2026-03-02 18:34:15,1,2449.34,355.0,3,0,0,2.0
TXN1004403,reminder,2026-03-02 20:47:15,1,2449.34,277.0,2,0,0,1.0
TXN1004403,escalation,2026-03-02 20:36:15,0,0.0,,2,1,0,15.0
TXN1004406,retry,2026-06-01 11:00:26,1,3779.52,245.0,2,0,0,2.0
TXN1004406,reminder,2026-06-01 12:46:26,0,0.0,,1,1,0,1.0
TXN1004406,escalation,2026-06-01 10:22:26,0,0.0,,1,1,0,15.0
TXN1004407,retry,2026-02-03 20:17:50,1,6826.64,227.0,2,0,0,2.0
TXN1004407,reminder,2026-02-03 21:13:50,0,0.0,,1,1,0,1.0
TXN1004407,escalation,2026-02-03 20:30:50,1,6826.64,27.0,1,0,0,15.0
TXN1004408,retry,2026-03-29 06:39:03,1,1782.49,329.0,2,0,0,2.0
TXN1004408,reminder,2026-03-29 09:05:03,1,1782.49,5.0,1,0,0,1.0
TXN1004408,escalation,2026-03-29 07:07:03,1,1782.49,2.0,1,0,0,15.0
TXN1004413,retry,2026-05-29 14:30:11,1,1039.22,78.0,2,0,0,2.0
TXN1004413,reminder,2026-05-29 13:30:11,0,0.0,,1,1,0,1.0
TXN1004413,escalation,2026-05-29 11:46:11,1,1039.22,216.0,1,0,0,15.0
TXN1004415,retry,2026-03-04 13:19:05,1,5356.65,118.0,2,0,0,2.0
TXN1004415,reminder,2026-03-04 13:25:05,0,0.0,,1,1,0,1.0
TXN1004415,escalation,2026-03-04 14:36:05,1,5356.65,174.0,1,0,0,15.0
TXN1004416,retry,2026-03-26 21:04:40,1,2991.22,145.0,2,0,0,2.0
TXN1004416,reminder,2026-03-26 19:43:40,1,2991.22,102.0,1,0,0,1.0
TXN1004416,escalation,2026-03-26 21:25:40,1,2991.22,142.0,1,0,0,15.0
TXN1004417,retry,2026-03-09 23:49:09,1,2432.41,317.0,3,0,0,2.0
TXN1004417,reminder,2026-03-09 21:13:09,1,2432.41,24.0,2,0,0,1.0
TXN1004417,escalation,2026-03-09 21:15:09,1,2432.41,175.0,2,0,0,15.0
TXN1004418,retry,2026-02-19 12:13:57,1,5824.5,352.0,2,0,0,2.0
TXN1004418,reminder,2026-02-19 11:54:57,0,0.0,,1,1,0,1.0
TXN1004418,escalation,2026-02-19 12:13:57,0,0.0,,1,1,0,15.0
TXN1004420,retry,2026-04-11 17:55:38,0,0.0,,2,1,0,2.0
TXN1004420,reminder,2026-04-11 17:16:38,0,0.0,,1,1,0,1.0
TXN1004420,escalation,2026-04-11 17:02:38,0,0.0,,1,1,0,15.0
TXN1004421,retry,2026-01-31 20:41:29,0,0.0,,3,1,0,2.0
TXN1004421,reminder,2026-01-31 21:06:29,1,20922.41,43.0,2,0,0,1.0
TXN1004421,escalation,2026-01-31 20:20:29,0,0.0,,2,1,0,15.0
TXN1004426,retry,2026-04-30 14:59:06,0,0.0,,2,1,0,2.0
TXN1004426,reminder,2026-04-30 16:10:06,0,0.0,,1,1,0,1.0
TXN1004426,escalation,2026-04-30 15:22:06,0,0.0,,1,1,0,15.0
TXN1004429,retry,2026-06-24 10:28:55,1,9035.25,281.0,2,0,0,2.0
TXN1004429,reminder,2026-06-24 11:18:55,0,0.0,,1,1,0,1.0
TXN1004429,escalation,2026-06-24 11:45:55,0,0.0,,1,1,0,15.0
TXN1004430,retry,2026-02-09 03:57:37,0,0.0,,5,1,1,2.0
TXN1004430,reminder,2026-02-09 03:54:37,0,0.0,,4,1,0,1.0
TXN1004430,escalation,2026-02-09 03:54:37,0,0.0,,4,1,0,15.0
TXN1004432,retry,2026-05-20 09:49:22,1,2205.34,242.0,3,0,0,2.0
TXN1004432,reminder,2026-05-20 07:37:22,1,2205.34,247.0,2,0,0,1.0
TXN1004432,escalation,2026-05-20 08:05:22,0,0.0,,2,1,0,15.0
TXN1004433,retry,2026-01-25 03:20:08,1,2082.68,313.0,2,0,0,2.0
TXN1004433,reminder,2026-01-25 04:06:08,0,0.0,,1,1,0,1.0
TXN1004433,escalation,2026-01-25 02:52:08,1,2082.68,44.0,1,0,0,15.0
TXN1004437,retry,2026-05-11 20:02:26,1,9622.1,288.0,5,0,1,2.0
TXN1004437,reminder,2026-05-11 19:40:26,0,0.0,,4,1,0,1.0
TXN1004437,escalation,2026-05-11 17:21:26,0,0.0,,4,1,0,15.0
TXN1004438,retry,2026-04-11 07:30:37,1,29264.73,231.0,2,0,0,2.0
TXN1004438,reminder,2026-04-11 08:15:37,0,0.0,,1,1,0,1.0
TXN1004438,escalation,2026-04-11 07:58:37,1,29264.73,87.0,1,0,0,15.0
TXN1004440,retry,2026-04-20 07:05:09,1,2335.79,203.0,3,0,0,2.0
TXN1004440,reminder,2026-04-20 08:41:09,0,0.0,,2,1,0,1.0
TXN1004440,escalation,2026-04-20 08:15:09,0,0.0,,2,1,0,15.0
TXN1004442,retry,2026-01-07 21:58:43,1,4940.78,111.0,2,0,0,2.0
TXN1004442,reminder,2026-01-07 21:06:43,1,4940.78,198.0,1,0,0,1.0
TXN1004442,escalation,2026-01-07 20:05:43,0,0.0,,1,1,0,15.0
TXN1004445,retry,2026-03-07 04:21:34,0,0.0,,2,1,0,2.0
TXN1004445,reminder,2026-03-07 02:39:34,0,0.0,,1,1,0,1.0
TXN1004445,escalation,2026-03-07 03:43:34,0,0.0,,1,1,0,15.0
TXN1004446,retry,2026-05-20 04:27:08,1,2510.74,55.0,3,0,0,2.0
TXN1004446,reminder,2026-05-20 06:03:08,1,2510.74,346.0,2,0,0,1.0
TXN1004446,escalation,2026-05-20 04:53:08,0,0.0,,2,1,0,15.0
TXN1004448,retry,2026-05-15 23:34:00,1,9182.59,187.0,3,0,0,2.0
TXN1004448,reminder,2026-05-15 21:40:00,0,0.0,,2,1,0,1.0
TXN1004448,escalation,2026-05-15 22:00:00,0,0.0,,2,1,0,15.0
TXN1004450,retry,2026-03-19 22:13:58,1,9940.47,46.0,2,0,0,2.0
TXN1004450,reminder,2026-03-19 20:12:58,1,9940.47,127.0,1,0,0,1.0
TXN1004450,escalation,2026-03-19 20:37:58,1,9940.47,312.0,1,0,0,15.0
TXN1004457,retry,2026-06-23 02:20:39,1,996.67,220.0,3,0,0,2.0
TXN1004457,reminder,2026-06-23 02:18:39,1,996.67,83.0,2,0,0,1.0
TXN1004457,escalation,2026-06-23 00:23:39,0,0.0,,2,1,0,15.0
TXN1004459,retry,2026-06-25 06:02:17,1,3570.15,90.0,4,0,1,2.0
TXN1004459,reminder,2026-06-25 06:02:17,0,0.0,,3,1,0,1.0
TXN1004459,escalation,2026-06-25 04:16:17,0,0.0,,3,1,0,15.0
TXN1004461,retry,2026-02-14 20:31:57,0,0.0,,3,1,0,2.0
TXN1004461,reminder,2026-02-14 20:01:57,0,0.0,,2,1,0,1.0
TXN1004461,escalation,2026-02-14 21:42:57,0,0.0,,2,1,0,15.0
TXN1004462,retry,2026-03-08 23:54:42,1,1366.41,266.0,3,0,0,2.0
TXN1004462,reminder,2026-03-08 22:28:42,0,0.0,,2,1,0,1.0
TXN1004462,escalation,2026-03-08 22:22:42,1,1366.41,61.0,2,0,0,15.0
TXN1004463,retry,2026-03-11 11:35:37,1,9091.16,271.0,4,0,1,2.0
TXN1004463,reminder,2026-03-11 12:12:37,1,9091.16,124.0,3,0,0,1.0
TXN1004463,escalation,2026-03-11 11:27:37,1,9091.16,67.0,3,0,0,15.0
TXN1004465,retry,2026-01-19 06:46:57,0,0.0,,4,1,1,2.0
TXN1004465,reminder,2026-01-19 08:09:57,0,0.0,,3,1,0,1.0
TXN1004465,escalation,2026-01-19 07:46:57,0,0.0,,3,1,0,15.0
TXN1004466,retry,2026-04-05 20:33:18,1,4451.42,242.0,2,0,0,2.0
TXN1004466,reminder,2026-04-05 19:10:18,1,4451.42,226.0,1,0,0,1.0
TXN1004466,escalation,2026-04-05 19:10:18,1,4451.42,340.0,1,0,0,15.0
TXN1004467,retry,2026-06-13 09:35:56,1,3656.99,173.0,2,0,0,2.0
TXN1004467,reminder,2026-06-13 10:25:56,0,0.0,,1,1,0,1.0
TXN1004467,escalation,2026-06-13 08:35:56,1,3656.99,100.0,1,0,0,15.0
TXN1004469,retry,2026-04-04 12:55:24,0,0.0,,3,1,0,2.0
TXN1004469,reminder,2026-04-04 15:09:24,1,2380.58,39.0,2,0,0,1.0
TXN1004469,escalation,2026-04-04 13:28:24,0,0.0,,2,1,0,15.0
TXN1004470,retry,2026-02-17 19:44:40,1,16552.47,265.0,3,0,0,2.0
TXN1004470,reminder,2026-02-17 19:18:40,0,0.0,,2,1,0,1.0
TXN1004470,escalation,2026-02-17 18:32:40,1,16552.47,100.0,2,0,0,15.0
TXN1004471,retry,2026-04-28 20:16:15,1,708.51,343.0,2,0,0,2.0
TXN1004471,reminder,2026-04-28 20:43:15,0,0.0,,1,1,0,1.0
TXN1004471,escalation,2026-04-28 19:30:15,1,708.51,124.0,1,0,0,15.0
TXN1004474,retry,2026-05-11 05:51:12,1,7225.83,316.0,2,0,0,2.0
TXN1004474,reminder,2026-05-11 05:38:12,1,7225.83,135.0,1,0,0,1.0
TXN1004474,escalation,2026-05-11 05:13:12,0,0.0,,1,1,0,15.0
TXN1004476,retry,2026-05-10 06:11:29,1,1899.96,80.0,2,0,0,2.0
TXN1004476,reminder,2026-05-10 05:33:29,1,1899.96,170.0,1,0,0,1.0
TXN1004476,escalation,2026-05-10 05:57:29,0,0.0,,1,1,0,15.0
TXN1004478,retry,2026-03-02 23:09:15,0,0.0,,2,1,0,2.0
TXN1004478,reminder,2026-03-02 21:07:15,1,11632.8,239.0,1,0,0,1.0
TXN1004478,escalation,2026-03-02 21:16:15,0,0.0,,1,1,0,15.0
TXN1004481,retry,2026-04-13 10:12:28,0,0.0,,4,1,1,2.0
TXN1004481,reminder,2026-04-13 09:40:28,0,0.0,,3,1,0,1.0
TXN1004481,escalation,2026-04-13 09:51:28,0,0.0,,3,1,0,15.0
TXN1004484,retry,2026-05-05 11:37:28,1,1578.02,134.0,3,0,0,2.0
TXN1004484,reminder,2026-05-05 11:15:28,1,1578.02,101.0,2,0,0,1.0
TXN1004484,escalation,2026-05-05 10:56:28,0,0.0,,2,1,0,15.0
TXN1004489,retry,2026-04-30 07:47:02,1,19506.05,223.0,2,0,0,2.0
TXN1004489,reminder,2026-04-30 09:51:02,0,0.0,,1,1,0,1.0
TXN1004489,escalation,2026-04-30 08:11:02,1,19506.05,47.0,1,0,0,15.0
TXN1004490,retry,2026-03-04 16:56:39,1,3220.07,122.0,2,0,0,2.0
TXN1004490,reminder,2026-03-04 16:30:39,1,3220.07,11.0,1,0,0,1.0
TXN1004490,escalation,2026-03-04 19:11:39,1,3220.07,331.0,1,0,0,15.0
TXN1004491,retry,2026-02-02 17:32:43,1,2820.09,137.0,2,0,0,2.0
TXN1004491,reminder,2026-02-02 19:47:43,1,2820.09,100.0,1,0,0,1.0
TXN1004491,escalation,2026-02-02 17:10:43,1,2820.09,312.0,1,0,0,15.0
TXN1004492,retry,2026-01-09 19:02:55,0,0.0,,2,1,0,2.0
TXN1004492,reminder,2026-01-09 19:19:55,0,0.0,,1,1,0,1.0
TXN1004492,escalation,2026-01-09 17:42:55,0,0.0,,1,1,0,15.0
TXN1004493,retry,2026-04-02 01:45:49,1,1593.2,134.0,2,0,0,2.0
TXN1004493,reminder,2026-04-02 01:26:49,0,0.0,,1,1,0,1.0
TXN1004493,escalation,2026-04-01 23:40:49,1,1593.2,291.0,1,0,0,15.0
TXN1004495,retry,2026-06-11 09:02:24,1,6990.75,168.0,2,0,0,2.0
TXN1004495,reminder,2026-06-11 09:47:24,1,6990.75,214.0,1,0,0,1.0
TXN1004495,escalation,2026-06-11 10:52:24,1,6990.75,275.0,1,0,0,15.0
TXN1004496,retry,2026-04-06 19:00:44,1,1784.72,338.0,2,0,0,2.0
TXN1004496,reminder,2026-04-06 16:30:44,1,1784.72,336.0,1,0,0,1.0
TXN1004496,escalation,2026-04-06 16:59:44,0,0.0,,1,1,0,15.0
TXN1004497,retry,2026-03-24 05:44:01,1,5624.51,39.0,2,0,0,2.0
TXN1004497,reminder,2026-03-24 04:08:01,0,0.0,,1,1,0,1.0
TXN1004497,escalation,2026-03-24 04:36:01,1,5624.51,107.0,1,0,0,15.0
TXN1004498,retry,2026-01-13 13:48:20,0,0.0,,4,1,1,2.0
TXN1004498,reminder,2026-01-13 14:43:20,0,0.0,,3,1,0,1.0
TXN1004498,escalation,2026-01-13 16:23:20,1,7625.94,196.0,3,0,0,15.0
TXN1004499,retry,2026-05-19 03:00:13,1,1445.53,265.0,2,0,0,2.0
TXN1004499,reminder,2026-05-19 03:08:13,1,1445.53,193.0,1,0,0,1.0
TXN1004499,escalation,2026-05-19 04:57:13,0,0.0,,1,1,0,15.0
TXN1004503,retry,2026-01-06 19:57:42,1,1012.4,284.0,2,0,0,2.0
TXN1004503,reminder,2026-01-06 19:11:42,1,1012.4,74.0,1,0,0,1.0
TXN1004503,escalation,2026-01-06 18:57:42,1,1012.4,225.0,1,0,0,15.0
TXN1004504,retry,2026-03-24 14:52:36,0,0.0,,2,1,0,2.0
TXN1004504,reminder,2026-03-24 14:50:36,1,3582.65,135.0,1,0,0,1.0
TXN1004504,escalation,2026-03-24 17:02:36,1,3582.65,52.0,1,0,0,15.0
TXN1004510,retry,2026-03-07 19:13:15,1,200.0,2.0,2,0,0,2.0
TXN1004510,reminder,2026-03-07 19:17:15,1,200.0,167.0,1,0,0,1.0
TXN1004510,escalation,2026-03-07 20:50:15,0,0.0,,1,1,1,15.0
TXN1004512,retry,2026-01-22 23:50:51,1,4501.5,294.0,2,0,0,2.0
TXN1004512,reminder,2026-01-22 22:39:51,1,4501.5,280.0,1,0,0,1.0
TXN1004512,escalation,2026-01-22 23:13:51,1,4501.5,357.0,1,0,0,15.0
TXN1004513,retry,2026-06-03 10:53:12,1,2893.68,353.0,2,0,0,2.0
TXN1004513,reminder,2026-06-03 10:25:12,0,0.0,,1,1,0,1.0
TXN1004513,escalation,2026-06-03 10:44:12,0,0.0,,1,1,0,15.0
TXN1004514,retry,2026-05-24 20:51:40,0,0.0,,4,1,1,2.0
TXN1004514,reminder,2026-05-24 19:30:40,0,0.0,,3,1,0,1.0
TXN1004514,escalation,2026-05-24 18:52:40,1,1613.45,134.0,3,0,0,15.0
TXN1004521,retry,2026-03-20 15:15:04,0,0.0,,2,1,0,2.0
TXN1004521,reminder,2026-03-20 14:15:04,0,0.0,,1,1,0,1.0
TXN1004521,escalation,2026-03-20 12:36:04,0,0.0,,1,1,0,15.0
TXN1004523,retry,2026-04-08 18:52:41,1,3041.84,193.0,2,0,0,2.0
TXN1004523,reminder,2026-04-08 19:32:41,0,0.0,,1,1,0,1.0
TXN1004523,escalation,2026-04-08 20:57:41,1,3041.84,204.0,1,0,0,15.0
TXN1004529,retry,2026-01-23 01:24:30,0,0.0,,4,1,1,2.0
TXN1004529,reminder,2026-01-23 02:21:30,0,0.0,,3,1,0,1.0
TXN1004529,escalation,2026-01-23 03:25:30,1,4165.03,248.0,3,0,0,15.0
TXN1004534,retry,2026-04-23 10:39:19,1,1255.77,224.0,2,0,0,2.0
TXN1004534,reminder,2026-04-23 09:13:19,1,1255.77,342.0,1,0,0,1.0
TXN1004534,escalation,2026-04-23 10:18:19,1,1255.77,105.0,1,0,0,15.0
TXN1004535,retry,2026-01-15 06:24:09,1,23695.14,191.0,2,0,0,2.0
TXN1004535,reminder,2026-01-15 06:26:09,1,23695.14,157.0,1,0,0,1.0
TXN1004535,escalation,2026-01-15 06:26:09,0,0.0,,1,1,0,15.0
TXN1004536,retry,2026-05-13 20:45:37,1,3370.34,100.0,2,0,0,2.0
TXN1004536,reminder,2026-05-13 19:04:37,1,3370.34,155.0,1,0,0,1.0
TXN1004536,escalation,2026-05-13 18:29:37,1,3370.34,317.0,1,0,0,15.0
TXN1004537,retry,2026-01-18 05:31:53,1,12955.39,95.0,2,0,0,2.0
TXN1004537,reminder,2026-01-18 07:30:53,0,0.0,,1,1,0,1.0
TXN1004537,escalation,2026-01-18 06:18:53,1,12955.39,215.0,1,0,0,15.0
TXN1004541,retry,2026-04-28 00:24:27,0,0.0,,5,1,1,2.0
TXN1004541,reminder,2026-04-28 01:34:27,1,48241.75,169.0,4,0,0,1.0
TXN1004541,escalation,2026-04-28 00:20:27,1,48241.75,318.0,4,0,0,15.0
TXN1004542,retry,2026-04-13 13:53:46,1,5819.49,137.0,2,0,0,2.0
TXN1004542,reminder,2026-04-13 16:26:46,0,0.0,,1,1,0,1.0
TXN1004542,escalation,2026-04-13 15:12:46,1,5819.49,69.0,1,0,0,15.0
TXN1004543,retry,2026-02-03 11:15:47,1,5376.91,354.0,3,0,0,2.0
TXN1004543,reminder,2026-02-03 10:37:47,0,0.0,,2,1,0,1.0
TXN1004543,escalation,2026-02-03 10:07:47,0,0.0,,2,1,0,15.0
TXN1004544,retry,2026-04-21 16:42:25,1,2107.1,208.0,2,0,0,2.0
TXN1004544,reminder,2026-04-21 16:55:25,1,2107.1,16.0,1,0,0,1.0
TXN1004544,escalation,2026-04-21 14:08:25,0,0.0,,1,1,0,15.0
TXN1004545,retry,2026-04-21 04:50:21,1,7400.11,346.0,2,0,0,2.0
TXN1004545,reminder,2026-04-21 04:50:21,1,7400.11,222.0,1,0,0,1.0
TXN1004545,escalation,2026-04-21 04:31:21,0,0.0,,1,1,0,15.0
TXN1004546,retry,2026-01-20 11:47:57,1,6660.18,126.0,2,0,0,2.0
TXN1004546,reminder,2026-01-20 13:21:57,1,6660.18,228.0,1,0,0,1.0
TXN1004546,escalation,2026-01-20 12:28:57,1,6660.18,269.0,1,0,0,15.0
TXN1004547,retry,2026-03-29 12:28:50,1,3841.0,324.0,2,0,0,2.0
TXN1004547,reminder,2026-03-29 14:09:50,1,3841.0,169.0,1,0,0,1.0
TXN1004547,escalation,2026-03-29 12:53:50,0,0.0,,1,1,0,15.0
TXN1004553,retry,2026-05-24 04:27:15,1,1947.48,221.0,2,0,0,2.0
TXN1004553,reminder,2026-05-24 04:01:15,0,0.0,,1,1,0,1.0
TXN1004553,escalation,2026-05-24 03:12:15,0,0.0,,1,1,0,15.0
TXN1004558,retry,2026-02-23 14:09:01,1,5065.41,228.0,2,0,0,2.0
TXN1004558,reminder,2026-02-23 15:10:01,0,0.0,,1,1,0,1.0
TXN1004558,escalation,2026-02-23 14:43:01,0,0.0,,1,1,0,15.0
TXN1004562,retry,2026-06-13 02:01:20,1,12674.65,250.0,2,0,0,2.0
TXN1004562,reminder,2026-06-12 23:11:20,1,12674.65,268.0,1,0,0,1.0
TXN1004562,escalation,2026-06-13 00:54:20,1,12674.65,6.0,1,0,0,15.0
TXN1004567,retry,2026-05-01 02:39:41,0,0.0,,4,1,1,2.0
TXN1004567,reminder,2026-05-01 03:00:41,1,2280.73,37.0,3,0,0,1.0
TXN1004567,escalation,2026-05-01 01:50:41,0,0.0,,3,1,0,15.0
TXN1004570,retry,2026-06-01 09:57:14,1,21774.99,355.0,2,0,0,2.0
TXN1004570,reminder,2026-06-01 08:13:14,1,21774.99,199.0,1,0,0,1.0
TXN1004570,escalation,2026-06-01 09:05:14,0,0.0,,1,1,0,15.0
TXN1004573,retry,2026-02-24 19:13:46,1,4742.7,163.0,2,0,0,2.0
TXN1004573,reminder,2026-02-24 20:22:46,1,4742.7,192.0,1,0,0,1.0
TXN1004573,escalation,2026-02-24 20:17:46,1,4742.7,255.0,1,0,0,15.0
TXN1004577,retry,2026-04-20 00:13:18,0,0.0,,2,1,0,2.0
TXN1004577,reminder,2026-04-19 23:14:18,1,8127.63,130.0,1,0,0,1.0
TXN1004577,escalation,2026-04-19 22:21:18,1,8127.63,126.0,1,0,0,15.0
TXN1004578,retry,2026-01-30 18:56:43,1,11566.11,100.0,2,0,0,2.0
TXN1004578,reminder,2026-01-30 20:18:43,0,0.0,,1,1,0,1.0
TXN1004578,escalation,2026-01-30 18:46:43,1,11566.11,115.0,1,0,0,15.0
TXN1004580,retry,2026-01-12 04:32:06,0,0.0,,2,1,0,2.0
TXN1004580,reminder,2026-01-12 04:29:06,0,0.0,,1,1,0,1.0
TXN1004580,escalation,2026-01-12 02:26:06,1,879.75,47.0,1,0,0,15.0
TXN1004583,retry,2026-01-08 18:55:31,0,0.0,,2,1,0,2.0
TXN1004583,reminder,2026-01-08 16:56:31,1,6882.46,197.0,1,0,0,1.0
TXN1004583,escalation,2026-01-08 18:22:31,0,0.0,,1,1,0,15.0
TXN1004587,retry,2026-05-01 15:15:04,1,1582.65,78.0,2,0,0,2.0
TXN1004587,reminder,2026-05-01 14:40:04,1,1582.65,73.0,1,0,0,1.0
TXN1004587,escalation,2026-05-01 14:57:04,1,1582.65,179.0,1,0,0,15.0
TXN1004588,retry,2026-03-26 04:00:42,1,17575.1,137.0,3,0,0,2.0
TXN1004588,reminder,2026-03-26 04:51:42,0,0.0,,2,1,0,1.0
TXN1004588,escalation,2026-03-26 03:50:42,1,17575.1,318.0,2,0,0,15.0
TXN1004589,retry,2026-06-14 11:27:31,0,0.0,,3,1,0,2.0
TXN1004589,reminder,2026-06-14 09:52:31,0,0.0,,2,1,0,1.0
TXN1004589,escalation,2026-06-14 11:35:31,0,0.0,,2,1,0,15.0
TXN1004590,retry,2026-06-13 07:35:43,1,2378.89,7.0,3,0,0,2.0
TXN1004590,reminder,2026-06-13 07:12:43,0,0.0,,2,1,0,1.0
TXN1004590,escalation,2026-06-13 06:59:43,0,0.0,,2,1,0,15.0
TXN1004591,retry,2026-04-27 01:01:36,0,0.0,,2,1,0,2.0
TXN1004591,reminder,2026-04-27 02:20:36,1,13033.41,108.0,1,0,0,1.0
TXN1004591,escalation,2026-04-27 01:32:36,1,13033.41,150.0,1,0,0,15.0
TXN1004592,retry,2026-01-18 00:45:33,1,71190.09,81.0,4,0,1,2.0
TXN1004592,reminder,2026-01-18 00:56:33,0,0.0,,3,1,0,1.0
TXN1004592,escalation,2026-01-18 01:48:33,0,0.0,,3,1,0,15.0
TXN1004593,retry,2026-01-21 22:11:20,1,2284.99,160.0,3,0,0,2.0
TXN1004593,reminder,2026-01-21 22:00:20,0,0.0,,2,1,0,1.0
TXN1004593,escalation,2026-01-21 22:59:20,1,2284.99,242.0,2,0,0,15.0
TXN1004595,retry,2026-03-25 23:16:07,1,5263.93,298.0,2,0,0,2.0
TXN1004595,reminder,2026-03-26 01:09:07,1,5263.93,131.0,1,0,0,1.0
TXN1004595,escalation,2026-03-26 01:29:07,0,0.0,,1,1,0,15.0
TXN1004598,retry,2026-05-20 13:40:04,1,2514.47,98.0,2,0,0,2.0
TXN1004598,reminder,2026-05-20 15:33:04,1,2514.47,277.0,1,0,0,1.0
TXN1004598,escalation,2026-05-20 13:55:04,1,2514.47,149.0,1,0,0,15.0
TXN1004599,retry,2026-01-13 23:06:02,1,3319.54,16.0,3,0,0,2.0
TXN1004599,reminder,2026-01-13 21:35:02,0,0.0,,2,1,0,1.0
TXN1004599,escalation,2026-01-13 22:44:02,0,0.0,,2,1,0,15.0
TXN1004602,retry,2026-03-04 16:30:57,0,0.0,,2,1,0,2.0
TXN1004602,reminder,2026-03-04 17:59:57,1,12906.44,288.0,1,0,0,1.0
TXN1004602,escalation,2026-03-04 16:43:57,1,12906.44,5.0,1,0,0,15.0
TXN1004609,retry,2026-03-11 09:21:23,0,0.0,,3,1,0,2.0
TXN1004609,reminder,2026-03-11 09:33:23,1,5900.44,282.0,2,0,0,1.0
TXN1004609,escalation,2026-03-11 11:59:23,0,0.0,,2,1,0,15.0
TXN1004614,retry,2026-03-19 03:11:41,1,11088.37,130.0,2,0,0,2.0
TXN1004614,reminder,2026-03-19 03:52:41,1,11088.37,17.0,1,0,0,1.0
TXN1004614,escalation,2026-03-19 02:25:41,1,11088.37,176.0,1,0,0,15.0
TXN1004616,retry,2026-01-15 17:34:58,0,0.0,,5,1,1,2.0
TXN1004616,reminder,2026-01-15 16:47:58,0,0.0,,4,1,0,1.0
TXN1004616,escalation,2026-01-15 16:14:58,0,0.0,,4,1,0,15.0
TXN1004618,retry,2026-06-12 06:35:47,1,9694.8,341.0,2,0,0,2.0
TXN1004618,reminder,2026-06-12 05:18:47,1,9694.8,55.0,1,0,0,1.0
TXN1004618,escalation,2026-06-12 06:04:47,0,0.0,,1,1,0,15.0
TXN1004620,retry,2026-04-27 21:07:32,1,200.0,291.0,3,0,0,2.0
TXN1004620,reminder,2026-04-27 20:55:32,0,0.0,,2,1,0,1.0
TXN1004620,escalation,2026-04-27 21:35:32,0,0.0,,2,1,1,15.0
TXN1004622,retry,2026-04-10 07:29:24,1,10312.2,314.0,4,0,1,2.0
TXN1004622,reminder,2026-04-10 06:43:24,0,0.0,,3,1,0,1.0
TXN1004622,escalation,2026-04-10 08:18:24,1,10312.2,311.0,3,0,0,15.0
TXN1004626,retry,2026-01-05 16:15:22,1,16915.19,178.0,4,0,1,2.0
TXN1004626,reminder,2026-01-05 17:04:22,0,0.0,,3,1,0,1.0
TXN1004626,escalation,2026-01-05 18:08:22,1,16915.19,192.0,3,0,0,15.0
TXN1004628,retry,2026-03-11 09:02:08,0,0.0,,3,1,0,2.0
TXN1004628,reminder,2026-03-11 09:59:08,1,344.39,101.0,2,0,0,1.0
TXN1004628,escalation,2026-03-11 09:55:08,0,0.0,,2,1,1,15.0
TXN1004631,retry,2026-06-23 08:47:07,0,0.0,,4,1,1,2.0
TXN1004631,reminder,2026-06-23 11:05:07,0,0.0,,3,1,0,1.0
TXN1004631,escalation,2026-06-23 10:49:07,0,0.0,,3,1,0,15.0
TXN1004634,retry,2026-01-19 19:56:32,1,3783.21,229.0,4,0,1,2.0
TXN1004634,reminder,2026-01-19 19:45:32,0,0.0,,3,1,0,1.0
TXN1004634,escalation,2026-01-19 19:28:32,0,0.0,,3,1,0,15.0
TXN1004636,retry,2026-04-11 10:04:38,1,2996.12,142.0,3,0,0,2.0
TXN1004636,reminder,2026-04-11 12:18:38,1,2996.12,311.0,2,0,0,1.0
TXN1004636,escalation,2026-04-11 11:10:38,0,0.0,,2,1,0,15.0
TXN1004638,retry,2026-05-29 20:19:29,1,2736.14,257.0,2,0,0,2.0
TXN1004638,reminder,2026-05-29 19:17:29,1,2736.14,320.0,1,0,0,1.0
TXN1004638,escalation,2026-05-29 19:34:29,1,2736.14,204.0,1,0,0,15.0
TXN1004640,retry,2026-03-16 16:21:56,1,45359.58,147.0,2,0,0,2.0
TXN1004640,reminder,2026-03-16 18:30:56,0,0.0,,1,1,0,1.0
TXN1004640,escalation,2026-03-16 17:22:56,1,45359.58,275.0,1,0,0,15.0
TXN1004641,retry,2026-05-23 11:43:14,1,8932.67,148.0,3,0,0,2.0
TXN1004641,reminder,2026-05-23 14:06:14,0,0.0,,2,1,0,1.0
TXN1004641,escalation,2026-05-23 12:43:14,1,8932.67,324.0,2,0,0,15.0
TXN1004645,retry,2026-05-31 15:25:55,1,47176.29,30.0,3,0,0,2.0
TXN1004645,reminder,2026-05-31 15:10:55,0,0.0,,2,1,0,1.0
TXN1004645,escalation,2026-05-31 15:54:55,0,0.0,,2,1,0,15.0
TXN1004651,retry,2026-04-07 03:04:18,1,2050.4,175.0,2,0,0,2.0
TXN1004651,reminder,2026-04-07 03:01:18,0,0.0,,1,1,0,1.0
TXN1004651,escalation,2026-04-07 02:09:18,1,2050.4,292.0,1,0,0,15.0
TXN1004652,retry,2026-03-19 11:53:06,1,857.84,11.0,3,0,0,2.0
TXN1004652,reminder,2026-03-19 11:31:06,0,0.0,,2,1,0,1.0
TXN1004652,escalation,2026-03-19 12:03:06,1,857.84,235.0,2,0,0,15.0
TXN1004654,retry,2026-02-22 02:37:28,0,0.0,,2,1,0,2.0
TXN1004654,reminder,2026-02-22 03:18:28,1,7794.51,318.0,1,0,0,1.0
TXN1004654,escalation,2026-02-22 04:01:28,0,0.0,,1,1,0,15.0
TXN1004655,retry,2026-06-20 23:18:48,1,11123.82,253.0,3,0,0,2.0
TXN1004655,reminder,2026-06-21 00:37:48,0,0.0,,2,1,0,1.0
TXN1004655,escalation,2026-06-21 00:32:48,0,0.0,,2,1,0,15.0
TXN1004659,retry,2026-06-03 03:30:22,1,2775.38,156.0,3,0,0,2.0
TXN1004659,reminder,2026-06-03 04:28:22,1,2775.38,108.0,2,0,0,1.0
TXN1004659,escalation,2026-06-03 04:12:22,0,0.0,,2,1,0,15.0
TXN1004660,retry,2026-04-11 03:33:37,1,11401.91,244.0,2,0,0,2.0
TXN1004660,reminder,2026-04-11 02:34:37,0,0.0,,1,1,0,1.0
TXN1004660,escalation,2026-04-11 03:00:37,0,0.0,,1,1,0,15.0
TXN1004661,retry,2026-04-27 08:20:37,0,0.0,,2,1,0,2.0
TXN1004661,reminder,2026-04-27 08:40:37,0,0.0,,1,1,0,1.0
TXN1004661,escalation,2026-04-27 09:47:37,0,0.0,,1,1,0,15.0
TXN1004662,retry,2026-03-30 07:54:02,1,870.31,80.0,2,0,0,2.0
TXN1004662,reminder,2026-03-30 09:43:02,0,0.0,,1,1,0,1.0
TXN1004662,escalation,2026-03-30 09:20:02,1,870.31,132.0,1,0,0,15.0
TXN1004663,retry,2026-05-01 16:39:47,1,2603.3,157.0,2,0,0,2.0
TXN1004663,reminder,2026-05-01 14:45:47,0,0.0,,1,1,0,1.0
TXN1004663,escalation,2026-05-01 14:48:47,0,0.0,,1,1,0,15.0
TXN1004667,retry,2026-04-07 11:23:12,0,0.0,,4,1,1,2.0
TXN1004667,reminder,2026-04-07 11:51:12,0,0.0,,3,1,0,1.0
TXN1004667,escalation,2026-04-07 09:48:12,0,0.0,,3,1,0,15.0
TXN1004668,retry,2026-04-12 12:11:27,1,3129.97,107.0,4,0,1,2.0
TXN1004668,reminder,2026-04-12 11:42:27,1,3129.97,348.0,3,0,0,1.0
TXN1004668,escalation,2026-04-12 12:15:27,0,0.0,,3,1,0,15.0
TXN1004672,retry,2026-02-01 09:34:26,1,4917.22,150.0,2,0,0,2.0
TXN1004672,reminder,2026-02-01 08:52:26,0,0.0,,1,1,0,1.0
TXN1004672,escalation,2026-02-01 07:54:26,0,0.0,,1,1,0,15.0
TXN1004675,retry,2026-02-18 19:07:48,1,6796.03,274.0,2,0,0,2.0
TXN1004675,reminder,2026-02-18 20:53:48,1,6796.03,93.0,1,0,0,1.0
TXN1004675,escalation,2026-02-18 19:46:48,0,0.0,,1,1,0,15.0
TXN1004676,retry,2026-06-23 22:47:41,1,2242.27,130.0,2,0,0,2.0
TXN1004676,reminder,2026-06-23 20:24:41,0,0.0,,1,1,0,1.0
TXN1004676,escalation,2026-06-23 20:17:41,1,2242.27,33.0,1,0,0,15.0
TXN1004678,retry,2026-06-22 09:52:28,1,2583.06,4.0,5,0,1,2.0
TXN1004678,reminder,2026-06-22 10:02:28,0,0.0,,4,1,0,1.0
TXN1004678,escalation,2026-06-22 09:34:28,0,0.0,,4,1,0,15.0
TXN1004680,retry,2026-03-12 08:07:55,1,4417.53,99.0,3,0,0,2.0
TXN1004680,reminder,2026-03-12 06:04:55,0,0.0,,2,1,0,1.0
TXN1004680,escalation,2026-03-12 08:34:55,1,4417.53,32.0,2,0,0,15.0
TXN1004683,retry,2026-02-09 23:54:16,1,822.69,129.0,3,0,0,2.0
TXN1004683,reminder,2026-02-10 00:13:16,0,0.0,,2,1,0,1.0
TXN1004683,escalation,2026-02-10 00:02:16,1,822.69,58.0,2,0,0,15.0
TXN1004685,retry,2026-06-03 23:59:31,1,1444.66,330.0,3,0,0,2.0
TXN1004685,reminder,2026-06-03 23:35:31,0,0.0,,2,1,0,1.0
TXN1004685,escalation,2026-06-04 00:24:31,1,1444.66,155.0,2,0,0,15.0
TXN1004688,retry,2026-04-29 22:05:51,1,1640.87,168.0,2,0,0,2.0
TXN1004688,reminder,2026-04-29 21:04:51,1,1640.87,151.0,1,0,0,1.0
TXN1004688,escalation,2026-04-29 20:59:51,1,1640.87,204.0,1,0,0,15.0
TXN1004693,retry,2026-01-22 23:44:46,0,0.0,,2,1,0,2.0
TXN1004693,reminder,2026-01-23 01:06:46,0,0.0,,1,1,0,1.0
TXN1004693,escalation,2026-01-23 01:01:46,0,0.0,,1,1,0,15.0
TXN1004695,retry,2026-05-06 23:23:50,0,0.0,,2,1,0,2.0
TXN1004695,reminder,2026-05-07 00:20:50,1,3518.5,33.0,1,0,0,1.0
TXN1004695,escalation,2026-05-06 23:34:50,0,0.0,,1,1,0,15.0
TXN1004703,retry,2026-02-21 17:24:16,1,2002.92,173.0,3,0,0,2.0
TXN1004703,reminder,2026-02-21 16:48:16,1,2002.92,247.0,2,0,0,1.0
TXN1004703,escalation,2026-02-21 17:38:16,1,2002.92,162.0,2,0,0,15.0
TXN1004704,retry,2026-04-21 14:44:49,1,15815.87,107.0,2,0,0,2.0
TXN1004704,reminder,2026-04-21 16:11:49,1,15815.87,341.0,1,0,0,1.0
TXN1004704,escalation,2026-04-21 15:54:49,1,15815.87,50.0,1,0,0,15.0
TXN1004707,retry,2026-05-09 09:23:47,1,2035.03,181.0,3,0,0,2.0
TXN1004707,reminder,2026-05-09 08:50:47,1,2035.03,45.0,2,0,0,1.0
TXN1004707,escalation,2026-05-09 06:56:47,1,2035.03,251.0,2,0,0,15.0
TXN1004710,retry,2026-02-02 14:48:11,1,10130.34,133.0,4,0,1,2.0
TXN1004710,reminder,2026-02-02 13:26:11,0,0.0,,3,1,0,1.0
TXN1004710,escalation,2026-02-02 12:00:11,0,0.0,,3,1,0,15.0
TXN1004715,retry,2026-01-04 01:40:58,1,11927.43,282.0,2,0,0,2.0
TXN1004715,reminder,2026-01-04 00:10:58,1,11927.43,34.0,1,0,0,1.0
TXN1004715,escalation,2026-01-04 01:19:58,1,11927.43,297.0,1,0,0,15.0
TXN1004719,retry,2026-02-10 20:27:19,1,7881.4,244.0,3,0,0,2.0
TXN1004719,reminder,2026-02-10 19:30:19,1,7881.4,243.0,2,0,0,1.0
TXN1004719,escalation,2026-02-10 19:53:19,0,0.0,,2,1,0,15.0
TXN1004724,retry,2026-01-23 21:20:02,1,14913.51,300.0,3,0,0,2.0
TXN1004724,reminder,2026-01-23 20:08:02,1,14913.51,50.0,2,0,0,1.0
TXN1004724,escalation,2026-01-23 20:38:02,0,0.0,,2,1,0,15.0
TXN1004727,retry,2026-03-20 12:48:31,1,1754.88,221.0,2,0,0,2.0
TXN1004727,reminder,2026-03-20 12:08:31,1,1754.88,69.0,1,0,0,1.0
TXN1004727,escalation,2026-03-20 10:11:31,1,1754.88,279.0,1,0,0,15.0
TXN1004728,retry,2026-02-07 11:40:16,0,0.0,,3,1,0,2.0
TXN1004728,reminder,2026-02-07 11:57:16,0,0.0,,2,1,0,1.0
TXN1004728,escalation,2026-02-07 11:29:16,1,20393.14,44.0,2,0,0,15.0
TXN1004731,retry,2026-01-05 22:43:28,1,7870.99,224.0,2,0,0,2.0
TXN1004731,reminder,2026-01-06 00:11:28,1,7870.99,320.0,1,0,0,1.0
TXN1004731,escalation,2026-01-05 23:49:28,0,0.0,,1,1,0,15.0
TXN1004735,retry,2026-01-14 02:05:30,0,0.0,,3,1,0,2.0
TXN1004735,reminder,2026-01-14 04:04:30,0,0.0,,2,1,0,1.0
TXN1004735,escalation,2026-01-14 02:03:30,1,7900.57,140.0,2,0,0,15.0
TXN1004738,retry,2026-01-27 06:18:53,1,4214.34,154.0,2,0,0,2.0
TXN1004738,reminder,2026-01-27 05:44:53,1,4214.34,205.0,1,0,0,1.0
TXN1004738,escalation,2026-01-27 06:31:53,1,4214.34,280.0,1,0,0,15.0
TXN1004739,retry,2026-01-08 00:20:00,1,15867.4,58.0,3,0,0,2.0
TXN1004739,reminder,2026-01-08 00:18:00,0,0.0,,2,1,0,1.0
TXN1004739,escalation,2026-01-08 00:07:00,0,0.0,,2,1,0,15.0
TXN1004742,retry,2026-01-17 13:49:05,0,0.0,,3,1,0,2.0
TXN1004742,reminder,2026-01-17 13:29:05,1,3550.23,20.0,2,0,0,1.0
TXN1004742,escalation,2026-01-17 13:25:05,0,0.0,,2,1,0,15.0
TXN1004744,retry,2026-01-25 12:17:52,1,4028.02,17.0,2,0,0,2.0
TXN1004744,reminder,2026-01-25 10:55:52,0,0.0,,1,1,0,1.0
TXN1004744,escalation,2026-01-25 10:40:52,0,0.0,,1,1,0,15.0
TXN1004746,retry,2026-06-07 10:54:44,0,0.0,,3,1,0,2.0
TXN1004746,reminder,2026-06-07 10:42:44,1,2634.29,169.0,2,0,0,1.0
TXN1004746,escalation,2026-06-07 12:13:44,0,0.0,,2,1,0,15.0
TXN1004753,retry,2026-01-24 22:05:29,1,3102.09,240.0,5,0,1,2.0
TXN1004753,reminder,2026-01-24 22:28:29,1,3102.09,116.0,4,0,0,1.0
TXN1004753,escalation,2026-01-24 22:30:29,1,3102.09,295.0,4,0,0,15.0
TXN1004754,retry,2026-01-07 21:10:58,0,0.0,,5,1,1,2.0
TXN1004754,reminder,2026-01-07 21:23:58,1,4403.71,104.0,4,0,0,1.0
TXN1004754,escalation,2026-01-07 21:17:58,1,4403.71,70.0,4,0,0,15.0
TXN1004756,retry,2026-06-18 15:45:34,1,6487.29,93.0,2,0,0,2.0
TXN1004756,reminder,2026-06-18 16:17:34,1,6487.29,123.0,1,0,0,1.0
TXN1004756,escalation,2026-06-18 14:03:34,1,6487.29,308.0,1,0,0,15.0
TXN1004758,retry,2026-04-10 02:22:34,0,0.0,,3,1,0,2.0
TXN1004758,reminder,2026-04-10 00:10:34,0,0.0,,2,1,0,1.0
TXN1004758,escalation,2026-04-10 02:12:34,1,2547.86,23.0,2,0,0,15.0
TXN1004761,retry,2026-05-01 17:32:08,1,1264.44,302.0,3,0,0,2.0
TXN1004761,reminder,2026-05-01 15:49:08,0,0.0,,2,1,0,1.0
TXN1004761,escalation,2026-05-01 17:26:08,0,0.0,,2,1,0,15.0
TXN1004762,retry,2026-06-01 00:19:40,0,0.0,,2,1,0,2.0
TXN1004762,reminder,2026-06-01 00:36:40,1,8106.47,272.0,1,0,0,1.0
TXN1004762,escalation,2026-05-31 23:21:40,0,0.0,,1,1,0,15.0
TXN1004764,retry,2026-05-01 23:35:30,0,0.0,,4,1,1,2.0
TXN1004764,reminder,2026-05-01 22:05:30,0,0.0,,3,1,0,1.0
TXN1004764,escalation,2026-05-01 23:19:30,1,501.42,11.0,3,0,0,15.0
TXN1004770,retry,2026-02-15 08:07:36,1,10346.31,250.0,3,0,0,2.0
TXN1004770,reminder,2026-02-15 05:30:36,0,0.0,,2,1,0,1.0
TXN1004770,escalation,2026-02-15 05:42:36,0,0.0,,2,1,0,15.0
TXN1004778,retry,2026-02-24 17:03:03,1,1018.57,191.0,2,0,0,2.0
TXN1004778,reminder,2026-02-24 16:22:03,1,1018.57,4.0,1,0,0,1.0
TXN1004778,escalation,2026-02-24 14:59:03,1,1018.57,288.0,1,0,0,15.0
TXN1004779,retry,2026-04-24 23:24:23,0,0.0,,2,1,0,2.0
TXN1004779,reminder,2026-04-24 21:45:23,0,0.0,,1,1,0,1.0
TXN1004779,escalation,2026-04-24 21:49:23,0,0.0,,1,1,0,15.0
TXN1004789,retry,2026-03-11 03:15:41,0,0.0,,2,1,0,2.0
TXN1004789,reminder,2026-03-11 03:18:41,1,2567.78,66.0,1,0,0,1.0
TXN1004789,escalation,2026-03-11 05:01:41,1,2567.78,221.0,1,0,0,15.0
TXN1004790,retry,2026-06-19 08:09:22,1,7707.57,155.0,2,0,0,2.0
TXN1004790,reminder,2026-06-19 08:29:22,0,0.0,,1,1,0,1.0
TXN1004790,escalation,2026-06-19 08:16:22,0,0.0,,1,1,0,15.0
TXN1004791,retry,2026-01-28 23:25:17,0,0.0,,5,1,1,2.0
TXN1004791,reminder,2026-01-28 21:07:17,0,0.0,,4,1,0,1.0
TXN1004791,escalation,2026-01-28 21:12:17,1,2683.23,354.0,4,0,0,15.0
TXN1004792,retry,2026-04-19 09:48:12,0,0.0,,5,1,1,2.0
TXN1004792,reminder,2026-04-19 09:21:12,1,1301.3,270.0,4,0,0,1.0
TXN1004792,escalation,2026-04-19 09:06:12,1,1301.3,103.0,4,0,0,15.0
TXN1004793,retry,2026-06-11 15:40:04,0,0.0,,3,1,0,2.0
TXN1004793,reminder,2026-06-11 17:01:04,1,4228.16,232.0,2,0,0,1.0
TXN1004793,escalation,2026-06-11 16:57:04,1,4228.16,37.0,2,0,0,15.0
TXN1004796,retry,2026-03-25 10:55:28,1,2283.15,319.0,3,0,0,2.0
TXN1004796,reminder,2026-03-25 12:02:28,0,0.0,,2,1,0,1.0
TXN1004796,escalation,2026-03-25 11:40:28,1,2283.15,28.0,2,0,0,15.0
TXN1004799,retry,2026-03-31 15:53:24,0,0.0,,4,1,1,2.0
TXN1004799,reminder,2026-03-31 14:28:24,0,0.0,,3,1,0,1.0
TXN1004799,escalation,2026-03-31 14:10:24,0,0.0,,3,1,0,15.0
TXN1004800,retry,2026-03-21 19:50:23,1,4064.83,162.0,3,0,0,2.0
TXN1004800,reminder,2026-03-21 20:33:23,0,0.0,,2,1,0,1.0
TXN1004800,escalation,2026-03-21 22:24:23,1,4064.83,343.0,2,0,0,15.0
TXN1004805,retry,2026-04-11 11:23:58,0,0.0,,4,1,1,2.0
TXN1004805,reminder,2026-04-11 12:06:58,1,1921.55,29.0,3,0,0,1.0
TXN1004805,escalation,2026-04-11 13:29:58,1,1921.55,200.0,3,0,0,15.0
TXN1004808,retry,2026-04-03 13:43:52,0,0.0,,2,1,0,2.0
TXN1004808,reminder,2026-04-03 13:35:52,1,6590.07,40.0,1,0,0,1.0
TXN1004808,escalation,2026-04-03 11:44:52,1,6590.07,150.0,1,0,0,15.0
TXN1004810,retry,2026-04-02 12:04:03,0,0.0,,4,1,1,2.0
TXN1004810,reminder,2026-04-02 12:07:03,0,0.0,,3,1,0,1.0
TXN1004810,escalation,2026-04-02 10:40:03,1,80476.93,307.0,3,0,0,15.0
TXN1004811,retry,2026-05-11 04:51:24,1,16280.86,342.0,3,0,0,2.0
TXN1004811,reminder,2026-05-11 03:41:24,0,0.0,,2,1,0,1.0
TXN1004811,escalation,2026-05-11 03:54:24,1,16280.86,137.0,2,0,0,15.0
TXN1004812,retry,2026-03-06 04:18:14,0,0.0,,2,1,0,2.0
TXN1004812,reminder,2026-03-06 03:57:14,1,15047.99,184.0,1,0,0,1.0
TXN1004812,escalation,2026-03-06 03:39:14,0,0.0,,1,1,0,15.0
TXN1004813,retry,2026-05-30 16:03:17,1,10840.33,28.0,3,0,0,2.0
TXN1004813,reminder,2026-05-30 16:04:17,0,0.0,,2,1,0,1.0
TXN1004813,escalation,2026-05-30 16:26:17,0,0.0,,2,1,0,15.0
TXN1004814,retry,2026-05-10 00:01:42,0,0.0,,2,1,0,2.0
TXN1004814,reminder,2026-05-10 00:02:42,1,11403.67,277.0,1,0,0,1.0
TXN1004814,escalation,2026-05-09 21:52:42,0,0.0,,1,1,0,15.0
TXN1004817,retry,2026-01-17 06:28:10,1,9344.01,112.0,5,0,1,2.0
TXN1004817,reminder,2026-01-17 05:18:10,1,9344.01,196.0,4,0,0,1.0
TXN1004817,escalation,2026-01-17 05:17:10,0,0.0,,4,1,0,15.0
TXN1004818,retry,2026-05-25 02:41:03,1,430.19,261.0,3,0,0,2.0
TXN1004818,reminder,2026-05-25 04:28:03,1,430.19,8.0,2,0,0,1.0
TXN1004818,escalation,2026-05-25 03:31:03,1,430.19,121.0,2,0,1,15.0
TXN1004820,retry,2026-02-28 04:31:53,0,0.0,,2,1,0,2.0
TXN1004820,reminder,2026-02-28 03:32:53,0,0.0,,1,1,0,1.0
TXN1004820,escalation,2026-02-28 02:24:53,1,2760.93,163.0,1,0,0,15.0
TXN1004821,retry,2026-05-23 21:37:28,1,316.22,119.0,3,0,0,2.0
TXN1004821,reminder,2026-05-23 23:29:28,1,316.22,16.0,2,0,0,1.0
TXN1004821,escalation,2026-05-24 00:03:28,1,316.22,267.0,2,0,1,15.0
TXN1004824,retry,2026-06-09 05:38:03,1,26950.14,316.0,2,0,0,2.0
TXN1004824,reminder,2026-06-09 07:02:03,1,26950.14,263.0,1,0,0,1.0
TXN1004824,escalation,2026-06-09 06:35:03,1,26950.14,156.0,1,0,0,15.0
TXN1004825,retry,2026-04-14 15:58:08,1,3462.15,157.0,3,0,0,2.0
TXN1004825,reminder,2026-04-14 15:16:08,0,0.0,,2,1,0,1.0
TXN1004825,escalation,2026-04-14 13:59:08,1,3462.15,72.0,2,0,0,15.0
TXN1004826,retry,2026-02-09 04:22:28,1,2757.98,140.0,2,0,0,2.0
TXN1004826,reminder,2026-02-09 04:04:28,1,2757.98,350.0,1,0,0,1.0
TXN1004826,escalation,2026-02-09 03:17:28,0,0.0,,1,1,0,15.0
TXN1004827,retry,2026-05-07 13:03:23,1,9585.14,159.0,2,0,0,2.0
TXN1004827,reminder,2026-05-07 13:30:23,0,0.0,,1,1,0,1.0
TXN1004827,escalation,2026-05-07 14:36:23,0,0.0,,1,1,0,15.0
TXN1004832,retry,2026-04-07 22:21:49,1,4716.79,47.0,2,0,0,2.0
TXN1004832,reminder,2026-04-07 22:34:49,1,4716.79,224.0,1,0,0,1.0
TXN1004832,escalation,2026-04-07 20:46:49,0,0.0,,1,1,0,15.0
TXN1004835,retry,2026-06-07 09:08:12,1,6424.8,136.0,2,0,0,2.0
TXN1004835,reminder,2026-06-07 10:29:12,0,0.0,,1,1,0,1.0
TXN1004835,escalation,2026-06-07 10:29:12,0,0.0,,1,1,0,15.0
TXN1004836,retry,2026-02-05 08:27:56,1,1390.2,301.0,3,0,0,2.0
TXN1004836,reminder,2026-02-05 07:44:56,1,1390.2,139.0,2,0,0,1.0
TXN1004836,escalation,2026-02-05 08:06:56,0,0.0,,2,1,0,15.0
TXN1004841,retry,2026-06-02 09:59:08,1,9262.09,77.0,2,0,0,2.0
TXN1004841,reminder,2026-06-02 10:58:08,0,0.0,,1,1,0,1.0
TXN1004841,escalation,2026-06-02 10:13:08,1,9262.09,132.0,1,0,0,15.0
TXN1004844,retry,2026-06-26 22:01:57,1,7098.64,356.0,4,0,1,2.0
TXN1004844,reminder,2026-06-26 19:59:57,1,7098.64,159.0,3,0,0,1.0
TXN1004844,escalation,2026-06-26 20:02:57,0,0.0,,3,1,0,15.0
TXN1004846,retry,2026-02-05 23:27:04,1,7522.58,2.0,4,0,1,2.0
TXN1004846,reminder,2026-02-05 23:31:04,0,0.0,,3,1,0,1.0
TXN1004846,escalation,2026-02-06 00:34:04,0,0.0,,3,1,0,15.0
TXN1004853,retry,2026-02-10 13:54:16,1,7592.06,104.0,2,0,0,2.0
TXN1004853,reminder,2026-02-10 15:35:16,0,0.0,,1,1,0,1.0
TXN1004853,escalation,2026-02-10 14:56:16,0,0.0,,1,1,0,15.0
TXN1004861,retry,2026-04-30 03:45:54,1,4468.56,11.0,3,0,0,2.0
TXN1004861,reminder,2026-04-30 04:38:54,1,4468.56,311.0,2,0,0,1.0
TXN1004861,escalation,2026-04-30 05:33:54,0,0.0,,2,1,0,15.0
TXN1004863,retry,2026-04-03 02:36:05,0,0.0,,3,1,0,2.0
TXN1004863,reminder,2026-04-03 02:27:05,0,0.0,,2,1,0,1.0
TXN1004863,escalation,2026-04-03 02:17:05,0,0.0,,2,1,0,15.0
TXN1004864,retry,2026-05-29 12:04:48,1,2118.57,13.0,2,0,0,2.0
TXN1004864,reminder,2026-05-29 14:04:48,0,0.0,,1,1,0,1.0
TXN1004864,escalation,2026-05-29 14:33:48,0,0.0,,1,1,0,15.0
TXN1004876,retry,2026-01-27 09:59:23,0,0.0,,3,1,0,2.0
TXN1004876,reminder,2026-01-27 07:25:23,0,0.0,,2,1,0,1.0
TXN1004876,escalation,2026-01-27 07:39:23,1,13361.84,143.0,2,0,0,15.0
TXN1004878,retry,2026-05-23 00:03:02,0,0.0,,3,1,0,2.0
TXN1004878,reminder,2026-05-23 00:10:02,0,0.0,,2,1,0,1.0
TXN1004878,escalation,2026-05-23 01:49:02,0,0.0,,2,1,0,15.0
TXN1004879,retry,2026-05-20 15:16:21,1,2758.59,128.0,2,0,0,2.0
TXN1004879,reminder,2026-05-20 16:27:21,0,0.0,,1,1,0,1.0
TXN1004879,escalation,2026-05-20 15:34:21,0,0.0,,1,1,0,15.0
TXN1004886,retry,2026-06-17 12:04:39,1,8596.49,354.0,2,0,0,2.0
TXN1004886,reminder,2026-06-17 11:52:39,1,8596.49,106.0,1,0,0,1.0
TXN1004886,escalation,2026-06-17 11:27:39,1,8596.49,216.0,1,0,0,15.0
TXN1004888,retry,2026-02-16 19:59:11,1,3794.43,209.0,2,0,0,2.0
TXN1004888,reminder,2026-02-16 19:14:11,1,3794.43,253.0,1,0,0,1.0
TXN1004888,escalation,2026-02-16 18:44:11,1,3794.43,19.0,1,0,0,15.0
TXN1004889,retry,2026-02-23 10:38:36,0,0.0,,2,1,0,2.0
TXN1004889,reminder,2026-02-23 12:28:36,1,4011.85,84.0,1,0,0,1.0
TXN1004889,escalation,2026-02-23 12:26:36,1,4011.85,31.0,1,0,0,15.0
TXN1004891,retry,2026-04-18 17:50:29,1,10086.7,125.0,2,0,0,2.0
TXN1004891,reminder,2026-04-18 16:06:29,1,10086.7,193.0,1,0,0,1.0
TXN1004891,escalation,2026-04-18 18:07:29,0,0.0,,1,1,0,15.0
TXN1004893,retry,2026-03-27 11:33:35,1,41067.41,47.0,2,0,0,2.0
TXN1004893,reminder,2026-03-27 12:10:35,0,0.0,,1,1,0,1.0
TXN1004893,escalation,2026-03-27 10:40:35,0,0.0,,1,1,0,15.0
TXN1004894,retry,2026-06-08 19:12:15,0,0.0,,3,1,0,2.0
TXN1004894,reminder,2026-06-08 17:17:15,0,0.0,,2,1,0,1.0
TXN1004894,escalation,2026-06-08 17:06:15,1,8220.08,118.0,2,0,0,15.0
TXN1004900,retry,2026-03-05 00:10:25,0,0.0,,2,1,0,2.0
TXN1004900,reminder,2026-03-04 23:33:25,1,5743.63,86.0,1,0,0,1.0
TXN1004900,escalation,2026-03-04 23:07:25,1,5743.63,333.0,1,0,0,15.0
TXN1004904,retry,2026-03-28 09:12:37,0,0.0,,4,1,1,2.0
TXN1004904,reminder,2026-03-28 08:57:37,0,0.0,,3,1,0,1.0
TXN1004904,escalation,2026-03-28 09:00:37,1,7756.91,53.0,3,0,0,15.0
TXN1004907,retry,2026-05-12 13:01:04,0,0.0,,2,1,0,2.0
TXN1004907,reminder,2026-05-12 12:00:04,1,10629.92,98.0,1,0,0,1.0
TXN1004907,escalation,2026-05-12 11:58:04,1,10629.92,149.0,1,0,0,15.0
TXN1004911,retry,2026-05-21 01:41:24,0,0.0,,2,1,0,2.0
TXN1004911,reminder,2026-05-21 00:51:24,1,2545.2,114.0,1,0,0,1.0
TXN1004911,escalation,2026-05-20 23:35:24,0,0.0,,1,1,0,15.0
TXN1004912,retry,2026-05-02 20:38:00,0,0.0,,2,1,0,2.0
TXN1004912,reminder,2026-05-02 19:10:00,1,2063.44,202.0,1,0,0,1.0
TXN1004912,escalation,2026-05-02 19:10:00,0,0.0,,1,1,0,15.0
TXN1004913,retry,2026-02-19 14:43:54,1,4350.04,150.0,2,0,0,2.0
TXN1004913,reminder,2026-02-19 13:22:54,1,4350.04,112.0,1,0,0,1.0
TXN1004913,escalation,2026-02-19 14:09:54,1,4350.04,85.0,1,0,0,15.0
TXN1004914,retry,2026-02-23 14:26:34,1,10237.21,84.0,5,0,1,2.0
TXN1004914,reminder,2026-02-23 13:49:34,0,0.0,,4,1,0,1.0
TXN1004914,escalation,2026-02-23 15:22:34,1,10237.21,353.0,4,0,0,15.0
TXN1004916,retry,2026-03-29 18:50:47,1,3132.0,158.0,2,0,0,2.0
TXN1004916,reminder,2026-03-29 18:46:47,0,0.0,,1,1,0,1.0
TXN1004916,escalation,2026-03-29 20:42:47,1,3132.0,298.0,1,0,0,15.0
TXN1004917,retry,2026-06-05 03:39:03,0,0.0,,3,1,0,2.0
TXN1004917,reminder,2026-06-05 02:56:03,1,5431.59,163.0,2,0,0,1.0
TXN1004917,escalation,2026-06-05 04:12:03,1,5431.59,277.0,2,0,0,15.0
TXN1004918,retry,2026-06-14 05:42:03,1,11929.09,22.0,2,0,0,2.0
TXN1004918,reminder,2026-06-14 05:29:03,1,11929.09,11.0,1,0,0,1.0
TXN1004918,escalation,2026-06-14 07:06:03,1,11929.09,142.0,1,0,0,15.0
TXN1004919,retry,2026-04-26 03:12:22,1,10254.97,292.0,3,0,0,2.0
TXN1004919,reminder,2026-04-26 04:37:22,0,0.0,,2,1,0,1.0
TXN1004919,escalation,2026-04-26 03:20:22,0,0.0,,2,1,0,15.0
TXN1004922,retry,2026-03-05 00:19:30,0,0.0,,2,1,0,2.0
TXN1004922,reminder,2026-03-05 01:03:30,0,0.0,,1,1,0,1.0
TXN1004922,escalation,2026-03-05 01:58:30,1,2261.57,210.0,1,0,0,15.0
TXN1004925,retry,2026-01-29 23:54:54,1,784.51,229.0,3,0,0,2.0
TXN1004925,reminder,2026-01-30 00:38:54,1,784.51,145.0,2,0,0,1.0
TXN1004925,escalation,2026-01-30 00:24:54,1,784.51,162.0,2,0,0,15.0
TXN1004926,retry,2026-01-07 15:53:00,1,12270.19,224.0,3,0,0,2.0
TXN1004926,reminder,2026-01-07 15:50:00,0,0.0,,2,1,0,1.0
TXN1004926,escalation,2026-01-07 16:07:00,1,12270.19,312.0,2,0,0,15.0
TXN1004933,retry,2026-05-09 05:12:09,1,3633.18,31.0,2,0,0,2.0
TXN1004933,reminder,2026-05-09 06:25:09,1,3633.18,204.0,1,0,0,1.0
TXN1004933,escalation,2026-05-09 04:51:09,1,3633.18,346.0,1,0,0,15.0
TXN1004936,retry,2026-01-08 19:39:47,1,62264.56,342.0,2,0,0,2.0
TXN1004936,reminder,2026-01-08 19:57:47,0,0.0,,1,1,0,1.0
TXN1004936,escalation,2026-01-08 18:05:47,0,0.0,,1,1,0,15.0
TXN1004938,retry,2026-04-25 01:52:05,1,2578.21,324.0,2,0,0,2.0
TXN1004938,reminder,2026-04-25 00:17:05,0,0.0,,1,1,0,1.0
TXN1004938,escalation,2026-04-24 23:32:05,0,0.0,,1,1,0,15.0
TXN1004944,retry,2026-04-01 04:10:42,1,14935.26,161.0,2,0,0,2.0
TXN1004944,reminder,2026-04-01 04:45:42,1,14935.26,337.0,1,0,0,1.0
TXN1004944,escalation,2026-04-01 04:01:42,0,0.0,,1,1,0,15.0
TXN1004945,retry,2026-01-24 07:09:36,1,2561.26,325.0,2,0,0,2.0
TXN1004945,reminder,2026-01-24 07:49:36,1,2561.26,260.0,1,0,0,1.0
TXN1004945,escalation,2026-01-24 08:55:36,0,0.0,,1,1,0,15.0
TXN1004946,retry,2026-03-04 02:23:44,1,7318.26,89.0,2,0,0,2.0
TXN1004946,reminder,2026-03-04 04:14:44,1,7318.26,213.0,1,0,0,1.0
TXN1004946,escalation,2026-03-04 01:42:44,0,0.0,,1,1,0,15.0
TXN1004947,retry,2026-03-31 05:44:53,1,127279.03,124.0,2,0,0,2.0
TXN1004947,reminder,2026-03-31 04:54:53,1,127279.03,289.0,1,0,0,1.0
TXN1004947,escalation,2026-03-31 03:29:53,1,127279.03,332.0,1,0,0,15.0
TXN1004949,retry,2026-06-05 04:31:28,0,0.0,,3,1,0,2.0
TXN1004949,reminder,2026-06-05 05:28:28,1,7983.29,199.0,2,0,0,1.0
TXN1004949,escalation,2026-06-05 05:11:28,0,0.0,,2,1,0,15.0
TXN1004950,retry,2026-06-09 10:15:55,1,7150.49,55.0,2,0,0,2.0
TXN1004950,reminder,2026-06-09 10:19:55,1,7150.49,345.0,1,0,0,1.0
TXN1004950,escalation,2026-06-09 10:57:55,0,0.0,,1,1,0,15.0
TXN1004952,retry,2026-02-04 17:16:13,1,8039.99,113.0,3,0,0,2.0
TXN1004952,reminder,2026-02-04 16:22:13,1,8039.99,339.0,2,0,0,1.0
TXN1004952,escalation,2026-02-04 17:41:13,1,8039.99,142.0,2,0,0,15.0
TXN1004954,retry,2026-05-04 05:01:33,0,0.0,,3,1,0,2.0
TXN1004954,reminder,2026-05-04 06:31:33,0,0.0,,2,1,0,1.0
TXN1004954,escalation,2026-05-04 05:33:33,0,0.0,,2,1,0,15.0
TXN1004955,retry,2026-01-07 14:39:34,1,7393.12,20.0,2,0,0,2.0
TXN1004955,reminder,2026-01-07 12:49:34,0,0.0,,1,1,0,1.0
TXN1004955,escalation,2026-01-07 14:27:34,1,7393.12,233.0,1,0,0,15.0
TXN1004956,retry,2026-05-16 14:55:03,1,7482.01,323.0,2,0,0,2.0
TXN1004956,reminder,2026-05-16 13:40:03,0,0.0,,1,1,0,1.0
TXN1004956,escalation,2026-05-16 14:27:03,1,7482.01,150.0,1,0,0,15.0
TXN1004957,retry,2026-04-19 14:33:09,1,7053.96,228.0,2,0,0,2.0
TXN1004957,reminder,2026-04-19 15:01:09,0,0.0,,1,1,0,1.0
TXN1004957,escalation,2026-04-19 13:09:09,1,7053.96,74.0,1,0,0,15.0
TXN1004958,retry,2026-02-07 07:55:02,1,2736.37,333.0,2,0,0,2.0
TXN1004958,reminder,2026-02-07 06:19:02,1,2736.37,272.0,1,0,0,1.0
TXN1004958,escalation,2026-02-07 07:43:02,1,2736.37,342.0,1,0,0,15.0
TXN1004961,retry,2026-02-19 21:45:01,0,0.0,,4,1,1,2.0
TXN1004961,reminder,2026-02-19 19:50:01,0,0.0,,3,1,0,1.0
TXN1004961,escalation,2026-02-19 19:38:01,0,0.0,,3,1,0,15.0
TXN1004967,retry,2026-05-24 22:48:17,1,4779.94,47.0,4,0,1,2.0
TXN1004967,reminder,2026-05-24 22:34:17,1,4779.94,158.0,3,0,0,1.0
TXN1004967,escalation,2026-05-24 22:22:17,0,0.0,,3,1,0,15.0
TXN1004968,retry,2026-01-13 14:50:03,1,3860.76,277.0,2,0,0,2.0
TXN1004968,reminder,2026-01-13 13:31:03,0,0.0,,1,1,0,1.0
TXN1004968,escalation,2026-01-13 13:29:03,0,0.0,,1,1,0,15.0
TXN1004970,retry,2026-03-18 15:53:31,0,0.0,,3,1,0,2.0
TXN1004970,reminder,2026-03-18 13:58:31,0,0.0,,2,1,0,1.0
TXN1004970,escalation,2026-03-18 15:13:31,0,0.0,,2,1,0,15.0
TXN1004973,retry,2026-06-17 02:05:42,0,0.0,,3,1,0,2.0
TXN1004973,reminder,2026-06-17 03:03:42,1,1640.17,12.0,2,0,0,1.0
TXN1004973,escalation,2026-06-17 03:18:42,0,0.0,,2,1,0,15.0
TXN1004974,retry,2026-06-15 07:42:31,1,2043.8,228.0,2,0,0,2.0
TXN1004974,reminder,2026-06-15 08:49:31,1,2043.8,62.0,1,0,0,1.0
TXN1004974,escalation,2026-06-15 08:35:31,1,2043.8,88.0,1,0,0,15.0
TXN1004976,retry,2026-02-26 17:02:32,1,2412.66,185.0,2,0,0,2.0
TXN1004976,reminder,2026-02-26 15:00:32,1,2412.66,201.0,1,0,0,1.0
TXN1004976,escalation,2026-02-26 15:58:32,1,2412.66,332.0,1,0,0,15.0
TXN1004977,retry,2026-02-22 04:18:09,1,12889.1,50.0,2,0,0,2.0
TXN1004977,reminder,2026-02-22 04:01:09,0,0.0,,1,1,0,1.0
TXN1004977,escalation,2026-02-22 03:07:09,0,0.0,,1,1,0,15.0
TXN1004980,retry,2026-03-09 09:53:05,0,0.0,,3,1,0,2.0
TXN1004980,reminder,2026-03-09 10:26:05,0,0.0,,2,1,0,1.0
TXN1004980,escalation,2026-03-09 10:25:05,0,0.0,,2,1,0,15.0
TXN1004982,retry,2026-04-06 14:19:40,0,0.0,,4,1,1,2.0
TXN1004982,reminder,2026-04-06 12:14:40,0,0.0,,3,1,0,1.0
TXN1004982,escalation,2026-04-06 14:22:40,0,0.0,,3,1,0,15.0
TXN1004988,retry,2026-06-03 00:16:07,1,6884.84,126.0,2,0,0,2.0
TXN1004988,reminder,2026-06-03 01:30:07,1,6884.84,55.0,1,0,0,1.0
TXN1004988,escalation,2026-06-03 01:10:07,0,0.0,,1,1,0,15.0
TXN1004989,retry,2026-02-12 10:49:52,1,1675.61,149.0,4,0,1,2.0
TXN1004989,reminder,2026-02-12 10:43:52,0,0.0,,3,1,0,1.0
TXN1004989,escalation,2026-02-12 09:10:52,1,1675.61,285.0,3,0,0,15.0
TXN1004991,retry,2026-03-25 18:06:00,0,0.0,,4,1,1,2.0
TXN1004991,reminder,2026-03-25 17:53:00,0,0.0,,3,1,0,1.0
TXN1004991,escalation,2026-03-25 19:49:00,0,0.0,,3,1,0,15.0
TXN1004997,retry,2026-04-02 20:21:48,1,5906.18,187.0,2,0,0,2.0
TXN1004997,reminder,2026-04-02 20:53:48,0,0.0,,1,1,0,1.0
TXN1004997,escalation,2026-04-02 20:16:48,1,5906.18,309.0,1,0,0,15.0
TXN1004998,retry,2026-02-07 19:42:06,1,65207.59,71.0,2,0,0,2.0
TXN1004998,reminder,2026-02-07 20:17:06,1,65207.59,92.0,1,0,0,1.0
TXN1004998,escalation,2026-02-07 21:33:06,0,0.0,,1,1,0,15.0
TXN1005001,retry,2026-02-26 20:24:53,0,0.0,,3,1,0,2.0
TXN1005001,reminder,2026-02-26 21:11:53,0,0.0,,2,1,0,1.0
TXN1005001,escalation,2026-02-26 22:00:53,1,8147.42,169.0,2,0,0,15.0
TXN1005002,retry,2026-03-01 04:51:18,1,11650.96,279.0,2,0,0,2.0
TXN1005002,reminder,2026-03-01 04:29:18,0,0.0,,1,1,0,1.0
TXN1005002,escalation,2026-03-01 04:24:18,1,11650.96,272.0,1,0,0,15.0
TXN1005004,retry,2026-01-29 12:19:42,0,0.0,,3,1,0,2.0
TXN1005004,reminder,2026-01-29 11:06:42,0,0.0,,2,1,0,1.0
TXN1005004,escalation,2026-01-29 11:23:42,1,11987.48,75.0,2,0,0,15.0
TXN1005005,retry,2026-06-03 02:46:27,1,2473.97,287.0,2,0,0,2.0
TXN1005005,reminder,2026-06-03 00:45:27,0,0.0,,1,1,0,1.0
TXN1005005,escalation,2026-06-03 02:01:27,1,2473.97,350.0,1,0,0,15.0
TXN1005008,retry,2026-01-10 12:24:36,1,1971.93,85.0,3,0,0,2.0
TXN1005008,reminder,2026-01-10 11:36:36,0,0.0,,2,1,0,1.0
TXN1005008,escalation,2026-01-10 12:09:36,1,1971.93,79.0,2,0,0,15.0
TXN1005011,retry,2026-01-02 23:16:15,1,4978.33,154.0,3,0,0,2.0
TXN1005011,reminder,2026-01-03 01:04:15,0,0.0,,2,1,0,1.0
TXN1005011,escalation,2026-01-03 01:59:15,0,0.0,,2,1,0,15.0
TXN1005012,retry,2026-06-13 06:50:32,1,2034.98,214.0,2,0,0,2.0
TXN1005012,reminder,2026-06-13 06:51:32,1,2034.98,225.0,1,0,0,1.0
TXN1005012,escalation,2026-06-13 06:22:32,1,2034.98,227.0,1,0,0,15.0
TXN1005013,retry,2026-01-21 22:40:27,0,0.0,,4,1,1,2.0
TXN1005013,reminder,2026-01-21 23:59:27,0,0.0,,3,1,0,1.0
TXN1005013,escalation,2026-01-21 23:53:27,0,0.0,,3,1,0,15.0
TXN1005014,retry,2026-04-21 01:36:06,1,6759.23,88.0,3,0,0,2.0
TXN1005014,reminder,2026-04-21 03:20:06,1,6759.23,148.0,2,0,0,1.0
TXN1005014,escalation,2026-04-21 01:24:06,0,0.0,,2,1,0,15.0
TXN1005016,retry,2026-03-01 16:07:05,1,4119.38,325.0,2,0,0,2.0
TXN1005016,reminder,2026-03-01 14:24:05,1,4119.38,210.0,1,0,0,1.0
TXN1005016,escalation,2026-03-01 16:34:05,1,4119.38,12.0,1,0,0,15.0
TXN1005017,retry,2026-06-09 19:41:26,1,15525.01,245.0,2,0,0,2.0
TXN1005017,reminder,2026-06-09 19:33:26,0,0.0,,1,1,0,1.0
TXN1005017,escalation,2026-06-09 21:20:26,1,15525.01,302.0,1,0,0,15.0
TXN1005018,retry,2026-05-25 06:34:29,0,0.0,,4,1,1,2.0
TXN1005018,reminder,2026-05-25 05:57:29,0,0.0,,3,1,0,1.0
TXN1005018,escalation,2026-05-25 05:37:29,0,0.0,,3,1,0,15.0
TXN1005020,retry,2026-04-18 20:56:57,0,0.0,,2,1,0,2.0
TXN1005020,reminder,2026-04-18 21:25:57,0,0.0,,1,1,0,1.0
TXN1005020,escalation,2026-04-18 21:46:57,0,0.0,,1,1,0,15.0
TXN1005021,retry,2026-04-28 14:37:08,1,17050.39,313.0,2,0,0,2.0
TXN1005021,reminder,2026-04-28 15:59:08,1,17050.39,350.0,1,0,0,1.0
TXN1005021,escalation,2026-04-28 14:57:08,1,17050.39,57.0,1,0,0,15.0
TXN1005031,retry,2026-04-08 11:45:42,1,13770.21,82.0,2,0,0,2.0
TXN1005031,reminder,2026-04-08 11:19:42,1,13770.21,98.0,1,0,0,1.0
TXN1005031,escalation,2026-04-08 11:51:42,1,13770.21,236.0,1,0,0,15.0
TXN1005032,retry,2026-03-18 11:23:04,0,0.0,,3,1,0,2.0
TXN1005032,reminder,2026-03-18 11:27:04,0,0.0,,2,1,0,1.0
TXN1005032,escalation,2026-03-18 09:54:04,1,13124.66,168.0,2,0,0,15.0
TXN1005033,retry,2026-01-23 15:38:06,1,1225.49,281.0,2,0,0,2.0
TXN1005033,reminder,2026-01-23 15:19:06,0,0.0,,1,1,0,1.0
TXN1005033,escalation,2026-01-23 16:15:06,1,1225.49,161.0,1,0,0,15.0
TXN1005035,retry,2026-01-06 21:27:49,0,0.0,,2,1,0,2.0
TXN1005035,reminder,2026-01-06 20:30:49,0,0.0,,1,1,0,1.0
TXN1005035,escalation,2026-01-06 22:13:49,1,4123.5,234.0,1,0,0,15.0
TXN1005036,retry,2026-01-05 02:50:56,1,2401.9,139.0,3,0,0,2.0
TXN1005036,reminder,2026-01-05 05:28:56,1,2401.9,59.0,2,0,0,1.0
TXN1005036,escalation,2026-01-05 05:06:56,0,0.0,,2,1,0,15.0
TXN1005037,retry,2026-01-27 05:14:48,1,36465.91,227.0,3,0,0,2.0
TXN1005037,reminder,2026-01-27 04:53:48,1,36465.91,326.0,2,0,0,1.0
TXN1005037,escalation,2026-01-27 04:34:48,1,36465.91,132.0,2,0,0,15.0
TXN1005038,retry,2026-02-17 12:55:49,1,26915.52,208.0,2,0,0,2.0
TXN1005038,reminder,2026-02-17 14:49:49,1,26915.52,123.0,1,0,0,1.0
TXN1005038,escalation,2026-02-17 13:02:49,1,26915.52,352.0,1,0,0,15.0
TXN1005041,retry,2026-05-17 06:01:50,1,1748.61,274.0,2,0,0,2.0
TXN1005041,reminder,2026-05-17 03:56:50,0,0.0,,1,1,0,1.0
TXN1005041,escalation,2026-05-17 06:44:50,1,1748.61,27.0,1,0,0,15.0
TXN1005046,retry,2026-06-19 00:44:21,0,0.0,,2,1,0,2.0
TXN1005046,reminder,2026-06-19 03:18:21,0,0.0,,1,1,0,1.0
TXN1005046,escalation,2026-06-19 02:38:21,0,0.0,,1,1,0,15.0
TXN1005047,retry,2026-02-08 23:39:54,0,0.0,,3,1,0,2.0
TXN1005047,reminder,2026-02-09 00:09:54,1,4007.73,234.0,2,0,0,1.0
TXN1005047,escalation,2026-02-08 22:21:54,1,4007.73,4.0,2,0,0,15.0
TXN1005050,retry,2026-06-02 16:03:21,1,16789.66,166.0,3,0,0,2.0
TXN1005050,reminder,2026-06-02 14:48:21,1,16789.66,301.0,2,0,0,1.0
TXN1005050,escalation,2026-06-02 16:37:21,0,0.0,,2,1,0,15.0
TXN1005051,retry,2026-02-23 01:24:28,1,16112.53,62.0,2,0,0,2.0
TXN1005051,reminder,2026-02-23 01:27:28,1,16112.53,352.0,1,0,0,1.0
TXN1005051,escalation,2026-02-23 01:56:28,1,16112.53,332.0,1,0,0,15.0
TXN1005054,retry,2026-06-05 14:45:50,1,9593.02,3.0,2,0,0,2.0
TXN1005054,reminder,2026-06-05 15:18:50,0,0.0,,1,1,0,1.0
TXN1005054,escalation,2026-06-05 15:14:50,1,9593.02,279.0,1,0,0,15.0
TXN1005058,retry,2026-04-17 23:42:53,1,2624.33,214.0,2,0,0,2.0
TXN1005058,reminder,2026-04-17 23:21:53,0,0.0,,1,1,0,1.0
TXN1005058,escalation,2026-04-18 00:16:53,0,0.0,,1,1,0,15.0
TXN1005059,retry,2026-02-14 22:29:41,1,480.52,106.0,2,0,0,2.0
TXN1005059,reminder,2026-02-14 22:16:41,0,0.0,,1,1,0,1.0
TXN1005059,escalation,2026-02-14 20:37:41,1,480.52,74.0,1,0,1,15.0
TXN1005062,retry,2026-05-20 01:52:10,1,7549.93,179.0,2,0,0,2.0
TXN1005062,reminder,2026-05-19 23:33:10,1,7549.93,251.0,1,0,0,1.0
TXN1005062,escalation,2026-05-20 02:04:10,0,0.0,,1,1,0,15.0
TXN1005067,retry,2026-04-25 11:34:55,1,10053.79,298.0,2,0,0,2.0
TXN1005067,reminder,2026-04-25 12:29:55,0,0.0,,1,1,0,1.0
TXN1005067,escalation,2026-04-25 11:08:55,1,10053.79,161.0,1,0,0,15.0
TXN1005073,retry,2026-03-28 17:33:35,1,3180.05,206.0,2,0,0,2.0
TXN1005073,reminder,2026-03-28 17:36:35,0,0.0,,1,1,0,1.0
TXN1005073,escalation,2026-03-28 18:43:35,1,3180.05,334.0,1,0,0,15.0
TXN1005077,retry,2026-01-17 08:23:12,1,2509.09,113.0,2,0,0,2.0
TXN1005077,reminder,2026-01-17 06:19:12,1,2509.09,326.0,1,0,0,1.0
TXN1005077,escalation,2026-01-17 07:57:12,1,2509.09,39.0,1,0,0,15.0
TXN1005078,retry,2026-05-29 18:16:29,1,7446.62,234.0,2,0,0,2.0
TXN1005078,reminder,2026-05-29 18:47:29,0,0.0,,1,1,0,1.0
TXN1005078,escalation,2026-05-29 15:58:29,0,0.0,,1,1,0,15.0
TXN1005079,retry,2026-03-20 02:36:07,1,1245.92,224.0,2,0,0,2.0
TXN1005079,reminder,2026-03-20 03:01:07,1,1245.92,238.0,1,0,0,1.0
TXN1005079,escalation,2026-03-20 01:56:07,1,1245.92,80.0,1,0,0,15.0
TXN1005081,retry,2026-06-20 06:44:58,1,1092.31,261.0,2,0,0,2.0
TXN1005081,reminder,2026-06-20 08:50:58,1,1092.31,249.0,1,0,0,1.0
TXN1005081,escalation,2026-06-20 08:11:58,1,1092.31,64.0,1,0,0,15.0
TXN1005082,retry,2026-06-28 13:48:25,0,0.0,,2,1,0,2.0
TXN1005082,reminder,2026-06-28 13:37:25,1,9732.96,168.0,1,0,0,1.0
TXN1005082,escalation,2026-06-28 14:30:25,1,9732.96,105.0,1,0,0,15.0
TXN1005084,retry,2026-05-09 23:48:37,1,23369.43,234.0,2,0,0,2.0
TXN1005084,reminder,2026-05-09 21:41:37,0,0.0,,1,1,0,1.0
TXN1005084,escalation,2026-05-09 21:18:37,0,0.0,,1,1,0,15.0
TXN1005085,retry,2026-01-05 20:04:32,0,0.0,,2,1,0,2.0
TXN1005085,reminder,2026-01-05 20:37:32,0,0.0,,1,1,0,1.0
TXN1005085,escalation,2026-01-05 18:46:32,1,6965.77,116.0,1,0,0,15.0
TXN1005086,retry,2026-04-28 00:13:19,1,3661.48,24.0,2,0,0,2.0
TXN1005086,reminder,2026-04-28 00:57:19,1,3661.48,143.0,1,0,0,1.0
TXN1005086,escalation,2026-04-28 00:02:19,1,3661.48,307.0,1,0,0,15.0
TXN1005092,retry,2026-01-06 21:56:46,0,0.0,,3,1,0,2.0
TXN1005092,reminder,2026-01-06 21:48:46,0,0.0,,2,1,0,1.0
TXN1005092,escalation,2026-01-06 22:08:46,0,0.0,,2,1,0,15.0
TXN1005098,retry,2026-02-07 20:35:29,0,0.0,,3,1,0,2.0
TXN1005098,reminder,2026-02-07 20:38:29,0,0.0,,2,1,0,1.0
TXN1005098,escalation,2026-02-07 19:51:29,0,0.0,,2,1,0,15.0
TXN1005099,retry,2026-01-24 23:10:17,0,0.0,,4,1,1,2.0
TXN1005099,reminder,2026-01-24 20:42:17,0,0.0,,3,1,0,1.0
TXN1005099,escalation,2026-01-24 21:28:17,0,0.0,,3,1,0,15.0
TXN1005104,retry,2026-05-13 06:41:56,0,0.0,,2,1,0,2.0
TXN1005104,reminder,2026-05-13 07:04:56,1,640.92,152.0,1,0,0,1.0
TXN1005104,escalation,2026-05-13 05:28:56,1,640.92,142.0,1,0,0,15.0
TXN1005105,retry,2026-04-03 07:58:43,1,7776.61,108.0,4,0,1,2.0
TXN1005105,reminder,2026-04-03 08:07:43,1,7776.61,282.0,3,0,0,1.0
TXN1005105,escalation,2026-04-03 07:51:43,1,7776.61,169.0,3,0,0,15.0
TXN1005107,retry,2026-05-26 11:54:08,0,0.0,,3,1,0,2.0
TXN1005107,reminder,2026-05-26 12:20:08,0,0.0,,2,1,0,1.0
TXN1005107,escalation,2026-05-26 11:27:08,1,29644.05,214.0,2,0,0,15.0
TXN1005109,retry,2026-02-10 00:39:51,1,4261.71,171.0,2,0,0,2.0
TXN1005109,reminder,2026-02-10 01:52:51,1,4261.71,314.0,1,0,0,1.0
TXN1005109,escalation,2026-02-10 01:48:51,0,0.0,,1,1,0,15.0
TXN1005112,retry,2026-03-07 01:10:01,1,9803.92,44.0,2,0,0,2.0
TXN1005112,reminder,2026-03-07 02:25:01,1,9803.92,304.0,1,0,0,1.0
TXN1005112,escalation,2026-03-07 01:47:01,0,0.0,,1,1,0,15.0
TXN1005113,retry,2026-06-14 23:56:16,1,15413.16,216.0,5,0,1,2.0
TXN1005113,reminder,2026-06-14 23:26:16,0,0.0,,4,1,0,1.0
TXN1005113,escalation,2026-06-14 22:32:16,0,0.0,,4,1,0,15.0
TXN1005114,retry,2026-04-05 02:01:53,1,4228.77,279.0,2,0,0,2.0
TXN1005114,reminder,2026-04-05 01:15:53,1,4228.77,66.0,1,0,0,1.0
TXN1005114,escalation,2026-04-05 00:55:53,1,4228.77,289.0,1,0,0,15.0
TXN1005116,retry,2026-05-14 08:08:01,1,2751.06,238.0,2,0,0,2.0
TXN1005116,reminder,2026-05-14 07:24:01,1,2751.06,234.0,1,0,0,1.0
TXN1005116,escalation,2026-05-14 08:02:01,1,2751.06,55.0,1,0,0,15.0
TXN1005117,retry,2026-03-25 10:57:45,1,11572.99,71.0,2,0,0,2.0
TXN1005117,reminder,2026-03-25 10:43:45,1,11572.99,200.0,1,0,0,1.0
TXN1005117,escalation,2026-03-25 12:46:45,1,11572.99,248.0,1,0,0,15.0
TXN1005120,retry,2026-01-04 09:14:45,0,0.0,,2,1,0,2.0
TXN1005120,reminder,2026-01-04 08:48:45,1,25750.29,65.0,1,0,0,1.0
TXN1005120,escalation,2026-01-04 07:26:45,1,25750.29,308.0,1,0,0,15.0
TXN1005127,retry,2026-04-27 19:52:49,1,11817.71,221.0,2,0,0,2.0
TXN1005127,reminder,2026-04-27 19:12:49,1,11817.71,47.0,1,0,0,1.0
TXN1005127,escalation,2026-04-27 17:03:49,0,0.0,,1,1,0,15.0
TXN1005134,retry,2026-06-20 00:53:08,1,7435.18,250.0,2,0,0,2.0
TXN1005134,reminder,2026-06-20 00:36:08,0,0.0,,1,1,0,1.0
TXN1005134,escalation,2026-06-20 00:16:08,0,0.0,,1,1,0,15.0
TXN1005135,retry,2026-01-02 10:52:26,0,0.0,,2,1,0,2.0
TXN1005135,reminder,2026-01-02 09:15:26,0,0.0,,1,1,0,1.0
TXN1005135,escalation,2026-01-02 09:14:26,0,0.0,,1,1,0,15.0
TXN1005136,retry,2026-05-05 14:08:03,1,3355.52,270.0,2,0,0,2.0
TXN1005136,reminder,2026-05-05 11:55:03,0,0.0,,1,1,0,1.0
TXN1005136,escalation,2026-05-05 13:35:03,0,0.0,,1,1,0,15.0
TXN1005138,retry,2026-04-04 14:27:12,1,1764.91,341.0,3,0,0,2.0
TXN1005138,reminder,2026-04-04 15:05:12,0,0.0,,2,1,0,1.0
TXN1005138,escalation,2026-04-04 15:16:12,0,0.0,,2,1,0,15.0
TXN1005139,retry,2026-05-31 09:32:04,0,0.0,,2,1,0,2.0
TXN1005139,reminder,2026-05-31 11:00:04,1,2975.09,33.0,1,0,0,1.0
TXN1005139,escalation,2026-05-31 11:36:04,0,0.0,,1,1,0,15.0
TXN1005140,retry,2026-03-13 15:15:51,1,4729.82,120.0,2,0,0,2.0
TXN1005140,reminder,2026-03-13 17:48:51,0,0.0,,1,1,0,1.0
TXN1005140,escalation,2026-03-13 16:54:51,1,4729.82,138.0,1,0,0,15.0
TXN1005141,retry,2026-06-04 02:12:37,1,4757.85,359.0,3,0,0,2.0
TXN1005141,reminder,2026-06-04 00:42:37,1,4757.85,315.0,2,0,0,1.0
TXN1005141,escalation,2026-06-04 01:13:37,0,0.0,,2,1,0,15.0
TXN1005142,retry,2026-03-03 02:40:53,1,28395.79,117.0,2,0,0,2.0
TXN1005142,reminder,2026-03-03 02:35:53,1,28395.79,304.0,1,0,0,1.0
TXN1005142,escalation,2026-03-03 03:01:53,0,0.0,,1,1,0,15.0
TXN1005143,retry,2026-04-08 20:28:24,1,1890.36,42.0,2,0,0,2.0
TXN1005143,reminder,2026-04-08 19:50:24,0,0.0,,1,1,0,1.0
TXN1005143,escalation,2026-04-08 19:28:24,0,0.0,,1,1,0,15.0
TXN1005144,retry,2026-01-25 08:24:29,1,503.3,60.0,2,0,0,2.0
TXN1005144,reminder,2026-01-25 09:05:29,1,503.3,53.0,1,0,0,1.0
TXN1005144,escalation,2026-01-25 08:18:29,1,503.3,99.0,1,0,0,15.0
TXN1005148,retry,2026-04-08 04:13:40,1,2336.69,351.0,2,0,0,2.0
TXN1005148,reminder,2026-04-08 04:25:40,1,2336.69,332.0,1,0,0,1.0
TXN1005148,escalation,2026-04-08 02:00:40,0,0.0,,1,1,0,15.0
TXN1005149,retry,2026-03-01 05:14:36,0,0.0,,3,1,0,2.0
TXN1005149,reminder,2026-03-01 05:12:36,0,0.0,,2,1,0,1.0
TXN1005149,escalation,2026-03-01 05:04:36,0,0.0,,2,1,0,15.0
TXN1005150,retry,2026-01-15 00:17:46,0,0.0,,2,1,0,2.0
TXN1005150,reminder,2026-01-15 01:45:46,0,0.0,,1,1,0,1.0
TXN1005150,escalation,2026-01-14 23:46:46,1,4787.06,5.0,1,0,0,15.0
TXN1005152,retry,2026-03-15 17:17:35,0,0.0,,2,1,0,2.0
TXN1005152,reminder,2026-03-15 18:23:35,0,0.0,,1,1,0,1.0
TXN1005152,escalation,2026-03-15 16:38:35,1,85187.98,25.0,1,0,0,15.0
TXN1005154,retry,2026-05-19 01:30:30,1,245.07,25.0,3,0,0,2.0
TXN1005154,reminder,2026-05-18 22:35:30,0,0.0,,2,1,0,1.0
TXN1005154,escalation,2026-05-18 23:03:30,1,245.07,324.0,2,0,1,15.0
TXN1005160,retry,2026-03-24 12:55:35,0,0.0,,4,1,1,2.0
TXN1005160,reminder,2026-03-24 12:28:35,1,4049.82,344.0,3,0,0,1.0
TXN1005160,escalation,2026-03-24 11:25:35,0,0.0,,3,1,0,15.0
TXN1005162,retry,2026-01-13 14:04:46,1,6427.52,218.0,2,0,0,2.0
TXN1005162,reminder,2026-01-13 11:44:46,1,6427.52,225.0,1,0,0,1.0
TXN1005162,escalation,2026-01-13 11:35:46,0,0.0,,1,1,0,15.0
TXN1005167,retry,2026-03-22 06:25:57,0,0.0,,5,1,1,2.0
TXN1005167,reminder,2026-03-22 06:03:57,1,329.45,109.0,4,0,0,1.0
TXN1005167,escalation,2026-03-22 04:55:57,0,0.0,,4,1,1,15.0
TXN1005168,retry,2026-01-08 13:36:41,0,0.0,,3,1,0,2.0
TXN1005168,reminder,2026-01-08 14:50:41,1,3112.34,32.0,2,0,0,1.0
TXN1005168,escalation,2026-01-08 15:46:41,0,0.0,,2,1,0,15.0
TXN1005169,retry,2026-01-25 09:03:37,1,1107.75,308.0,2,0,0,2.0
TXN1005169,reminder,2026-01-25 07:46:37,0,0.0,,1,1,0,1.0
TXN1005169,escalation,2026-01-25 07:15:37,1,1107.75,92.0,1,0,0,15.0
TXN1005170,retry,2026-04-06 11:55:04,0,0.0,,3,1,0,2.0
TXN1005170,reminder,2026-04-06 11:57:04,0,0.0,,2,1,0,1.0
TXN1005170,escalation,2026-04-06 11:06:04,0,0.0,,2,1,0,15.0
TXN1005171,retry,2026-06-07 18:12:36,0,0.0,,4,1,1,2.0
TXN1005171,reminder,2026-06-07 17:08:36,0,0.0,,3,1,0,1.0
TXN1005171,escalation,2026-06-07 17:08:36,0,0.0,,3,1,0,15.0
TXN1005172,retry,2026-01-27 22:31:12,1,10302.18,272.0,2,0,0,2.0
TXN1005172,reminder,2026-01-27 20:48:12,1,10302.18,279.0,1,0,0,1.0
TXN1005172,escalation,2026-01-27 20:12:12,0,0.0,,1,1,0,15.0
TXN1005175,retry,2026-01-28 06:41:19,0,0.0,,2,1,0,2.0
TXN1005175,reminder,2026-01-28 07:06:19,0,0.0,,1,1,0,1.0
TXN1005175,escalation,2026-01-28 05:46:19,0,0.0,,1,1,0,15.0
TXN1005177,retry,2026-01-16 15:37:08,0,0.0,,2,1,0,2.0
TXN1005177,reminder,2026-01-16 17:14:08,0,0.0,,1,1,0,1.0
TXN1005177,escalation,2026-01-16 16:47:08,0,0.0,,1,1,0,15.0
TXN1005178,retry,2026-01-20 13:14:34,0,0.0,,2,1,0,2.0
TXN1005178,reminder,2026-01-20 11:53:34,0,0.0,,1,1,0,1.0
TXN1005178,escalation,2026-01-20 13:07:34,1,5496.93,130.0,1,0,0,15.0
TXN1005180,retry,2026-06-23 21:16:10,1,7225.51,279.0,2,0,0,2.0
TXN1005180,reminder,2026-06-23 19:57:10,1,7225.51,270.0,1,0,0,1.0
TXN1005180,escalation,2026-06-23 21:13:10,1,7225.51,341.0,1,0,0,15.0
TXN1005182,retry,2026-05-27 03:36:36,1,4584.7,67.0,3,0,0,2.0
TXN1005182,reminder,2026-05-27 03:49:36,1,4584.7,211.0,2,0,0,1.0
TXN1005182,escalation,2026-05-27 04:20:36,1,4584.7,315.0,2,0,0,15.0
TXN1005183,retry,2026-01-29 17:39:56,1,1169.37,212.0,3,0,0,2.0
TXN1005183,reminder,2026-01-29 18:35:56,0,0.0,,2,1,0,1.0
TXN1005183,escalation,2026-01-29 18:52:56,1,1169.37,341.0,2,0,0,15.0
TXN1005184,retry,2026-06-06 22:16:13,1,2485.04,62.0,3,0,0,2.0
TXN1005184,reminder,2026-06-06 22:22:13,1,2485.04,67.0,2,0,0,1.0
TXN1005184,escalation,2026-06-06 21:23:13,0,0.0,,2,1,0,15.0
TXN1005191,retry,2026-02-23 03:32:54,1,874.02,184.0,3,0,0,2.0
TXN1005191,reminder,2026-02-23 01:41:54,1,874.02,97.0,2,0,0,1.0
TXN1005191,escalation,2026-02-23 01:27:54,1,874.02,85.0,2,0,0,15.0
TXN1005195,retry,2026-06-22 10:42:12,1,3060.46,245.0,2,0,0,2.0
TXN1005195,reminder,2026-06-22 12:27:12,1,3060.46,141.0,1,0,0,1.0
TXN1005195,escalation,2026-06-22 12:17:12,0,0.0,,1,1,0,15.0
TXN1005196,retry,2026-02-03 08:57:55,0,0.0,,2,1,0,2.0
TXN1005196,reminder,2026-02-03 10:16:55,1,13608.49,24.0,1,0,0,1.0
TXN1005196,escalation,2026-02-03 09:10:55,1,13608.49,354.0,1,0,0,15.0
TXN1005201,retry,2026-05-24 00:07:53,1,6423.3,290.0,4,0,1,2.0
TXN1005201,reminder,2026-05-23 22:47:53,0,0.0,,3,1,0,1.0
TXN1005201,escalation,2026-05-23 22:21:53,0,0.0,,3,1,0,15.0
TXN1005205,retry,2026-05-01 11:05:32,1,34815.23,125.0,2,0,0,2.0
TXN1005205,reminder,2026-05-01 08:37:32,1,34815.23,200.0,1,0,0,1.0
TXN1005205,escalation,2026-05-01 10:24:32,1,34815.23,277.0,1,0,0,15.0
TXN1005207,retry,2026-05-14 03:39:45,1,1398.11,333.0,2,0,0,2.0
TXN1005207,reminder,2026-05-14 02:20:45,0,0.0,,1,1,0,1.0
TXN1005207,escalation,2026-05-14 02:24:45,1,1398.11,119.0,1,0,0,15.0
TXN1005208,retry,2026-04-30 03:49:37,1,10515.38,99.0,2,0,0,2.0
TXN1005208,reminder,2026-04-30 02:26:37,0,0.0,,1,1,0,1.0
TXN1005208,escalation,2026-04-30 02:13:37,1,10515.38,256.0,1,0,0,15.0
TXN1005209,retry,2026-02-27 17:14:58,1,1654.11,310.0,2,0,0,2.0
TXN1005209,reminder,2026-02-27 17:20:58,1,1654.11,156.0,1,0,0,1.0
TXN1005209,escalation,2026-02-27 19:53:58,1,1654.11,123.0,1,0,0,15.0
TXN1005213,retry,2026-01-16 00:43:28,1,4477.21,82.0,2,0,0,2.0
TXN1005213,reminder,2026-01-15 23:20:28,1,4477.21,351.0,1,0,0,1.0
TXN1005213,escalation,2026-01-16 01:46:28,1,4477.21,313.0,1,0,0,15.0
TXN1005214,retry,2026-05-01 20:04:26,0,0.0,,4,1,1,2.0
TXN1005214,reminder,2026-05-01 20:35:26,1,3285.53,78.0,3,0,0,1.0
TXN1005214,escalation,2026-05-01 18:04:26,0,0.0,,3,1,0,15.0
TXN1005215,retry,2026-05-12 09:56:14,1,1925.04,120.0,3,0,0,2.0
TXN1005215,reminder,2026-05-12 11:29:14,1,1925.04,210.0,2,0,0,1.0
TXN1005215,escalation,2026-05-12 10:06:14,0,0.0,,2,1,0,15.0
TXN1005219,retry,2026-02-22 18:38:31,1,3727.86,59.0,2,0,0,2.0
TXN1005219,reminder,2026-02-22 16:40:31,0,0.0,,1,1,0,1.0
TXN1005219,escalation,2026-02-22 16:31:31,1,3727.86,49.0,1,0,0,15.0
TXN1005221,retry,2026-06-28 16:38:57,0,0.0,,4,1,1,2.0
TXN1005221,reminder,2026-06-28 14:27:57,0,0.0,,3,1,0,1.0
TXN1005221,escalation,2026-06-28 15:31:57,0,0.0,,3,1,0,15.0
TXN1005226,retry,2026-01-11 16:02:08,1,3873.51,124.0,2,0,0,2.0
TXN1005226,reminder,2026-01-11 18:18:08,1,3873.51,212.0,1,0,0,1.0
TXN1005226,escalation,2026-01-11 16:51:08,1,3873.51,16.0,1,0,0,15.0
TXN1005228,retry,2026-01-26 09:50:44,1,5359.12,68.0,2,0,0,2.0
TXN1005228,reminder,2026-01-26 10:33:44,0,0.0,,1,1,0,1.0
TXN1005228,escalation,2026-01-26 09:32:44,1,5359.12,204.0,1,0,0,15.0
TXN1005236,retry,2026-06-23 18:08:16,0,0.0,,2,1,0,2.0
TXN1005236,reminder,2026-06-23 17:52:16,0,0.0,,1,1,0,1.0
TXN1005236,escalation,2026-06-23 16:52:16,1,708.08,264.0,1,0,0,15.0
TXN1005237,retry,2026-05-25 18:04:53,0,0.0,,4,1,1,2.0
TXN1005237,reminder,2026-05-25 15:13:53,1,1824.63,153.0,3,0,0,1.0
TXN1005237,escalation,2026-05-25 17:12:53,0,0.0,,3,1,0,15.0
TXN1005238,retry,2026-05-10 11:50:53,1,7559.73,197.0,3,0,0,2.0
TXN1005238,reminder,2026-05-10 12:22:53,0,0.0,,2,1,0,1.0
TXN1005238,escalation,2026-05-10 14:19:53,0,0.0,,2,1,0,15.0
TXN1005239,retry,2026-01-20 01:30:25,0,0.0,,2,1,0,2.0
TXN1005239,reminder,2026-01-20 00:33:25,1,2231.48,310.0,1,0,0,1.0
TXN1005239,escalation,2026-01-20 02:42:25,0,0.0,,1,1,0,15.0
TXN1005242,retry,2026-01-22 17:51:28,1,3675.77,203.0,2,0,0,2.0
TXN1005242,reminder,2026-01-22 18:21:28,1,3675.77,150.0,1,0,0,1.0
TXN1005242,escalation,2026-01-22 17:49:28,0,0.0,,1,1,0,15.0
TXN1005247,retry,2026-04-07 11:28:33,1,3055.28,50.0,3,0,0,2.0
TXN1005247,reminder,2026-04-07 12:25:33,1,3055.28,219.0,2,0,0,1.0
TXN1005247,escalation,2026-04-07 11:17:33,1,3055.28,174.0,2,0,0,15.0
TXN1005250,retry,2026-04-13 01:22:35,1,7087.84,212.0,3,0,0,2.0
TXN1005250,reminder,2026-04-13 03:16:35,0,0.0,,2,1,0,1.0
TXN1005250,escalation,2026-04-13 03:11:35,1,7087.84,132.0,2,0,0,15.0
TXN1005251,retry,2026-06-28 15:28:21,0,0.0,,3,1,0,2.0
TXN1005251,reminder,2026-06-28 15:38:21,1,2460.31,122.0,2,0,0,1.0
TXN1005251,escalation,2026-06-28 14:11:21,1,2460.31,23.0,2,0,0,15.0
TXN1005252,retry,2026-03-23 13:55:51,0,0.0,,2,1,0,2.0
TXN1005252,reminder,2026-03-23 13:18:51,0,0.0,,1,1,0,1.0
TXN1005252,escalation,2026-03-23 12:34:51,1,4723.35,157.0,1,0,0,15.0
TXN1005253,retry,2026-05-10 14:00:30,0,0.0,,2,1,0,2.0
TXN1005253,reminder,2026-05-10 12:13:30,1,1903.12,317.0,1,0,0,1.0
TXN1005253,escalation,2026-05-10 11:58:30,0,0.0,,1,1,0,15.0
TXN1005258,retry,2026-04-01 13:23:08,1,21370.85,267.0,2,0,0,2.0
TXN1005258,reminder,2026-04-01 13:26:08,1,21370.85,67.0,1,0,0,1.0
TXN1005258,escalation,2026-04-01 12:05:08,0,0.0,,1,1,0,15.0
TXN1005259,retry,2026-05-25 09:50:24,1,2404.28,136.0,2,0,0,2.0
TXN1005259,reminder,2026-05-25 09:46:24,0,0.0,,1,1,0,1.0
TXN1005259,escalation,2026-05-25 09:52:24,1,2404.28,31.0,1,0,0,15.0
TXN1005262,retry,2026-02-08 14:00:55,1,833.88,155.0,2,0,0,2.0
TXN1005262,reminder,2026-02-08 14:06:55,0,0.0,,1,1,0,1.0
TXN1005262,escalation,2026-02-08 13:26:55,1,833.88,8.0,1,0,0,15.0
TXN1005268,retry,2026-05-20 06:02:54,0,0.0,,3,1,0,2.0
TXN1005268,reminder,2026-05-20 05:49:54,0,0.0,,2,1,0,1.0
TXN1005268,escalation,2026-05-20 05:17:54,0,0.0,,2,1,0,15.0
TXN1005277,retry,2026-02-02 23:39:36,1,3946.75,84.0,2,0,0,2.0
TXN1005277,reminder,2026-02-03 00:13:36,1,3946.75,157.0,1,0,0,1.0
TXN1005277,escalation,2026-02-02 21:51:36,0,0.0,,1,1,0,15.0
TXN1005279,retry,2026-02-17 04:38:51,0,0.0,,4,1,1,2.0
TXN1005279,reminder,2026-02-17 05:23:51,0,0.0,,3,1,0,1.0
TXN1005279,escalation,2026-02-17 05:25:51,0,0.0,,3,1,0,15.0
TXN1005280,retry,2026-04-04 17:18:06,0,0.0,,2,1,0,2.0
TXN1005280,reminder,2026-04-04 18:20:06,1,3956.18,59.0,1,0,0,1.0
TXN1005280,escalation,2026-04-04 18:21:06,1,3956.18,287.0,1,0,0,15.0
TXN1005284,retry,2026-06-05 05:18:31,1,4557.86,349.0,2,0,0,2.0
TXN1005284,reminder,2026-06-05 05:09:31,1,4557.86,76.0,1,0,0,1.0
TXN1005284,escalation,2026-06-05 06:16:31,0,0.0,,1,1,0,15.0
TXN1005290,retry,2026-02-01 18:30:45,0,0.0,,4,1,1,2.0
TXN1005290,reminder,2026-02-01 17:58:45,0,0.0,,3,1,0,1.0
TXN1005290,escalation,2026-02-01 17:10:45,1,2874.78,147.0,3,0,0,15.0
TXN1005293,retry,2026-05-10 20:49:12,0,0.0,,2,1,0,2.0
TXN1005293,reminder,2026-05-10 21:15:12,0,0.0,,1,1,0,1.0
TXN1005293,escalation,2026-05-10 22:30:12,0,0.0,,1,1,0,15.0
TXN1005294,retry,2026-01-31 14:13:48,1,4968.15,276.0,2,0,0,2.0
TXN1005294,reminder,2026-01-31 16:33:48,0,0.0,,1,1,0,1.0
TXN1005294,escalation,2026-01-31 14:08:48,1,4968.15,283.0,1,0,0,15.0
TXN1005296,retry,2026-04-23 18:59:39,1,2671.02,91.0,2,0,0,2.0
TXN1005296,reminder,2026-04-23 19:28:39,0,0.0,,1,1,0,1.0
TXN1005296,escalation,2026-04-23 19:53:39,0,0.0,,1,1,0,15.0
TXN1005297,retry,2026-03-31 07:48:49,1,2223.18,290.0,2,0,0,2.0
TXN1005297,reminder,2026-03-31 07:40:49,1,2223.18,171.0,1,0,0,1.0
TXN1005297,escalation,2026-03-31 07:08:49,1,2223.18,338.0,1,0,0,15.0
TXN1005303,retry,2026-02-22 23:24:36,0,0.0,,5,1,1,2.0
TXN1005303,reminder,2026-02-22 21:56:36,0,0.0,,4,1,0,1.0
TXN1005303,escalation,2026-02-22 22:37:36,1,5327.54,18.0,4,0,0,15.0
TXN1005304,retry,2026-04-06 13:54:56,1,910.94,27.0,2,0,0,2.0
TXN1005304,reminder,2026-04-06 14:09:56,1,910.94,98.0,1,0,0,1.0
TXN1005304,escalation,2026-04-06 13:26:56,0,0.0,,1,1,0,15.0
TXN1005305,retry,2026-02-10 06:27:42,0,0.0,,3,1,0,2.0
TXN1005305,reminder,2026-02-10 08:27:42,0,0.0,,2,1,0,1.0
TXN1005305,escalation,2026-02-10 06:17:42,0,0.0,,2,1,0,15.0
TXN1005306,retry,2026-01-17 01:57:00,0,0.0,,2,1,0,2.0
TXN1005306,reminder,2026-01-17 01:25:00,1,777.15,232.0,1,0,0,1.0
TXN1005306,escalation,2026-01-17 00:12:00,0,0.0,,1,1,0,15.0
TXN1005307,retry,2026-05-09 00:53:31,1,4655.66,93.0,2,0,0,2.0
TXN1005307,reminder,2026-05-08 22:53:31,1,4655.66,79.0,1,0,0,1.0
TXN1005307,escalation,2026-05-09 01:01:31,0,0.0,,1,1,0,15.0
TXN1005308,retry,2026-04-22 07:05:07,0,0.0,,2,1,0,2.0
TXN1005308,reminder,2026-04-22 07:16:07,0,0.0,,1,1,0,1.0
TXN1005308,escalation,2026-04-22 05:35:07,1,9005.85,289.0,1,0,0,15.0
TXN1005309,retry,2026-03-14 02:12:16,0,0.0,,2,1,0,2.0
TXN1005309,reminder,2026-03-14 03:04:16,1,6908.12,202.0,1,0,0,1.0
TXN1005309,escalation,2026-03-14 03:04:16,0,0.0,,1,1,0,15.0
TXN1005310,retry,2026-04-12 08:59:10,1,1389.63,106.0,2,0,0,2.0
TXN1005310,reminder,2026-04-12 08:23:10,0,0.0,,1,1,0,1.0
TXN1005310,escalation,2026-04-12 07:20:10,0,0.0,,1,1,0,15.0
TXN1005312,retry,2026-05-14 09:59:12,0,0.0,,2,1,0,2.0
TXN1005312,reminder,2026-05-14 11:49:12,0,0.0,,1,1,0,1.0
TXN1005312,escalation,2026-05-14 09:38:12,1,1514.66,351.0,1,0,0,15.0
TXN1005313,retry,2026-05-19 16:08:35,1,19531.46,228.0,2,0,0,2.0
TXN1005313,reminder,2026-05-19 17:32:35,0,0.0,,1,1,0,1.0
TXN1005313,escalation,2026-05-19 17:33:35,1,19531.46,259.0,1,0,0,15.0
TXN1005315,retry,2026-05-04 16:49:33,0,0.0,,2,1,0,2.0
TXN1005315,reminder,2026-05-04 14:59:33,1,64207.28,298.0,1,0,0,1.0
TXN1005315,escalation,2026-05-04 16:36:33,1,64207.28,39.0,1,0,0,15.0
TXN1005318,retry,2026-05-02 09:55:16,0,0.0,,4,1,1,2.0
TXN1005318,reminder,2026-05-02 09:56:16,0,0.0,,3,1,0,1.0
TXN1005318,escalation,2026-05-02 10:00:16,0,0.0,,3,1,0,15.0
TXN1005320,retry,2026-03-05 14:45:09,0,0.0,,2,1,0,2.0
TXN1005320,reminder,2026-03-05 15:21:09,0,0.0,,1,1,0,1.0
TXN1005320,escalation,2026-03-05 14:29:09,0,0.0,,1,1,0,15.0
TXN1005323,retry,2026-01-08 23:20:16,1,1221.5,355.0,2,0,0,2.0
TXN1005323,reminder,2026-01-08 23:12:16,0,0.0,,1,1,0,1.0
TXN1005323,escalation,2026-01-09 00:43:16,0,0.0,,1,1,0,15.0
TXN1005324,retry,2026-05-09 09:37:58,0,0.0,,2,1,0,2.0
TXN1005324,reminder,2026-05-09 08:44:58,0,0.0,,1,1,0,1.0
TXN1005324,escalation,2026-05-09 09:58:58,1,1946.11,214.0,1,0,0,15.0
TXN1005331,retry,2026-03-15 06:31:13,1,699.94,280.0,3,0,0,2.0
TXN1005331,reminder,2026-03-15 05:54:13,0,0.0,,2,1,0,1.0
TXN1005331,escalation,2026-03-15 05:15:13,0,0.0,,2,1,0,15.0
TXN1005333,retry,2026-03-24 16:34:06,0,0.0,,3,1,0,2.0
TXN1005333,reminder,2026-03-24 16:50:06,0,0.0,,2,1,0,1.0
TXN1005333,escalation,2026-03-24 18:26:06,0,0.0,,2,1,0,15.0
TXN1005335,retry,2026-02-26 06:42:17,0,0.0,,2,1,0,2.0
TXN1005335,reminder,2026-02-26 08:57:17,1,3799.74,351.0,1,0,0,1.0
TXN1005335,escalation,2026-02-26 07:04:17,1,3799.74,53.0,1,0,0,15.0
TXN1005340,retry,2026-03-18 21:11:10,1,6127.48,141.0,2,0,0,2.0
TXN1005340,reminder,2026-03-18 21:22:10,1,6127.48,274.0,1,0,0,1.0
TXN1005340,escalation,2026-03-18 21:42:10,0,0.0,,1,1,0,15.0
TXN1005343,retry,2026-02-18 05:16:52,0,0.0,,2,1,0,2.0
TXN1005343,reminder,2026-02-18 04:26:52,0,0.0,,1,1,0,1.0
TXN1005343,escalation,2026-02-18 03:56:52,0,0.0,,1,1,0,15.0
TXN1005345,retry,2026-05-11 12:31:33,0,0.0,,3,1,0,2.0
TXN1005345,reminder,2026-05-11 14:00:33,0,0.0,,2,1,0,1.0
TXN1005345,escalation,2026-05-11 15:12:33,1,3918.79,307.0,2,0,0,15.0
TXN1005347,retry,2026-04-10 22:49:24,1,4044.35,38.0,3,0,0,2.0
TXN1005347,reminder,2026-04-11 00:59:24,0,0.0,,2,1,0,1.0
TXN1005347,escalation,2026-04-11 00:40:24,1,4044.35,189.0,2,0,0,15.0
TXN1005348,retry,2026-05-17 11:40:51,1,5737.08,351.0,2,0,0,2.0
TXN1005348,reminder,2026-05-17 12:32:51,1,5737.08,92.0,1,0,0,1.0
TXN1005348,escalation,2026-05-17 12:23:51,0,0.0,,1,1,0,15.0
TXN1005351,retry,2026-04-08 06:02:01,0,0.0,,2,1,0,2.0
TXN1005351,reminder,2026-04-08 06:00:01,0,0.0,,1,1,0,1.0
TXN1005351,escalation,2026-04-08 03:56:01,1,10026.03,357.0,1,0,0,15.0
TXN1005352,retry,2026-02-14 02:53:53,1,3415.29,144.0,2,0,0,2.0
TXN1005352,reminder,2026-02-14 01:59:53,1,3415.29,86.0,1,0,0,1.0
TXN1005352,escalation,2026-02-14 00:30:53,1,3415.29,168.0,1,0,0,15.0
TXN1005353,retry,2026-01-07 20:44:22,1,4824.93,257.0,2,0,0,2.0
TXN1005353,reminder,2026-01-07 20:07:22,0,0.0,,1,1,0,1.0
TXN1005353,escalation,2026-01-07 20:32:22,0,0.0,,1,1,0,15.0
TXN1005356,retry,2026-04-19 07:54:38,0,0.0,,4,1,1,2.0
TXN1005356,reminder,2026-04-19 09:58:38,0,0.0,,3,1,0,1.0
TXN1005356,escalation,2026-04-19 09:05:38,1,7736.03,101.0,3,0,0,15.0
TXN1005361,retry,2026-04-17 20:50:14,1,3850.92,41.0,4,0,1,2.0
TXN1005361,reminder,2026-04-17 21:18:14,0,0.0,,3,1,0,1.0
TXN1005361,escalation,2026-04-17 21:35:14,1,3850.92,274.0,3,0,0,15.0
TXN1005364,retry,2026-02-10 07:45:24,1,1367.47,89.0,2,0,0,2.0
TXN1005364,reminder,2026-02-10 07:08:24,1,1367.47,72.0,1,0,0,1.0
TXN1005364,escalation,2026-02-10 05:39:24,0,0.0,,1,1,0,15.0
TXN1005366,retry,2026-06-26 13:53:01,0,0.0,,5,1,1,2.0
TXN1005366,reminder,2026-06-26 15:23:01,0,0.0,,4,1,0,1.0
TXN1005366,escalation,2026-06-26 16:31:01,0,0.0,,4,1,0,15.0
TXN1005367,retry,2026-05-10 14:27:41,1,37220.55,104.0,2,0,0,2.0
TXN1005367,reminder,2026-05-10 13:20:41,1,37220.55,14.0,1,0,0,1.0
TXN1005367,escalation,2026-05-10 15:08:41,1,37220.55,87.0,1,0,0,15.0
TXN1005368,retry,2026-02-10 15:04:19,0,0.0,,3,1,0,2.0
TXN1005368,reminder,2026-02-10 15:29:19,0,0.0,,2,1,0,1.0
TXN1005368,escalation,2026-02-10 13:40:19,1,15192.35,68.0,2,0,0,15.0
TXN1005379,retry,2026-02-28 04:56:16,0,0.0,,2,1,0,2.0
TXN1005379,reminder,2026-02-28 03:31:16,0,0.0,,1,1,0,1.0
TXN1005379,escalation,2026-02-28 02:46:16,1,2430.05,36.0,1,0,0,15.0
TXN1005380,retry,2026-06-04 07:29:17,1,5117.29,13.0,2,0,0,2.0
TXN1005380,reminder,2026-06-04 05:53:17,1,5117.29,88.0,1,0,0,1.0
TXN1005380,escalation,2026-06-04 06:49:17,1,5117.29,209.0,1,0,0,15.0
TXN1005381,retry,2026-05-01 12:28:05,1,6164.26,311.0,2,0,0,2.0
TXN1005381,reminder,2026-05-01 14:02:05,0,0.0,,1,1,0,1.0
TXN1005381,escalation,2026-05-01 12:34:05,1,6164.26,266.0,1,0,0,15.0
TXN1005382,retry,2026-05-03 15:21:56,1,1745.29,219.0,2,0,0,2.0
TXN1005382,reminder,2026-05-03 14:35:56,0,0.0,,1,1,0,1.0
TXN1005382,escalation,2026-05-03 13:55:56,0,0.0,,1,1,0,15.0
TXN1005384,retry,2026-03-11 17:19:35,0,0.0,,2,1,0,2.0
TXN1005384,reminder,2026-03-11 19:11:35,0,0.0,,1,1,0,1.0
TXN1005384,escalation,2026-03-11 16:44:35,1,4405.8,152.0,1,0,0,15.0
TXN1005387,retry,2026-04-09 08:53:34,1,5139.98,6.0,2,0,0,2.0
TXN1005387,reminder,2026-04-09 07:21:34,1,5139.98,315.0,1,0,0,1.0
TXN1005387,escalation,2026-04-09 09:23:34,1,5139.98,327.0,1,0,0,15.0
TXN1005388,retry,2026-03-29 00:59:24,0,0.0,,2,1,0,2.0
TXN1005388,reminder,2026-03-29 00:35:24,0,0.0,,1,1,0,1.0
TXN1005388,escalation,2026-03-29 01:20:24,1,2028.27,62.0,1,0,0,15.0
TXN1005391,retry,2026-02-03 19:49:41,0,0.0,,3,1,0,2.0
TXN1005391,reminder,2026-02-03 21:07:41,1,24936.22,225.0,2,0,0,1.0
TXN1005391,escalation,2026-02-03 20:40:41,1,24936.22,180.0,2,0,0,15.0
TXN1005399,retry,2026-06-13 04:27:44,1,1721.83,335.0,3,0,0,2.0
TXN1005399,reminder,2026-06-13 03:21:44,0,0.0,,2,1,0,1.0
TXN1005399,escalation,2026-06-13 04:07:44,1,1721.83,302.0,2,0,0,15.0
TXN1005400,retry,2026-05-03 18:29:21,0,0.0,,4,1,1,2.0
TXN1005400,reminder,2026-05-03 18:47:21,0,0.0,,3,1,0,1.0
TXN1005400,escalation,2026-05-03 17:38:21,0,0.0,,3,1,0,15.0
TXN1005403,retry,2026-03-27 23:36:52,0,0.0,,2,1,0,2.0
TXN1005403,reminder,2026-03-27 22:11:52,1,702.2,62.0,1,0,0,1.0
TXN1005403,escalation,2026-03-27 21:39:52,1,702.2,308.0,1,0,0,15.0
TXN1005404,retry,2026-01-18 22:09:09,1,2916.36,294.0,2,0,0,2.0
TXN1005404,reminder,2026-01-18 20:52:09,1,2916.36,115.0,1,0,0,1.0
TXN1005404,escalation,2026-01-18 23:07:09,1,2916.36,275.0,1,0,0,15.0
TXN1005405,retry,2026-01-02 13:19:49,1,13433.73,15.0,2,0,0,2.0
TXN1005405,reminder,2026-01-02 11:53:49,1,13433.73,100.0,1,0,0,1.0
TXN1005405,escalation,2026-01-02 14:36:49,1,13433.73,332.0,1,0,0,15.0
TXN1005406,retry,2026-04-12 10:33:39,1,7156.49,210.0,2,0,0,2.0
TXN1005406,reminder,2026-04-12 09:06:39,1,7156.49,262.0,1,0,0,1.0
TXN1005406,escalation,2026-04-12 09:51:39,0,0.0,,1,1,0,15.0
TXN1005407,retry,2026-02-27 13:15:48,1,3829.01,148.0,2,0,0,2.0
TXN1005407,reminder,2026-02-27 15:00:48,1,3829.01,157.0,1,0,0,1.0
TXN1005407,escalation,2026-02-27 14:04:48,0,0.0,,1,1,0,15.0
TXN1005416,retry,2026-03-31 08:56:37,1,983.29,207.0,2,0,0,2.0
TXN1005416,reminder,2026-03-31 09:48:37,1,983.29,35.0,1,0,0,1.0
TXN1005416,escalation,2026-03-31 09:26:37,1,983.29,41.0,1,0,0,15.0
TXN1005417,retry,2026-03-26 10:17:16,1,2927.53,86.0,3,0,0,2.0
TXN1005417,reminder,2026-03-26 10:46:16,0,0.0,,2,1,0,1.0
TXN1005417,escalation,2026-03-26 12:13:16,1,2927.53,303.0,2,0,0,15.0
TXN1005423,retry,2026-02-06 11:03:17,0,0.0,,4,1,1,2.0
TXN1005423,reminder,2026-02-06 11:22:17,1,2373.56,33.0,3,0,0,1.0
TXN1005423,escalation,2026-02-06 11:53:17,1,2373.56,262.0,3,0,0,15.0
TXN1005424,retry,2026-06-14 01:28:58,0,0.0,,2,1,0,2.0
TXN1005424,reminder,2026-06-14 01:19:58,1,16393.0,47.0,1,0,0,1.0
TXN1005424,escalation,2026-06-14 02:18:58,1,16393.0,174.0,1,0,0,15.0
TXN1005428,retry,2026-05-21 23:08:19,1,4533.71,37.0,2,0,0,2.0
TXN1005428,reminder,2026-05-21 21:57:19,0,0.0,,1,1,0,1.0
TXN1005428,escalation,2026-05-21 21:54:19,1,4533.71,26.0,1,0,0,15.0
TXN1005430,retry,2026-04-01 16:39:44,0,0.0,,3,1,0,2.0
TXN1005430,reminder,2026-04-01 16:05:44,0,0.0,,2,1,0,1.0
TXN1005430,escalation,2026-04-01 17:05:44,0,0.0,,2,1,0,15.0
TXN1005433,retry,2026-04-04 13:18:38,0,0.0,,3,1,0,2.0
TXN1005433,reminder,2026-04-04 12:59:38,0,0.0,,2,1,0,1.0
TXN1005433,escalation,2026-04-04 13:40:38,0,0.0,,2,1,0,15.0
TXN1005435,retry,2026-04-09 08:36:25,1,1843.74,47.0,3,0,0,2.0
TXN1005435,reminder,2026-04-09 06:04:25,0,0.0,,2,1,0,1.0
TXN1005435,escalation,2026-04-09 07:34:25,0,0.0,,2,1,0,15.0
TXN1005437,retry,2026-05-08 20:26:05,0,0.0,,3,1,0,2.0
TXN1005437,reminder,2026-05-08 20:16:05,1,1903.89,187.0,2,0,0,1.0
TXN1005437,escalation,2026-05-08 19:45:05,0,0.0,,2,1,0,15.0
TXN1005438,retry,2026-01-09 19:18:44,1,7903.96,239.0,2,0,0,2.0
TXN1005438,reminder,2026-01-09 18:35:44,0,0.0,,1,1,0,1.0
TXN1005438,escalation,2026-01-09 19:33:44,0,0.0,,1,1,0,15.0
TXN1005441,retry,2026-04-06 15:53:54,1,1150.96,75.0,2,0,0,2.0
TXN1005441,reminder,2026-04-06 15:04:54,1,1150.96,125.0,1,0,0,1.0
TXN1005441,escalation,2026-04-06 17:15:54,0,0.0,,1,1,0,15.0
TXN1005445,retry,2026-06-09 19:19:50,0,0.0,,3,1,0,2.0
TXN1005445,reminder,2026-06-09 19:35:50,1,3254.02,228.0,2,0,0,1.0
TXN1005445,escalation,2026-06-09 20:02:50,0,0.0,,2,1,0,15.0
TXN1005448,retry,2026-06-10 08:33:56,1,3561.29,191.0,3,0,0,2.0
TXN1005448,reminder,2026-06-10 09:42:56,1,3561.29,72.0,2,0,0,1.0
TXN1005448,escalation,2026-06-10 08:56:56,0,0.0,,2,1,0,15.0
TXN1005449,retry,2026-05-13 09:30:13,0,0.0,,3,1,0,2.0
TXN1005449,reminder,2026-05-13 09:28:13,1,8197.66,198.0,2,0,0,1.0
TXN1005449,escalation,2026-05-13 09:03:13,0,0.0,,2,1,0,15.0
TXN1005453,retry,2026-02-22 15:05:15,1,3668.01,167.0,2,0,0,2.0
TXN1005453,reminder,2026-02-22 15:47:15,0,0.0,,1,1,0,1.0
TXN1005453,escalation,2026-02-22 14:39:15,0,0.0,,1,1,0,15.0
TXN1005462,retry,2026-06-28 21:14:50,1,4818.22,354.0,2,0,0,2.0
TXN1005462,reminder,2026-06-28 23:03:50,1,4818.22,331.0,1,0,0,1.0
TXN1005462,escalation,2026-06-28 21:36:50,0,0.0,,1,1,0,15.0
TXN1005463,retry,2026-05-17 08:35:41,1,29503.83,294.0,3,0,0,2.0
TXN1005463,reminder,2026-05-17 09:21:41,0,0.0,,2,1,0,1.0
TXN1005463,escalation,2026-05-17 07:15:41,0,0.0,,2,1,0,15.0
TXN1005464,retry,2026-04-12 04:33:24,0,0.0,,2,1,0,2.0
TXN1005464,reminder,2026-04-12 04:53:24,0,0.0,,1,1,0,1.0
TXN1005464,escalation,2026-04-12 05:11:24,1,8368.23,328.0,1,0,0,15.0
TXN1005466,retry,2026-03-06 02:12:59,1,2722.93,271.0,2,0,0,2.0
TXN1005466,reminder,2026-03-06 04:07:59,0,0.0,,1,1,0,1.0
TXN1005466,escalation,2026-03-06 02:22:59,0,0.0,,1,1,0,15.0
TXN1005468,retry,2026-03-23 03:27:55,0,0.0,,3,1,0,2.0
TXN1005468,reminder,2026-03-23 03:13:55,1,3311.73,287.0,2,0,0,1.0
TXN1005468,escalation,2026-03-23 04:03:55,0,0.0,,2,1,0,15.0
TXN1005469,retry,2026-02-02 04:28:49,1,6688.71,244.0,2,0,0,2.0
TXN1005469,reminder,2026-02-02 04:27:49,0,0.0,,1,1,0,1.0
TXN1005469,escalation,2026-02-02 01:55:49,1,6688.71,212.0,1,0,0,15.0
TXN1005472,retry,2026-05-29 15:46:54,1,2127.33,186.0,2,0,0,2.0
TXN1005472,reminder,2026-05-29 15:10:54,1,2127.33,262.0,1,0,0,1.0
TXN1005472,escalation,2026-05-29 15:21:54,0,0.0,,1,1,0,15.0
TXN1005474,retry,2026-06-20 02:50:45,1,5351.03,95.0,3,0,0,2.0
TXN1005474,reminder,2026-06-20 02:38:45,1,5351.03,189.0,2,0,0,1.0
TXN1005474,escalation,2026-06-20 02:29:45,1,5351.03,233.0,2,0,0,15.0
TXN1005475,retry,2026-06-28 06:48:08,0,0.0,,3,1,0,2.0
TXN1005475,reminder,2026-06-28 05:18:08,0,0.0,,2,1,0,1.0
TXN1005475,escalation,2026-06-28 05:45:08,0,0.0,,2,1,0,15.0
TXN1005476,retry,2026-02-10 09:37:14,1,1523.1,95.0,2,0,0,2.0
TXN1005476,reminder,2026-02-10 11:44:14,0,0.0,,1,1,0,1.0
TXN1005476,escalation,2026-02-10 11:56:14,0,0.0,,1,1,0,15.0
TXN1005477,retry,2026-05-28 09:27:49,1,2421.23,307.0,3,0,0,2.0
TXN1005477,reminder,2026-05-28 10:21:49,1,2421.23,110.0,2,0,0,1.0
TXN1005477,escalation,2026-05-28 09:24:49,0,0.0,,2,1,0,15.0
TXN1005479,retry,2026-03-30 17:42:41,0,0.0,,2,1,0,2.0
TXN1005479,reminder,2026-03-30 16:29:41,1,2281.71,261.0,1,0,0,1.0
TXN1005479,escalation,2026-03-30 18:19:41,1,2281.71,282.0,1,0,0,15.0
TXN1005480,retry,2026-05-31 13:04:51,0,0.0,,2,1,0,2.0
TXN1005480,reminder,2026-05-31 12:58:51,0,0.0,,1,1,0,1.0
TXN1005480,escalation,2026-05-31 13:16:51,1,3504.72,294.0,1,0,0,15.0
TXN1005484,retry,2026-02-19 13:54:36,1,2485.91,347.0,2,0,0,2.0
TXN1005484,reminder,2026-02-19 13:49:36,1,2485.91,142.0,1,0,0,1.0
TXN1005484,escalation,2026-02-19 12:47:36,0,0.0,,1,1,0,15.0
TXN1005485,retry,2026-03-18 23:44:02,0,0.0,,5,1,1,2.0
TXN1005485,reminder,2026-03-19 00:40:02,0,0.0,,4,1,0,1.0
TXN1005485,escalation,2026-03-19 02:17:02,0,0.0,,4,1,0,15.0
TXN1005487,retry,2026-04-04 21:42:05,0,0.0,,2,1,0,2.0
TXN1005487,reminder,2026-04-04 22:48:05,0,0.0,,1,1,0,1.0
TXN1005487,escalation,2026-04-04 23:43:05,0,0.0,,1,1,0,15.0
TXN1005495,retry,2026-06-25 15:42:08,0,0.0,,2,1,0,2.0
TXN1005495,reminder,2026-06-25 15:57:08,1,1043.62,233.0,1,0,0,1.0
TXN1005495,escalation,2026-06-25 17:20:08,0,0.0,,1,1,0,15.0
TXN1005500,retry,2026-03-21 08:12:27,0,0.0,,2,1,0,2.0
TXN1005500,reminder,2026-03-21 06:48:27,1,5124.75,121.0,1,0,0,1.0
TXN1005500,escalation,2026-03-21 07:31:27,1,5124.75,261.0,1,0,0,15.0
TXN1005501,retry,2026-01-20 10:24:19,1,18066.61,253.0,2,0,0,2.0
TXN1005501,reminder,2026-01-20 12:17:19,1,18066.61,348.0,1,0,0,1.0
TXN1005501,escalation,2026-01-20 10:58:19,1,18066.61,122.0,1,0,0,15.0
TXN1005508,retry,2026-05-11 22:28:28,1,4589.97,237.0,3,0,0,2.0
TXN1005508,reminder,2026-05-11 22:39:28,1,4589.97,288.0,2,0,0,1.0
TXN1005508,escalation,2026-05-12 00:15:28,0,0.0,,2,1,0,15.0
TXN1005509,retry,2026-04-02 10:13:38,0,0.0,,4,1,1,2.0
TXN1005509,reminder,2026-04-02 10:20:38,1,3425.25,74.0,3,0,0,1.0
TXN1005509,escalation,2026-04-02 08:09:38,1,3425.25,192.0,3,0,0,15.0
TXN1005512,retry,2026-02-25 05:56:35,1,17061.8,171.0,2,0,0,2.0
TXN1005512,reminder,2026-02-25 04:35:35,1,17061.8,271.0,1,0,0,1.0
TXN1005512,escalation,2026-02-25 05:55:35,0,0.0,,1,1,0,15.0
TXN1005514,retry,2026-01-01 07:00:20,1,2229.15,330.0,2,0,0,2.0
TXN1005514,reminder,2026-01-01 06:54:20,0,0.0,,1,1,0,1.0
TXN1005514,escalation,2026-01-01 05:58:20,1,2229.15,342.0,1,0,0,15.0
TXN1005518,retry,2026-02-16 20:10:31,0,0.0,,5,1,1,2.0
TXN1005518,reminder,2026-02-16 21:46:31,0,0.0,,4,1,0,1.0
TXN1005518,escalation,2026-02-16 21:36:31,0,0.0,,4,1,0,15.0
TXN1005520,retry,2026-01-20 09:19:46,1,6188.55,310.0,2,0,0,2.0
TXN1005520,reminder,2026-01-20 07:40:46,1,6188.55,258.0,1,0,0,1.0
TXN1005520,escalation,2026-01-20 10:07:46,1,6188.55,324.0,1,0,0,15.0
TXN1005523,retry,2026-05-09 02:09:47,1,4984.61,267.0,2,0,0,2.0
TXN1005523,reminder,2026-05-09 02:58:47,1,4984.61,301.0,1,0,0,1.0
TXN1005523,escalation,2026-05-09 02:41:47,0,0.0,,1,1,0,15.0
TXN1005526,retry,2026-05-06 23:51:50,0,0.0,,5,1,1,2.0
TXN1005526,reminder,2026-05-06 21:56:50,1,2222.99,300.0,4,0,0,1.0
TXN1005526,escalation,2026-05-06 22:45:50,0,0.0,,4,1,0,15.0
TXN1005527,retry,2026-03-19 11:12:20,1,1485.14,347.0,2,0,0,2.0
TXN1005527,reminder,2026-03-19 10:18:20,0,0.0,,1,1,0,1.0
TXN1005527,escalation,2026-03-19 11:06:20,0,0.0,,1,1,0,15.0
TXN1005528,retry,2026-03-27 11:02:18,0,0.0,,2,1,0,2.0
TXN1005528,reminder,2026-03-27 11:34:18,1,3921.95,28.0,1,0,0,1.0
TXN1005528,escalation,2026-03-27 12:57:18,0,0.0,,1,1,0,15.0
TXN1005529,retry,2026-01-20 03:00:16,1,4260.04,59.0,3,0,0,2.0
TXN1005529,reminder,2026-01-20 02:50:16,1,4260.04,189.0,2,0,0,1.0
TXN1005529,escalation,2026-01-20 04:04:16,0,0.0,,2,1,0,15.0
TXN1005530,retry,2026-02-08 00:08:14,0,0.0,,3,1,0,2.0
TXN1005530,reminder,2026-02-08 00:27:14,1,1169.02,247.0,2,0,0,1.0
TXN1005530,escalation,2026-02-08 00:17:14,1,1169.02,247.0,2,0,0,15.0
TXN1005531,retry,2026-04-15 22:44:35,0,0.0,,3,1,0,2.0
TXN1005531,reminder,2026-04-15 23:50:35,0,0.0,,2,1,0,1.0
TXN1005531,escalation,2026-04-15 22:25:35,1,59016.05,246.0,2,0,0,15.0
TXN1005532,retry,2026-03-21 01:29:44,0,0.0,,2,1,0,2.0
TXN1005532,reminder,2026-03-21 02:03:44,1,2274.39,149.0,1,0,0,1.0
TXN1005532,escalation,2026-03-21 01:45:44,1,2274.39,216.0,1,0,0,15.0
TXN1005534,retry,2026-05-12 05:43:40,1,6369.32,45.0,2,0,0,2.0
TXN1005534,reminder,2026-05-12 04:35:40,1,6369.32,120.0,1,0,0,1.0
TXN1005534,escalation,2026-05-12 05:01:40,1,6369.32,329.0,1,0,0,15.0
TXN1005537,retry,2026-03-28 02:44:32,1,4720.84,315.0,2,0,0,2.0
TXN1005537,reminder,2026-03-28 03:39:32,1,4720.84,74.0,1,0,0,1.0
TXN1005537,escalation,2026-03-28 04:33:32,0,0.0,,1,1,0,15.0
TXN1005539,retry,2026-04-28 16:48:35,0,0.0,,2,1,0,2.0
TXN1005539,reminder,2026-04-28 17:20:35,0,0.0,,1,1,0,1.0
TXN1005539,escalation,2026-04-28 18:23:35,1,9169.78,62.0,1,0,0,15.0
TXN1005541,retry,2026-03-17 05:30:37,1,508.68,209.0,2,0,0,2.0
TXN1005541,reminder,2026-03-17 05:16:37,1,508.68,272.0,1,0,0,1.0
TXN1005541,escalation,2026-03-17 05:29:37,1,508.68,170.0,1,0,0,15.0
TXN1005545,retry,2026-04-17 13:38:45,0,0.0,,4,1,1,2.0
TXN1005545,reminder,2026-04-17 13:59:45,1,4343.37,97.0,3,0,0,1.0
TXN1005545,escalation,2026-04-17 12:40:45,0,0.0,,3,1,0,15.0
TXN1005546,retry,2026-04-24 06:40:55,0,0.0,,2,1,0,2.0
TXN1005546,reminder,2026-04-24 08:32:55,0,0.0,,1,1,0,1.0
TXN1005546,escalation,2026-04-24 07:35:55,1,8311.76,172.0,1,0,0,15.0
TXN1005547,retry,2026-01-22 11:24:20,1,1903.49,321.0,3,0,0,2.0
TXN1005547,reminder,2026-01-22 10:02:20,0,0.0,,2,1,0,1.0
TXN1005547,escalation,2026-01-22 12:09:20,0,0.0,,2,1,0,15.0
TXN1005548,retry,2026-04-13 13:32:31,1,1468.04,207.0,2,0,0,2.0
TXN1005548,reminder,2026-04-13 14:53:31,0,0.0,,1,1,0,1.0
TXN1005548,escalation,2026-04-13 13:01:31,1,1468.04,185.0,1,0,0,15.0
TXN1005557,retry,2026-01-31 16:30:22,0,0.0,,3,1,0,2.0
TXN1005557,reminder,2026-01-31 18:16:22,0,0.0,,2,1,0,1.0
TXN1005557,escalation,2026-01-31 18:15:22,1,2101.82,42.0,2,0,0,15.0
TXN1005558,retry,2026-06-15 17:09:56,1,3921.32,239.0,2,0,0,2.0
TXN1005558,reminder,2026-06-15 18:42:56,0,0.0,,1,1,0,1.0
TXN1005558,escalation,2026-06-15 19:01:56,0,0.0,,1,1,0,15.0
TXN1005559,retry,2026-02-21 10:24:07,0,0.0,,3,1,0,2.0
TXN1005559,reminder,2026-02-21 08:37:07,0,0.0,,2,1,0,1.0
TXN1005559,escalation,2026-02-21 10:01:07,1,3990.83,66.0,2,0,0,15.0
TXN1005565,retry,2026-01-20 21:25:22,1,6953.47,107.0,2,0,0,2.0
TXN1005565,reminder,2026-01-20 22:19:22,1,6953.47,113.0,1,0,0,1.0
TXN1005565,escalation,2026-01-20 21:05:22,0,0.0,,1,1,0,15.0
TXN1005570,retry,2026-03-16 14:30:27,0,0.0,,3,1,0,2.0
TXN1005570,reminder,2026-03-16 16:58:27,0,0.0,,2,1,0,1.0
TXN1005570,escalation,2026-03-16 17:14:27,0,0.0,,2,1,0,15.0
TXN1005577,retry,2026-03-31 21:33:57,0,0.0,,2,1,0,2.0
TXN1005577,reminder,2026-03-31 22:04:57,0,0.0,,1,1,0,1.0
TXN1005577,escalation,2026-03-31 22:30:57,1,63545.68,178.0,1,0,0,15.0
TXN1005582,retry,2026-04-14 12:28:14,1,6414.53,259.0,2,0,0,2.0
TXN1005582,reminder,2026-04-14 11:48:14,0,0.0,,1,1,0,1.0
TXN1005582,escalation,2026-04-14 13:38:14,1,6414.53,20.0,1,0,0,15.0
TXN1005584,retry,2026-06-22 00:23:10,1,2821.85,271.0,3,0,0,2.0
TXN1005584,reminder,2026-06-22 00:30:10,1,2821.85,42.0,2,0,0,1.0
TXN1005584,escalation,2026-06-21 22:36:10,1,2821.85,79.0,2,0,0,15.0
TXN1005588,retry,2026-04-19 10:29:01,1,5038.84,83.0,3,0,0,2.0
TXN1005588,reminder,2026-04-19 11:21:01,0,0.0,,2,1,0,1.0
TXN1005588,escalation,2026-04-19 10:23:01,0,0.0,,2,1,0,15.0
TXN1005590,retry,2026-04-24 03:45:18,1,1229.18,107.0,4,0,1,2.0
TXN1005590,reminder,2026-04-24 03:32:18,1,1229.18,223.0,3,0,0,1.0
TXN1005590,escalation,2026-04-24 03:42:18,0,0.0,,3,1,0,15.0
TXN1005592,retry,2026-05-31 11:36:33,1,7403.51,212.0,3,0,0,2.0
TXN1005592,reminder,2026-05-31 10:04:33,1,7403.51,231.0,2,0,0,1.0
TXN1005592,escalation,2026-05-31 11:42:33,0,0.0,,2,1,0,15.0
TXN1005594,retry,2026-01-28 11:25:51,1,458.83,48.0,2,0,0,2.0
TXN1005594,reminder,2026-01-28 10:16:51,1,458.83,163.0,1,0,0,1.0
TXN1005594,escalation,2026-01-28 09:48:51,0,0.0,,1,1,1,15.0
TXN1005596,retry,2026-05-09 19:30:10,0,0.0,,4,1,1,2.0
TXN1005596,reminder,2026-05-09 17:02:10,0,0.0,,3,1,0,1.0
TXN1005596,escalation,2026-05-09 17:54:10,0,0.0,,3,1,0,15.0
TXN1005597,retry,2026-05-24 21:39:21,1,5674.47,225.0,2,0,0,2.0
TXN1005597,reminder,2026-05-24 21:04:21,0,0.0,,1,1,0,1.0
TXN1005597,escalation,2026-05-24 23:37:21,1,5674.47,201.0,1,0,0,15.0
TXN1005599,retry,2026-02-03 17:31:22,1,4600.88,75.0,2,0,0,2.0
TXN1005599,reminder,2026-02-03 17:36:22,0,0.0,,1,1,0,1.0
TXN1005599,escalation,2026-02-03 17:40:22,0,0.0,,1,1,0,15.0
TXN1005601,retry,2026-01-24 17:36:11,1,7131.11,44.0,2,0,0,2.0
TXN1005601,reminder,2026-01-24 17:33:11,1,7131.11,242.0,1,0,0,1.0
TXN1005601,escalation,2026-01-24 17:39:11,1,7131.11,199.0,1,0,0,15.0
TXN1005605,retry,2026-04-02 13:05:30,1,25365.58,152.0,2,0,0,2.0
TXN1005605,reminder,2026-04-02 12:32:30,0,0.0,,1,1,0,1.0
TXN1005605,escalation,2026-04-02 11:03:30,1,25365.58,185.0,1,0,0,15.0
TXN1005606,retry,2026-05-10 10:26:51,1,22036.1,276.0,2,0,0,2.0
TXN1005606,reminder,2026-05-10 09:07:51,1,22036.1,122.0,1,0,0,1.0
TXN1005606,escalation,2026-05-10 09:01:51,1,22036.1,93.0,1,0,0,15.0
TXN1005609,retry,2026-01-25 15:27:16,0,0.0,,2,1,0,2.0
TXN1005609,reminder,2026-01-25 14:54:16,1,8088.55,152.0,1,0,0,1.0
TXN1005609,escalation,2026-01-25 16:39:16,0,0.0,,1,1,0,15.0
TXN1005611,retry,2026-06-15 02:37:08,1,851.28,163.0,2,0,0,2.0
TXN1005611,reminder,2026-06-15 04:06:08,1,851.28,99.0,1,0,0,1.0
TXN1005611,escalation,2026-06-15 03:35:08,1,851.28,288.0,1,0,0,15.0
TXN1005615,retry,2026-02-11 03:20:59,1,6272.17,355.0,4,0,1,2.0
TXN1005615,reminder,2026-02-11 03:40:59,0,0.0,,3,1,0,1.0
TXN1005615,escalation,2026-02-11 03:49:59,0,0.0,,3,1,0,15.0
TXN1005617,retry,2026-01-15 09:37:20,1,5737.76,221.0,5,0,1,2.0
TXN1005617,reminder,2026-01-15 07:59:20,0,0.0,,4,1,0,1.0
TXN1005617,escalation,2026-01-15 09:36:20,1,5737.76,344.0,4,0,0,15.0
TXN1005621,retry,2026-03-11 20:54:56,0,0.0,,2,1,0,2.0
TXN1005621,reminder,2026-03-11 21:20:56,0,0.0,,1,1,0,1.0
TXN1005621,escalation,2026-03-11 21:21:56,0,0.0,,1,1,0,15.0
TXN1005624,retry,2026-05-22 08:47:19,1,4871.9,97.0,3,0,0,2.0
TXN1005624,reminder,2026-05-22 09:04:19,0,0.0,,2,1,0,1.0
TXN1005624,escalation,2026-05-22 09:05:19,0,0.0,,2,1,0,15.0
TXN1005626,retry,2026-05-01 14:48:05,1,8730.75,273.0,4,0,1,2.0
TXN1005626,reminder,2026-05-01 14:50:05,0,0.0,,3,1,0,1.0
TXN1005626,escalation,2026-05-01 13:13:05,0,0.0,,3,1,0,15.0
TXN1005627,retry,2026-05-01 20:44:36,0,0.0,,3,1,0,2.0
TXN1005627,reminder,2026-05-01 21:44:36,0,0.0,,2,1,0,1.0
TXN1005627,escalation,2026-05-01 21:09:36,1,32740.04,172.0,2,0,0,15.0
TXN1005629,retry,2026-01-10 04:44:44,1,7986.35,45.0,2,0,0,2.0
TXN1005629,reminder,2026-01-10 02:56:44,1,7986.35,224.0,1,0,0,1.0
TXN1005629,escalation,2026-01-10 03:59:44,1,7986.35,118.0,1,0,0,15.0
TXN1005632,retry,2026-05-11 22:24:15,0,0.0,,2,1,0,2.0
TXN1005632,reminder,2026-05-11 20:46:15,0,0.0,,1,1,0,1.0
TXN1005632,escalation,2026-05-11 20:56:15,1,5558.73,169.0,1,0,0,15.0
TXN1005634,retry,2026-01-08 22:38:38,1,4091.4,49.0,4,0,1,2.0
TXN1005634,reminder,2026-01-08 21:55:38,1,4091.4,6.0,3,0,0,1.0
TXN1005634,escalation,2026-01-08 21:44:38,1,4091.4,40.0,3,0,0,15.0
TXN1005639,retry,2026-03-27 03:17:00,1,1961.3,274.0,3,0,0,2.0
TXN1005639,reminder,2026-03-27 03:12:00,1,1961.3,254.0,2,0,0,1.0
TXN1005639,escalation,2026-03-27 04:26:00,1,1961.3,75.0,2,0,0,15.0
TXN1005640,retry,2026-04-27 14:28:47,1,1089.96,190.0,2,0,0,2.0
TXN1005640,reminder,2026-04-27 15:11:47,0,0.0,,1,1,0,1.0
TXN1005640,escalation,2026-04-27 14:54:47,1,1089.96,129.0,1,0,0,15.0
TXN1005642,retry,2026-05-05 03:35:05,0,0.0,,2,1,0,2.0
TXN1005642,reminder,2026-05-05 02:10:05,0,0.0,,1,1,0,1.0
TXN1005642,escalation,2026-05-05 03:29:05,1,3030.02,124.0,1,0,0,15.0
TXN1005645,retry,2026-03-27 11:04:35,1,7470.87,180.0,3,0,0,2.0
TXN1005645,reminder,2026-03-27 10:46:35,1,7470.87,345.0,2,0,0,1.0
TXN1005645,escalation,2026-03-27 12:44:35,0,0.0,,2,1,0,15.0
TXN1005648,retry,2026-05-29 13:15:08,1,8107.0,355.0,5,0,1,2.0
TXN1005648,reminder,2026-05-29 13:51:08,1,8107.0,312.0,4,0,0,1.0
TXN1005648,escalation,2026-05-29 15:12:08,1,8107.0,31.0,4,0,0,15.0
TXN1005651,retry,2026-02-25 05:47:25,1,3220.85,267.0,2,0,0,2.0
TXN1005651,reminder,2026-02-25 04:24:25,0,0.0,,1,1,0,1.0
TXN1005651,escalation,2026-02-25 06:09:25,1,3220.85,296.0,1,0,0,15.0
TXN1005653,retry,2026-06-04 05:38:48,1,4985.7,295.0,2,0,0,2.0
TXN1005653,reminder,2026-06-04 04:56:48,1,4985.7,322.0,1,0,0,1.0
TXN1005653,escalation,2026-06-04 04:47:48,1,4985.7,306.0,1,0,0,15.0
TXN1005654,retry,2026-02-16 01:12:20,1,7489.56,334.0,2,0,0,2.0
TXN1005654,reminder,2026-02-16 00:43:20,1,7489.56,108.0,1,0,0,1.0
TXN1005654,escalation,2026-02-16 01:45:20,1,7489.56,148.0,1,0,0,15.0
TXN1005657,retry,2026-04-16 17:30:09,1,2912.17,126.0,2,0,0,2.0
TXN1005657,reminder,2026-04-16 17:35:09,0,0.0,,1,1,0,1.0
TXN1005657,escalation,2026-04-16 15:09:09,1,2912.17,333.0,1,0,0,15.0
TXN1005663,retry,2026-06-03 03:19:43,0,0.0,,2,1,0,2.0
TXN1005663,reminder,2026-06-03 04:08:43,1,3159.82,302.0,1,0,0,1.0
TXN1005663,escalation,2026-06-03 05:00:43,1,3159.82,268.0,1,0,0,15.0
TXN1005666,retry,2026-05-06 13:20:26,1,2493.32,103.0,2,0,0,2.0
TXN1005666,reminder,2026-05-06 13:01:26,0,0.0,,1,1,0,1.0
TXN1005666,escalation,2026-05-06 13:10:26,1,2493.32,107.0,1,0,0,15.0
TXN1005669,retry,2026-03-22 15:01:40,1,8765.78,236.0,2,0,0,2.0
TXN1005669,reminder,2026-03-22 15:00:40,1,8765.78,147.0,1,0,0,1.0
TXN1005669,escalation,2026-03-22 16:03:40,1,8765.78,354.0,1,0,0,15.0
TXN1005672,retry,2026-05-28 00:42:22,1,52126.22,163.0,2,0,0,2.0
TXN1005672,reminder,2026-05-27 23:59:22,1,52126.22,138.0,1,0,0,1.0
TXN1005672,escalation,2026-05-27 23:05:22,0,0.0,,1,1,0,15.0
TXN1005675,retry,2026-05-12 06:49:04,1,1650.65,129.0,2,0,0,2.0
TXN1005675,reminder,2026-05-12 04:21:04,0,0.0,,1,1,0,1.0
TXN1005675,escalation,2026-05-12 05:22:04,1,1650.65,271.0,1,0,0,15.0
TXN1005677,retry,2026-03-10 00:18:26,1,4480.72,56.0,2,0,0,2.0
TXN1005677,reminder,2026-03-09 22:23:26,1,4480.72,194.0,1,0,0,1.0
TXN1005677,escalation,2026-03-09 23:07:26,1,4480.72,70.0,1,0,0,15.0
TXN1005679,retry,2026-06-24 06:47:09,0,0.0,,2,1,0,2.0
TXN1005679,reminder,2026-06-24 08:02:09,1,8250.82,219.0,1,0,0,1.0
TXN1005679,escalation,2026-06-24 09:26:09,0,0.0,,1,1,0,15.0
TXN1005685,retry,2026-06-04 12:05:41,0,0.0,,4,1,1,2.0
TXN1005685,reminder,2026-06-04 13:15:41,1,2885.01,11.0,3,0,0,1.0
TXN1005685,escalation,2026-06-04 12:33:41,1,2885.01,262.0,3,0,0,15.0
TXN1005686,retry,2026-05-18 22:40:40,1,13063.3,80.0,2,0,0,2.0
TXN1005686,reminder,2026-05-18 21:23:40,1,13063.3,75.0,1,0,0,1.0
TXN1005686,escalation,2026-05-18 22:22:40,0,0.0,,1,1,0,15.0
TXN1005688,retry,2026-01-25 23:37:19,1,4728.63,327.0,2,0,0,2.0
TXN1005688,reminder,2026-01-26 00:55:19,1,4728.63,149.0,1,0,0,1.0
TXN1005688,escalation,2026-01-26 00:56:19,1,4728.63,197.0,1,0,0,15.0
TXN1005692,retry,2026-06-24 19:08:08,1,2562.46,139.0,2,0,0,2.0
TXN1005692,reminder,2026-06-24 17:57:08,0,0.0,,1,1,0,1.0
TXN1005692,escalation,2026-06-24 17:41:08,1,2562.46,179.0,1,0,0,15.0
TXN1005703,retry,2026-02-22 00:21:26,1,23151.07,309.0,2,0,0,2.0
TXN1005703,reminder,2026-02-22 01:54:26,1,23151.07,70.0,1,0,0,1.0
TXN1005703,escalation,2026-02-22 01:52:26,0,0.0,,1,1,0,15.0
TXN1005707,retry,2026-05-28 12:48:52,1,2103.78,218.0,2,0,0,2.0
TXN1005707,reminder,2026-05-28 13:45:52,0,0.0,,1,1,0,1.0
TXN1005707,escalation,2026-05-28 11:44:52,0,0.0,,1,1,0,15.0
TXN1005708,retry,2026-04-28 22:55:04,0,0.0,,2,1,0,2.0
TXN1005708,reminder,2026-04-28 21:22:04,0,0.0,,1,1,0,1.0
TXN1005708,escalation,2026-04-28 21:02:04,1,1584.35,197.0,1,0,0,15.0
TXN1005711,retry,2026-02-09 01:41:41,0,0.0,,2,1,0,2.0
TXN1005711,reminder,2026-02-09 02:46:41,1,9353.21,84.0,1,0,0,1.0
TXN1005711,escalation,2026-02-09 01:25:41,0,0.0,,1,1,0,15.0
TXN1005713,retry,2026-05-20 06:15:06,1,2754.62,92.0,2,0,0,2.0
TXN1005713,reminder,2026-05-20 04:32:06,0,0.0,,1,1,0,1.0
TXN1005713,escalation,2026-05-20 04:04:06,0,0.0,,1,1,0,15.0
TXN1005715,retry,2026-01-30 20:45:04,1,20723.92,60.0,2,0,0,2.0
TXN1005715,reminder,2026-01-30 19:40:04,0,0.0,,1,1,0,1.0
TXN1005715,escalation,2026-01-30 20:44:04,0,0.0,,1,1,0,15.0
TXN1005716,retry,2026-01-09 06:29:26,0,0.0,,2,1,0,2.0
TXN1005716,reminder,2026-01-09 06:09:26,0,0.0,,1,1,0,1.0
TXN1005716,escalation,2026-01-09 07:49:26,0,0.0,,1,1,0,15.0
TXN1005720,retry,2026-05-24 22:17:17,0,0.0,,2,1,0,2.0
TXN1005720,reminder,2026-05-24 21:58:17,0,0.0,,1,1,0,1.0
TXN1005720,escalation,2026-05-24 21:14:17,0,0.0,,1,1,0,15.0
TXN1005724,retry,2026-05-01 08:36:48,1,64478.96,264.0,2,0,0,2.0
TXN1005724,reminder,2026-05-01 09:14:48,0,0.0,,1,1,0,1.0
TXN1005724,escalation,2026-05-01 07:04:48,0,0.0,,1,1,0,15.0
TXN1005730,retry,2026-04-21 00:48:55,1,1657.99,7.0,2,0,0,2.0
TXN1005730,reminder,2026-04-20 22:59:55,0,0.0,,1,1,0,1.0
TXN1005730,escalation,2026-04-20 22:47:55,0,0.0,,1,1,0,15.0
TXN1005731,retry,2026-04-22 09:21:59,1,3094.06,248.0,2,0,0,2.0
TXN1005731,reminder,2026-04-22 08:10:59,1,3094.06,54.0,1,0,0,1.0
TXN1005731,escalation,2026-04-22 08:22:59,0,0.0,,1,1,0,15.0
TXN1005732,retry,2026-01-24 12:59:31,1,3687.39,287.0,2,0,0,2.0
TXN1005732,reminder,2026-01-24 11:51:31,1,3687.39,116.0,1,0,0,1.0
TXN1005732,escalation,2026-01-24 12:46:31,1,3687.39,100.0,1,0,0,15.0
TXN1005737,retry,2026-03-15 21:31:08,1,832.1,209.0,2,0,0,2.0
TXN1005737,reminder,2026-03-15 21:02:08,1,832.1,70.0,1,0,0,1.0
TXN1005737,escalation,2026-03-15 21:30:08,1,832.1,264.0,1,0,0,15.0
TXN1005738,retry,2026-05-09 09:25:46,0,0.0,,3,1,0,2.0
TXN1005738,reminder,2026-05-09 08:20:46,0,0.0,,2,1,0,1.0
TXN1005738,escalation,2026-05-09 11:08:46,1,1494.8,4.0,2,0,0,15.0
TXN1005739,retry,2026-01-27 20:41:56,1,6059.24,336.0,2,0,0,2.0
TXN1005739,reminder,2026-01-27 22:13:56,1,6059.24,233.0,1,0,0,1.0
TXN1005739,escalation,2026-01-27 20:51:56,1,6059.24,164.0,1,0,0,15.0
TXN1005740,retry,2026-03-17 08:15:53,1,1796.2,341.0,2,0,0,2.0
TXN1005740,reminder,2026-03-17 06:05:53,1,1796.2,137.0,1,0,0,1.0
TXN1005740,escalation,2026-03-17 06:21:53,1,1796.2,286.0,1,0,0,15.0
TXN1005743,retry,2026-06-10 16:29:35,0,0.0,,2,1,0,2.0
TXN1005743,reminder,2026-06-10 14:35:35,0,0.0,,1,1,0,1.0
TXN1005743,escalation,2026-06-10 16:11:35,1,2279.54,338.0,1,0,0,15.0
TXN1005745,retry,2026-01-07 18:32:34,1,8355.21,308.0,2,0,0,2.0
TXN1005745,reminder,2026-01-07 18:20:34,1,8355.21,250.0,1,0,0,1.0
TXN1005745,escalation,2026-01-07 18:43:34,0,0.0,,1,1,0,15.0
TXN1005755,retry,2026-02-04 11:03:13,1,7148.35,19.0,2,0,0,2.0
TXN1005755,reminder,2026-02-04 12:54:13,0,0.0,,1,1,0,1.0
TXN1005755,escalation,2026-02-04 12:32:13,1,7148.35,82.0,1,0,0,15.0
TXN1005757,retry,2026-04-17 21:27:12,0,0.0,,4,1,1,2.0
TXN1005757,reminder,2026-04-17 20:52:12,1,2389.86,39.0,3,0,0,1.0
TXN1005757,escalation,2026-04-17 21:09:12,1,2389.86,53.0,3,0,0,15.0
TXN1005759,retry,2026-01-23 19:23:07,1,1590.96,352.0,2,0,0,2.0
TXN1005759,reminder,2026-01-23 19:51:07,0,0.0,,1,1,0,1.0
TXN1005759,escalation,2026-01-23 17:24:07,1,1590.96,319.0,1,0,0,15.0
TXN1005761,retry,2026-03-10 15:09:37,1,9422.72,237.0,3,0,0,2.0
TXN1005761,reminder,2026-03-10 14:10:37,0,0.0,,2,1,0,1.0
TXN1005761,escalation,2026-03-10 14:28:37,0,0.0,,2,1,0,15.0
TXN1005764,retry,2026-03-10 01:16:02,1,4604.23,352.0,4,0,1,2.0
TXN1005764,reminder,2026-03-10 01:11:02,1,4604.23,329.0,3,0,0,1.0
TXN1005764,escalation,2026-03-09 23:58:02,0,0.0,,3,1,0,15.0
TXN1005768,retry,2026-06-05 05:14:48,0,0.0,,2,1,0,2.0
TXN1005768,reminder,2026-06-05 03:15:48,1,26522.96,60.0,1,0,0,1.0
TXN1005768,escalation,2026-06-05 04:35:48,0,0.0,,1,1,0,15.0
TXN1005769,retry,2026-06-01 01:30:27,0,0.0,,2,1,0,2.0
TXN1005769,reminder,2026-06-01 01:47:27,0,0.0,,1,1,0,1.0
TXN1005769,escalation,2026-05-31 23:22:27,0,0.0,,1,1,0,15.0
TXN1005770,retry,2026-04-01 20:30:49,1,4386.34,314.0,2,0,0,2.0
TXN1005770,reminder,2026-04-01 20:20:49,1,4386.34,159.0,1,0,0,1.0
TXN1005770,escalation,2026-04-01 17:58:49,0,0.0,,1,1,0,15.0
TXN1005774,retry,2026-05-17 20:49:03,0,0.0,,2,1,0,2.0
TXN1005774,reminder,2026-05-17 18:42:03,1,22854.43,285.0,1,0,0,1.0
TXN1005774,escalation,2026-05-17 20:49:03,1,22854.43,32.0,1,0,0,15.0
TXN1005777,retry,2026-04-09 11:41:56,1,5584.38,244.0,4,0,1,2.0
TXN1005777,reminder,2026-04-09 12:58:56,0,0.0,,3,1,0,1.0
TXN1005777,escalation,2026-04-09 12:12:56,0,0.0,,3,1,0,15.0
TXN1005788,retry,2026-04-22 22:46:48,1,2836.21,289.0,2,0,0,2.0
TXN1005788,reminder,2026-04-22 23:12:48,0,0.0,,1,1,0,1.0
TXN1005788,escalation,2026-04-22 21:30:48,1,2836.21,316.0,1,0,0,15.0
TXN1005791,retry,2026-06-09 07:56:20,1,9933.34,61.0,2,0,0,2.0
TXN1005791,reminder,2026-06-09 05:42:20,1,9933.34,350.0,1,0,0,1.0
TXN1005791,escalation,2026-06-09 07:21:20,0,0.0,,1,1,0,15.0
TXN1005792,retry,2026-02-19 09:40:33,1,28206.34,319.0,3,0,0,2.0
TXN1005792,reminder,2026-02-19 11:41:33,0,0.0,,2,1,0,1.0
TXN1005792,escalation,2026-02-19 11:34:33,0,0.0,,2,1,0,15.0
TXN1005795,retry,2026-01-16 12:30:28,0,0.0,,2,1,0,2.0
TXN1005795,reminder,2026-01-16 14:29:28,0,0.0,,1,1,0,1.0
TXN1005795,escalation,2026-01-16 11:43:28,1,4533.93,333.0,1,0,0,15.0
TXN1005796,retry,2026-05-07 07:15:57,1,5513.52,163.0,3,0,0,2.0
TXN1005796,reminder,2026-05-07 08:29:57,1,5513.52,253.0,2,0,0,1.0
TXN1005796,escalation,2026-05-07 09:22:57,1,5513.52,336.0,2,0,0,15.0
TXN1005803,retry,2026-01-17 09:48:20,1,15924.31,183.0,2,0,0,2.0
TXN1005803,reminder,2026-01-17 09:35:20,0,0.0,,1,1,0,1.0
TXN1005803,escalation,2026-01-17 09:03:20,1,15924.31,261.0,1,0,0,15.0
TXN1005804,retry,2026-04-17 21:59:39,1,8277.78,53.0,2,0,0,2.0
TXN1005804,reminder,2026-04-17 23:32:39,0,0.0,,1,1,0,1.0
TXN1005804,escalation,2026-04-17 22:32:39,1,8277.78,9.0,1,0,0,15.0
TXN1005809,retry,2026-05-14 07:44:31,0,0.0,,4,1,1,2.0
TXN1005809,reminder,2026-05-14 07:26:31,0,0.0,,3,1,0,1.0
TXN1005809,escalation,2026-05-14 07:26:31,1,26559.25,84.0,3,0,0,15.0
TXN1005810,retry,2026-03-30 11:25:38,1,3938.53,3.0,4,0,1,2.0
TXN1005810,reminder,2026-03-30 09:34:38,0,0.0,,3,1,0,1.0
TXN1005810,escalation,2026-03-30 10:07:38,1,3938.53,251.0,3,0,0,15.0
TXN1005813,retry,2026-01-03 19:12:54,0,0.0,,2,1,0,2.0
TXN1005813,reminder,2026-01-03 18:01:54,1,8416.05,66.0,1,0,0,1.0
TXN1005813,escalation,2026-01-03 20:11:54,0,0.0,,1,1,0,15.0
TXN1005816,retry,2026-05-26 21:23:35,0,0.0,,2,1,0,2.0
TXN1005816,reminder,2026-05-26 20:40:35,1,13558.14,23.0,1,0,0,1.0
TXN1005816,escalation,2026-05-26 20:17:35,1,13558.14,72.0,1,0,0,15.0
TXN1005819,retry,2026-03-31 01:15:38,1,12823.5,292.0,2,0,0,2.0
TXN1005819,reminder,2026-03-31 00:44:38,1,12823.5,163.0,1,0,0,1.0
TXN1005819,escalation,2026-03-30 23:35:38,1,12823.5,159.0,1,0,0,15.0
TXN1005824,retry,2026-05-10 09:19:32,0,0.0,,4,1,1,2.0
TXN1005824,reminder,2026-05-10 10:26:32,0,0.0,,3,1,0,1.0
TXN1005824,escalation,2026-05-10 10:26:32,1,5486.54,342.0,3,0,0,15.0
TXN1005825,retry,2026-04-29 01:51:17,0,0.0,,4,1,1,2.0
TXN1005825,reminder,2026-04-29 02:39:17,0,0.0,,3,1,0,1.0
TXN1005825,escalation,2026-04-29 01:41:17,0,0.0,,3,1,0,15.0
TXN1005826,retry,2026-04-20 20:55:33,0,0.0,,2,1,0,2.0
TXN1005826,reminder,2026-04-20 23:17:33,0,0.0,,1,1,0,1.0
TXN1005826,escalation,2026-04-20 22:21:33,0,0.0,,1,1,0,15.0
TXN1005828,retry,2026-05-09 23:48:51,1,2839.9,31.0,2,0,0,2.0
TXN1005828,reminder,2026-05-09 23:09:51,1,2839.9,298.0,1,0,0,1.0
TXN1005828,escalation,2026-05-10 00:43:51,1,2839.9,262.0,1,0,0,15.0
TXN1005832,retry,2026-03-04 11:49:50,1,5913.55,314.0,2,0,0,2.0
TXN1005832,reminder,2026-03-04 11:51:50,0,0.0,,1,1,0,1.0
TXN1005832,escalation,2026-03-04 11:14:50,1,5913.55,308.0,1,0,0,15.0
TXN1005834,retry,2026-04-30 00:11:46,1,16779.92,121.0,3,0,0,2.0
TXN1005834,reminder,2026-04-29 22:51:46,0,0.0,,2,1,0,1.0
TXN1005834,escalation,2026-04-29 22:17:46,1,16779.92,331.0,2,0,0,15.0
TXN1005835,retry,2026-04-09 17:41:40,1,2485.91,287.0,5,0,1,2.0
TXN1005835,reminder,2026-04-09 16:21:40,0,0.0,,4,1,0,1.0
TXN1005835,escalation,2026-04-09 16:31:40,0,0.0,,4,1,0,15.0
TXN1005837,retry,2026-03-10 01:06:30,1,5619.39,99.0,2,0,0,2.0
TXN1005837,reminder,2026-03-10 00:38:30,0,0.0,,1,1,0,1.0
TXN1005837,escalation,2026-03-10 01:39:30,0,0.0,,1,1,0,15.0
TXN1005841,retry,2026-05-17 16:03:25,1,2043.56,228.0,2,0,0,2.0
TXN1005841,reminder,2026-05-17 14:09:25,0,0.0,,1,1,0,1.0
TXN1005841,escalation,2026-05-17 16:16:25,0,0.0,,1,1,0,15.0
TXN1005843,retry,2026-05-10 15:10:07,1,4769.71,31.0,2,0,0,2.0
TXN1005843,reminder,2026-05-10 15:25:07,0,0.0,,1,1,0,1.0
TXN1005843,escalation,2026-05-10 16:38:07,1,4769.71,344.0,1,0,0,15.0
TXN1005845,retry,2026-01-09 01:19:00,1,14157.92,294.0,4,0,1,2.0
TXN1005845,reminder,2026-01-09 00:46:00,1,14157.92,212.0,3,0,0,1.0
TXN1005845,escalation,2026-01-09 00:35:00,0,0.0,,3,1,0,15.0
TXN1005855,retry,2026-05-20 02:12:33,0,0.0,,2,1,0,2.0
TXN1005855,reminder,2026-05-20 01:22:33,0,0.0,,1,1,0,1.0
TXN1005855,escalation,2026-05-20 01:31:33,1,1616.84,149.0,1,0,0,15.0
TXN1005859,retry,2026-05-10 07:48:54,1,6258.0,251.0,2,0,0,2.0
TXN1005859,reminder,2026-05-10 05:40:54,1,6258.0,25.0,1,0,0,1.0
TXN1005859,escalation,2026-05-10 06:37:54,0,0.0,,1,1,0,15.0
TXN1005862,retry,2026-02-21 13:46:15,1,1328.48,359.0,2,0,0,2.0
TXN1005862,reminder,2026-02-21 12:45:15,0,0.0,,1,1,0,1.0
TXN1005862,escalation,2026-02-21 12:15:15,1,1328.48,154.0,1,0,0,15.0
TXN1005863,retry,2026-05-03 15:05:54,0,0.0,,4,1,1,2.0
TXN1005863,reminder,2026-05-03 14:26:54,0,0.0,,3,1,0,1.0
TXN1005863,escalation,2026-05-03 12:27:54,1,1238.88,186.0,3,0,0,15.0
TXN1005865,retry,2026-03-22 16:46:19,0,0.0,,2,1,0,2.0
TXN1005865,reminder,2026-03-22 18:10:19,1,2175.76,48.0,1,0,0,1.0
TXN1005865,escalation,2026-03-22 16:45:19,0,0.0,,1,1,0,15.0
TXN1005866,retry,2026-03-14 07:35:09,1,5121.66,62.0,2,0,0,2.0
TXN1005866,reminder,2026-03-14 05:55:09,1,5121.66,320.0,1,0,0,1.0
TXN1005866,escalation,2026-03-14 05:15:09,0,0.0,,1,1,0,15.0
TXN1005867,retry,2026-01-09 01:06:54,1,2293.61,227.0,3,0,0,2.0
TXN1005867,reminder,2026-01-08 23:04:54,0,0.0,,2,1,0,1.0
TXN1005867,escalation,2026-01-08 23:03:54,1,2293.61,237.0,2,0,0,15.0
TXN1005869,retry,2026-03-18 22:39:46,0,0.0,,4,1,1,2.0
TXN1005869,reminder,2026-03-18 20:55:46,0,0.0,,3,1,0,1.0
TXN1005869,escalation,2026-03-18 21:09:46,0,0.0,,3,1,0,15.0
TXN1005871,retry,2026-05-08 13:48:13,1,3179.77,8.0,2,0,0,2.0
TXN1005871,reminder,2026-05-08 12:49:13,1,3179.77,56.0,1,0,0,1.0
TXN1005871,escalation,2026-05-08 12:49:13,0,0.0,,1,1,0,15.0
TXN1005873,retry,2026-01-03 01:37:46,0,0.0,,4,1,1,2.0
TXN1005873,reminder,2026-01-03 02:36:46,1,1726.84,171.0,3,0,0,1.0
TXN1005873,escalation,2026-01-03 02:25:46,0,0.0,,3,1,0,15.0
TXN1005874,retry,2026-01-21 21:35:22,1,2035.93,340.0,2,0,0,2.0
TXN1005874,reminder,2026-01-21 21:42:22,0,0.0,,1,1,0,1.0
TXN1005874,escalation,2026-01-21 23:38:22,1,2035.93,351.0,1,0,0,15.0
TXN1005880,retry,2026-01-07 04:01:28,1,4682.05,60.0,2,0,0,2.0
TXN1005880,reminder,2026-01-07 03:42:28,1,4682.05,92.0,1,0,0,1.0
TXN1005880,escalation,2026-01-07 03:24:28,0,0.0,,1,1,0,15.0
TXN1005881,retry,2026-02-04 18:40:48,1,3770.45,87.0,2,0,0,2.0
TXN1005881,reminder,2026-02-04 16:27:48,0,0.0,,1,1,0,1.0
TXN1005881,escalation,2026-02-04 16:40:48,1,3770.45,292.0,1,0,0,15.0
TXN1005882,retry,2026-02-15 18:49:41,1,7755.18,355.0,2,0,0,2.0
TXN1005882,reminder,2026-02-15 18:23:41,1,7755.18,309.0,1,0,0,1.0
TXN1005882,escalation,2026-02-15 19:41:41,0,0.0,,1,1,0,15.0
TXN1005885,retry,2026-05-05 20:22:21,0,0.0,,2,1,0,2.0
TXN1005885,reminder,2026-05-05 19:00:21,1,1706.26,279.0,1,0,0,1.0
TXN1005885,escalation,2026-05-05 19:59:21,0,0.0,,1,1,0,15.0
TXN1005887,retry,2026-02-10 10:40:22,1,6895.78,98.0,2,0,0,2.0
TXN1005887,reminder,2026-02-10 10:24:22,1,6895.78,13.0,1,0,0,1.0
TXN1005887,escalation,2026-02-10 09:00:22,0,0.0,,1,1,0,15.0
TXN1005889,retry,2026-01-09 21:17:38,1,2748.49,322.0,2,0,0,2.0
TXN1005889,reminder,2026-01-09 20:02:38,1,2748.49,114.0,1,0,0,1.0
TXN1005889,escalation,2026-01-09 20:00:38,1,2748.49,60.0,1,0,0,15.0
TXN1005891,retry,2026-05-27 04:49:59,1,4283.68,137.0,2,0,0,2.0
TXN1005891,reminder,2026-05-27 04:34:59,1,4283.68,244.0,1,0,0,1.0
TXN1005891,escalation,2026-05-27 04:09:59,1,4283.68,254.0,1,0,0,15.0
TXN1005896,retry,2026-01-13 19:28:33,1,10659.71,222.0,2,0,0,2.0
TXN1005896,reminder,2026-01-13 20:29:33,1,10659.71,233.0,1,0,0,1.0
TXN1005896,escalation,2026-01-13 19:21:33,1,10659.71,161.0,1,0,0,15.0
TXN1005902,retry,2026-06-25 23:14:29,0,0.0,,2,1,0,2.0
TXN1005902,reminder,2026-06-25 21:34:29,0,0.0,,1,1,0,1.0
TXN1005902,escalation,2026-06-25 23:42:29,0,0.0,,1,1,0,15.0
TXN1005903,retry,2026-06-07 05:39:42,1,3365.17,198.0,2,0,0,2.0
TXN1005903,reminder,2026-06-07 04:49:42,1,3365.17,236.0,1,0,0,1.0
TXN1005903,escalation,2026-06-07 06:41:42,1,3365.17,162.0,1,0,0,15.0
TXN1005905,retry,2026-01-25 06:25:48,0,0.0,,3,1,0,2.0
TXN1005905,reminder,2026-01-25 06:27:48,1,22800.23,344.0,2,0,0,1.0
TXN1005905,escalation,2026-01-25 04:34:48,1,22800.23,280.0,2,0,0,15.0
TXN1005906,retry,2026-03-12 23:09:49,0,0.0,,4,1,1,2.0
TXN1005906,reminder,2026-03-12 22:05:49,1,3071.13,61.0,3,0,0,1.0
TXN1005906,escalation,2026-03-12 23:55:49,0,0.0,,3,1,0,15.0
TXN1005907,retry,2026-04-17 19:37:41,1,24354.59,24.0,2,0,0,2.0
TXN1005907,reminder,2026-04-17 18:54:41,0,0.0,,1,1,0,1.0
TXN1005907,escalation,2026-04-17 19:21:41,1,24354.59,233.0,1,0,0,15.0
TXN1005908,retry,2026-02-18 16:38:10,0,0.0,,3,1,0,2.0
TXN1005908,reminder,2026-02-18 15:35:10,0,0.0,,2,1,0,1.0
TXN1005908,escalation,2026-02-18 15:13:10,0,0.0,,2,1,0,15.0
TXN1005909,retry,2026-05-20 16:04:56,1,1921.18,326.0,2,0,0,2.0
TXN1005909,reminder,2026-05-20 14:34:56,1,1921.18,228.0,1,0,0,1.0
TXN1005909,escalation,2026-05-20 14:18:56,1,1921.18,76.0,1,0,0,15.0
TXN1005912,retry,2026-02-17 20:01:23,0,0.0,,2,1,0,2.0
TXN1005912,reminder,2026-02-17 19:24:23,1,703.86,117.0,1,0,0,1.0
TXN1005912,escalation,2026-02-17 19:01:23,0,0.0,,1,1,0,15.0
TXN1005918,retry,2026-05-27 11:46:36,0,0.0,,4,1,1,2.0
TXN1005918,reminder,2026-05-27 12:04:36,1,9130.27,264.0,3,0,0,1.0
TXN1005918,escalation,2026-05-27 10:21:36,0,0.0,,3,1,0,15.0
TXN1005919,retry,2026-04-15 14:20:48,0,0.0,,3,1,0,2.0
TXN1005919,reminder,2026-04-15 13:49:48,0,0.0,,2,1,0,1.0
TXN1005919,escalation,2026-04-15 13:12:48,0,0.0,,2,1,0,15.0
TXN1005920,retry,2026-06-21 22:17:20,1,28226.6,82.0,3,0,0,2.0
TXN1005920,reminder,2026-06-21 21:06:20,0,0.0,,2,1,0,1.0
TXN1005920,escalation,2026-06-21 21:55:20,0,0.0,,2,1,0,15.0
TXN1005921,retry,2026-05-16 17:44:25,0,0.0,,3,1,0,2.0
TXN1005921,reminder,2026-05-16 18:06:25,1,5430.33,11.0,2,0,0,1.0
TXN1005921,escalation,2026-05-16 16:37:25,0,0.0,,2,1,0,15.0
TXN1005925,retry,2026-05-15 07:11:17,1,20954.75,193.0,2,0,0,2.0
TXN1005925,reminder,2026-05-15 05:49:17,1,20954.75,169.0,1,0,0,1.0
TXN1005925,escalation,2026-05-15 07:02:17,0,0.0,,1,1,0,15.0
TXN1005926,retry,2026-03-04 22:11:55,1,1322.34,91.0,2,0,0,2.0
TXN1005926,reminder,2026-03-04 21:33:55,0,0.0,,1,1,0,1.0
TXN1005926,escalation,2026-03-04 23:34:55,0,0.0,,1,1,0,15.0
TXN1005929,retry,2026-06-23 08:38:34,1,1344.72,106.0,4,0,1,2.0
TXN1005929,reminder,2026-06-23 09:01:34,0,0.0,,3,1,0,1.0
TXN1005929,escalation,2026-06-23 10:52:34,0,0.0,,3,1,0,15.0
TXN1005932,retry,2026-06-23 16:43:46,1,666.31,334.0,2,0,0,2.0
TXN1005932,reminder,2026-06-23 16:05:46,0,0.0,,1,1,0,1.0
TXN1005932,escalation,2026-06-23 15:23:46,1,666.31,133.0,1,0,0,15.0
TXN1005934,retry,2026-02-23 07:47:49,1,27437.39,314.0,2,0,0,2.0
TXN1005934,reminder,2026-02-23 08:47:49,1,27437.39,159.0,1,0,0,1.0
TXN1005934,escalation,2026-02-23 07:30:49,1,27437.39,40.0,1,0,0,15.0
TXN1005935,retry,2026-05-01 13:15:13,1,2648.48,180.0,3,0,0,2.0
TXN1005935,reminder,2026-05-01 12:15:13,1,2648.48,180.0,2,0,0,1.0
TXN1005935,escalation,2026-05-01 13:41:13,1,2648.48,81.0,2,0,0,15.0
TXN1005936,retry,2026-05-17 17:14:50,1,1936.81,23.0,2,0,0,2.0
TXN1005936,reminder,2026-05-17 16:49:50,1,1936.81,285.0,1,0,0,1.0
TXN1005936,escalation,2026-05-17 19:04:50,1,1936.81,264.0,1,0,0,15.0
TXN1005937,retry,2026-02-05 01:24:45,1,3118.75,266.0,3,0,0,2.0
TXN1005937,reminder,2026-02-05 04:03:45,0,0.0,,2,1,0,1.0
TXN1005937,escalation,2026-02-05 01:24:45,0,0.0,,2,1,0,15.0
TXN1005938,retry,2026-05-18 13:20:01,0,0.0,,2,1,0,2.0
TXN1005938,reminder,2026-05-18 13:13:01,1,13215.54,357.0,1,0,0,1.0
TXN1005938,escalation,2026-05-18 13:05:01,1,13215.54,8.0,1,0,0,15.0
TXN1005939,retry,2026-04-25 23:54:57,1,17549.11,284.0,2,0,0,2.0
TXN1005939,reminder,2026-04-26 00:20:57,1,17549.11,280.0,1,0,0,1.0
TXN1005939,escalation,2026-04-25 22:38:57,1,17549.11,168.0,1,0,0,15.0
TXN1005942,retry,2026-01-17 12:39:08,1,1392.63,97.0,2,0,0,2.0
TXN1005942,reminder,2026-01-17 13:39:08,0,0.0,,1,1,0,1.0
TXN1005942,escalation,2026-01-17 12:10:08,0,0.0,,1,1,0,15.0
TXN1005946,retry,2026-03-21 09:07:05,1,4809.8,20.0,5,0,1,2.0
TXN1005946,reminder,2026-03-21 10:11:05,0,0.0,,4,1,0,1.0
TXN1005946,escalation,2026-03-21 10:00:05,0,0.0,,4,1,0,15.0
TXN1005947,retry,2026-04-20 09:12:44,0,0.0,,5,1,1,2.0
TXN1005947,reminder,2026-04-20 10:27:44,1,14023.04,323.0,4,0,0,1.0
TXN1005947,escalation,2026-04-20 10:17:44,0,0.0,,4,1,0,15.0
TXN1005949,retry,2026-05-04 18:34:21,1,7490.88,287.0,3,0,0,2.0
TXN1005949,reminder,2026-05-04 19:12:21,0,0.0,,2,1,0,1.0
TXN1005949,escalation,2026-05-04 18:39:21,0,0.0,,2,1,0,15.0
TXN1005952,retry,2026-06-15 03:09:49,0,0.0,,3,1,0,2.0
TXN1005952,reminder,2026-06-15 04:58:49,1,4754.4,124.0,2,0,0,1.0
TXN1005952,escalation,2026-06-15 03:38:49,1,4754.4,111.0,2,0,0,15.0
TXN1005954,retry,2026-02-10 01:38:41,1,38298.03,9.0,3,0,0,2.0
TXN1005954,reminder,2026-02-10 00:02:41,0,0.0,,2,1,0,1.0
TXN1005954,escalation,2026-02-10 00:25:41,1,38298.03,156.0,2,0,0,15.0
TXN1005955,retry,2026-03-24 10:45:34,1,26949.0,231.0,2,0,0,2.0
TXN1005955,reminder,2026-03-24 11:20:34,0,0.0,,1,1,0,1.0
TXN1005955,escalation,2026-03-24 11:19:34,1,26949.0,21.0,1,0,0,15.0
TXN1005959,retry,2026-01-11 14:59:02,0,0.0,,5,1,1,2.0
TXN1005959,reminder,2026-01-11 17:41:02,1,5985.68,269.0,4,0,0,1.0
TXN1005959,escalation,2026-01-11 16:12:02,1,5985.68,313.0,4,0,0,15.0
TXN1005963,retry,2026-05-21 21:45:16,0,0.0,,4,1,1,2.0
TXN1005963,reminder,2026-05-21 23:58:16,0,0.0,,3,1,0,1.0
TXN1005963,escalation,2026-05-21 21:43:16,1,4234.16,134.0,3,0,0,15.0
TXN1005964,retry,2026-05-19 02:07:10,1,15429.28,62.0,3,0,0,2.0
TXN1005964,reminder,2026-05-19 02:11:10,1,15429.28,255.0,2,0,0,1.0
TXN1005964,escalation,2026-05-19 02:29:10,0,0.0,,2,1,0,15.0
TXN1005967,retry,2026-01-06 16:20:45,1,3401.41,105.0,2,0,0,2.0
TXN1005967,reminder,2026-01-06 16:14:45,1,3401.41,220.0,1,0,0,1.0
TXN1005967,escalation,2026-01-06 15:34:45,1,3401.41,157.0,1,0,0,15.0
TXN1005974,retry,2026-05-05 05:28:47,1,4222.91,161.0,2,0,0,2.0
TXN1005974,reminder,2026-05-05 05:32:47,0,0.0,,1,1,0,1.0
TXN1005974,escalation,2026-05-05 08:07:47,0,0.0,,1,1,0,15.0
TXN1005975,retry,2026-05-03 14:50:04,1,15362.1,2.0,3,0,0,2.0
TXN1005975,reminder,2026-05-03 14:15:04,0,0.0,,2,1,0,1.0
TXN1005975,escalation,2026-05-03 14:50:04,0,0.0,,2,1,0,15.0
TXN1005978,retry,2026-05-20 19:56:44,1,1433.43,182.0,2,0,0,2.0
TXN1005978,reminder,2026-05-20 20:49:44,1,1433.43,309.0,1,0,0,1.0
TXN1005978,escalation,2026-05-20 20:11:44,0,0.0,,1,1,0,15.0
TXN1005986,retry,2026-05-12 05:51:04,1,7246.51,271.0,2,0,0,2.0
TXN1005986,reminder,2026-05-12 03:14:04,1,7246.51,207.0,1,0,0,1.0
TXN1005986,escalation,2026-05-12 04:05:04,0,0.0,,1,1,0,15.0
TXN1005989,retry,2026-05-08 04:07:50,1,1951.62,148.0,3,0,0,2.0
TXN1005989,reminder,2026-05-08 04:26:50,1,1951.62,344.0,2,0,0,1.0
TXN1005989,escalation,2026-05-08 06:07:50,0,0.0,,2,1,0,15.0
TXN1005990,retry,2026-06-24 10:03:14,1,4357.04,204.0,3,0,0,2.0
TXN1005990,reminder,2026-06-24 12:00:14,0,0.0,,2,1,0,1.0
TXN1005990,escalation,2026-06-24 10:27:14,0,0.0,,2,1,0,15.0
TXN1005992,retry,2026-01-01 14:22:43,1,10188.91,184.0,3,0,0,2.0
TXN1005992,reminder,2026-01-01 14:15:43,1,10188.91,304.0,2,0,0,1.0
TXN1005992,escalation,2026-01-01 14:08:43,0,0.0,,2,1,0,15.0
TXN1005995,retry,2026-05-17 17:17:29,1,3549.29,139.0,2,0,0,2.0
TXN1005995,reminder,2026-05-17 16:07:29,1,3549.29,205.0,1,0,0,1.0
TXN1005995,escalation,2026-05-17 15:49:29,1,3549.29,138.0,1,0,0,15.0
TXN1005996,retry,2026-05-24 18:10:38,1,8019.14,104.0,2,0,0,2.0
TXN1005996,reminder,2026-05-24 16:57:38,0,0.0,,1,1,0,1.0
TXN1005996,escalation,2026-05-24 18:06:38,1,8019.14,185.0,1,0,0,15.0
TXN1006002,retry,2026-05-03 17:32:55,0,0.0,,3,1,0,2.0
TXN1006002,reminder,2026-05-03 16:58:55,0,0.0,,2,1,0,1.0
TXN1006002,escalation,2026-05-03 17:08:55,0,0.0,,2,1,0,15.0
TXN1006004,retry,2026-03-26 23:37:54,1,4419.75,77.0,2,0,0,2.0
TXN1006004,reminder,2026-03-26 22:20:54,1,4419.75,160.0,1,0,0,1.0
TXN1006004,escalation,2026-03-26 20:51:54,0,0.0,,1,1,0,15.0
TXN1006006,retry,2026-04-14 05:42:43,1,2464.28,258.0,3,0,0,2.0
TXN1006006,reminder,2026-04-14 06:29:43,1,2464.28,305.0,2,0,0,1.0
TXN1006006,escalation,2026-04-14 08:14:43,1,2464.28,328.0,2,0,0,15.0
TXN1006007,retry,2026-01-07 19:40:09,0,0.0,,3,1,0,2.0
TXN1006007,reminder,2026-01-07 18:57:09,0,0.0,,2,1,0,1.0
TXN1006007,escalation,2026-01-07 19:33:09,1,1914.99,124.0,2,0,0,15.0
TXN1006008,retry,2026-05-23 23:54:16,1,4955.32,213.0,2,0,0,2.0
TXN1006008,reminder,2026-05-24 00:27:16,0,0.0,,1,1,0,1.0
TXN1006008,escalation,2026-05-24 01:40:16,1,4955.32,300.0,1,0,0,15.0
TXN1006013,retry,2026-03-30 00:03:01,1,11828.6,164.0,2,0,0,2.0
TXN1006013,reminder,2026-03-29 23:04:01,1,11828.6,193.0,1,0,0,1.0
TXN1006013,escalation,2026-03-29 23:46:01,1,11828.6,14.0,1,0,0,15.0
TXN1006017,retry,2026-03-02 21:29:50,0,0.0,,2,1,0,2.0
TXN1006017,reminder,2026-03-02 22:58:50,0,0.0,,1,1,0,1.0
TXN1006017,escalation,2026-03-02 23:45:50,1,6565.71,24.0,1,0,0,15.0
TXN1006019,retry,2026-02-17 17:03:57,1,4216.54,64.0,2,0,0,2.0
TXN1006019,reminder,2026-02-17 16:21:57,0,0.0,,1,1,0,1.0
TXN1006019,escalation,2026-02-17 14:29:57,1,4216.54,207.0,1,0,0,15.0
TXN1006020,retry,2026-02-15 10:24:06,0,0.0,,2,1,0,2.0
TXN1006020,reminder,2026-02-15 11:39:06,1,1064.37,38.0,1,0,0,1.0
TXN1006020,escalation,2026-02-15 11:18:06,0,0.0,,1,1,0,15.0
TXN1006022,retry,2026-05-16 05:38:20,1,2502.58,27.0,3,0,0,2.0
TXN1006022,reminder,2026-05-16 07:03:20,1,2502.58,215.0,2,0,0,1.0
TXN1006022,escalation,2026-05-16 05:34:20,0,0.0,,2,1,0,15.0
TXN1006026,retry,2026-03-04 08:48:56,1,3720.97,19.0,2,0,0,2.0
TXN1006026,reminder,2026-03-04 08:48:56,0,0.0,,1,1,0,1.0
TXN1006026,escalation,2026-03-04 10:18:56,0,0.0,,1,1,0,15.0
TXN1006035,retry,2026-03-22 01:02:08,0,0.0,,3,1,0,2.0
TXN1006035,reminder,2026-03-21 22:29:08,1,9683.4,260.0,2,0,0,1.0
TXN1006035,escalation,2026-03-21 22:53:08,1,9683.4,322.0,2,0,0,15.0
TXN1006036,retry,2026-05-06 11:56:32,0,0.0,,2,1,0,2.0
TXN1006036,reminder,2026-05-06 10:37:32,1,16692.51,115.0,1,0,0,1.0
TXN1006036,escalation,2026-05-06 11:38:32,1,16692.51,57.0,1,0,0,15.0
TXN1006038,retry,2026-04-30 17:50:06,0,0.0,,3,1,0,2.0
TXN1006038,reminder,2026-04-30 18:52:06,0,0.0,,2,1,0,1.0
TXN1006038,escalation,2026-04-30 17:27:06,0,0.0,,2,1,0,15.0
TXN1006041,retry,2026-02-06 20:43:36,1,4479.79,73.0,2,0,0,2.0
TXN1006041,reminder,2026-02-06 21:20:36,1,4479.79,133.0,1,0,0,1.0
TXN1006041,escalation,2026-02-06 19:24:36,1,4479.79,173.0,1,0,0,15.0
TXN1006042,retry,2026-03-11 19:07:53,0,0.0,,3,1,0,2.0
TXN1006042,reminder,2026-03-11 18:32:53,0,0.0,,2,1,0,1.0
TXN1006042,escalation,2026-03-11 20:30:53,1,1780.12,34.0,2,0,0,15.0
TXN1006047,retry,2026-04-14 07:13:44,0,0.0,,2,1,0,2.0
TXN1006047,reminder,2026-04-14 07:52:44,0,0.0,,1,1,0,1.0
TXN1006047,escalation,2026-04-14 07:32:44,0,0.0,,1,1,0,15.0
TXN1006048,retry,2026-03-31 19:52:59,0,0.0,,3,1,0,2.0
TXN1006048,reminder,2026-03-31 18:48:59,0,0.0,,2,1,0,1.0
TXN1006048,escalation,2026-03-31 20:34:59,1,8220.41,216.0,2,0,0,15.0
TXN1006050,retry,2026-05-21 23:22:11,1,3591.28,183.0,2,0,0,2.0
TXN1006050,reminder,2026-05-21 23:32:11,0,0.0,,1,1,0,1.0
TXN1006050,escalation,2026-05-22 02:00:11,1,3591.28,121.0,1,0,0,15.0
TXN1006053,retry,2026-05-09 00:35:27,0,0.0,,2,1,0,2.0
TXN1006053,reminder,2026-05-09 00:21:27,0,0.0,,1,1,0,1.0
TXN1006053,escalation,2026-05-08 23:49:27,1,8318.17,285.0,1,0,0,15.0
TXN1006055,retry,2026-05-17 11:01:15,0,0.0,,3,1,0,2.0
TXN1006055,reminder,2026-05-17 11:21:15,0,0.0,,2,1,0,1.0
TXN1006055,escalation,2026-05-17 13:16:15,1,20667.24,186.0,2,0,0,15.0
TXN1006061,retry,2026-02-06 23:07:29,1,7133.17,178.0,3,0,0,2.0
TXN1006061,reminder,2026-02-07 01:09:29,1,7133.17,225.0,2,0,0,1.0
TXN1006061,escalation,2026-02-07 00:38:29,0,0.0,,2,1,0,15.0
TXN1006062,retry,2026-02-16 10:33:41,0,0.0,,3,1,0,2.0
TXN1006062,reminder,2026-02-16 11:12:41,0,0.0,,2,1,0,1.0
TXN1006062,escalation,2026-02-16 10:10:41,1,6534.35,116.0,2,0,0,15.0
TXN1006063,retry,2026-05-26 12:36:58,1,1608.61,204.0,4,0,1,2.0
TXN1006063,reminder,2026-05-26 13:57:58,1,1608.61,342.0,3,0,0,1.0
TXN1006063,escalation,2026-05-26 13:06:58,0,0.0,,3,1,0,15.0
TXN1006069,retry,2026-06-26 01:16:49,1,3302.96,72.0,2,0,0,2.0
TXN1006069,reminder,2026-06-26 03:04:49,1,3302.96,338.0,1,0,0,1.0
TXN1006069,escalation,2026-06-26 02:31:49,1,3302.96,112.0,1,0,0,15.0
TXN1006071,retry,2026-05-03 11:42:31,1,21492.99,18.0,3,0,0,2.0
TXN1006071,reminder,2026-05-03 12:53:31,0,0.0,,2,1,0,1.0
TXN1006071,escalation,2026-05-03 11:23:31,1,21492.99,130.0,2,0,0,15.0
TXN1006072,retry,2026-06-26 19:50:06,1,1935.5,13.0,3,0,0,2.0
TXN1006072,reminder,2026-06-26 20:40:06,1,1935.5,264.0,2,0,0,1.0
TXN1006072,escalation,2026-06-26 21:11:06,1,1935.5,98.0,2,0,0,15.0
TXN1006077,retry,2026-04-30 04:59:29,0,0.0,,2,1,0,2.0
TXN1006077,reminder,2026-04-30 05:25:29,1,3025.15,222.0,1,0,0,1.0
TXN1006077,escalation,2026-04-30 06:05:29,1,3025.15,97.0,1,0,0,15.0
TXN1006080,retry,2026-06-17 05:05:09,1,1976.54,231.0,2,0,0,2.0
TXN1006080,reminder,2026-06-17 07:07:09,0,0.0,,1,1,0,1.0
TXN1006080,escalation,2026-06-17 05:06:09,1,1976.54,151.0,1,0,0,15.0
TXN1006083,retry,2026-01-08 18:00:30,1,3131.06,241.0,2,0,0,2.0
TXN1006083,reminder,2026-01-08 19:40:30,0,0.0,,1,1,0,1.0
TXN1006083,escalation,2026-01-08 19:42:30,1,3131.06,64.0,1,0,0,15.0
TXN1006097,retry,2026-06-11 06:06:04,1,3586.69,47.0,2,0,0,2.0
TXN1006097,reminder,2026-06-11 05:23:04,1,3586.69,110.0,1,0,0,1.0
TXN1006097,escalation,2026-06-11 03:51:04,1,3586.69,337.0,1,0,0,15.0
TXN1006100,retry,2026-06-28 21:37:03,1,10054.55,63.0,2,0,0,2.0
TXN1006100,reminder,2026-06-28 20:42:03,1,10054.55,355.0,1,0,0,1.0
TXN1006100,escalation,2026-06-28 20:27:03,0,0.0,,1,1,0,15.0
TXN1006101,retry,2026-06-17 08:05:12,1,7365.72,73.0,2,0,0,2.0
TXN1006101,reminder,2026-06-17 06:56:12,1,7365.72,288.0,1,0,0,1.0
TXN1006101,escalation,2026-06-17 07:15:12,1,7365.72,24.0,1,0,0,15.0
TXN1006102,retry,2026-03-13 17:52:11,1,10579.48,98.0,4,0,1,2.0
TXN1006102,reminder,2026-03-13 18:23:11,0,0.0,,3,1,0,1.0
TXN1006102,escalation,2026-03-13 17:17:11,1,10579.48,302.0,3,0,0,15.0
TXN1006105,retry,2026-02-12 04:58:27,0,0.0,,2,1,0,2.0
TXN1006105,reminder,2026-02-12 04:21:27,0,0.0,,1,1,0,1.0
TXN1006105,escalation,2026-02-12 05:33:27,0,0.0,,1,1,0,15.0
TXN1006106,retry,2026-02-12 00:26:33,1,8415.93,42.0,3,0,0,2.0
TXN1006106,reminder,2026-02-12 00:07:33,0,0.0,,2,1,0,1.0
TXN1006106,escalation,2026-02-12 00:26:33,1,8415.93,281.0,2,0,0,15.0
TXN1006107,retry,2026-06-03 06:14:51,1,3392.2,121.0,2,0,0,2.0
TXN1006107,reminder,2026-06-03 08:40:51,1,3392.2,57.0,1,0,0,1.0
TXN1006107,escalation,2026-06-03 07:25:51,1,3392.2,33.0,1,0,0,15.0
TXN1006112,retry,2026-02-17 21:09:12,1,933.43,246.0,2,0,0,2.0
TXN1006112,reminder,2026-02-17 21:44:12,0,0.0,,1,1,0,1.0
TXN1006112,escalation,2026-02-17 23:25:12,0,0.0,,1,1,0,15.0
TXN1006113,retry,2026-06-27 22:41:12,1,6478.56,184.0,3,0,0,2.0
TXN1006113,reminder,2026-06-27 23:50:12,0,0.0,,2,1,0,1.0
TXN1006113,escalation,2026-06-27 23:55:12,1,6478.56,77.0,2,0,0,15.0
TXN1006118,retry,2026-03-01 19:11:36,1,6277.24,252.0,5,0,1,2.0
TXN1006118,reminder,2026-03-01 19:33:36,1,6277.24,12.0,4,0,0,1.0
TXN1006118,escalation,2026-03-01 17:51:36,0,0.0,,4,1,0,15.0
TXN1006123,retry,2026-01-12 16:32:55,0,0.0,,2,1,0,2.0
TXN1006123,reminder,2026-01-12 17:52:55,0,0.0,,1,1,0,1.0
TXN1006123,escalation,2026-01-12 17:55:55,1,2064.67,242.0,1,0,0,15.0
TXN1006125,retry,2026-06-20 08:07:14,1,6071.98,109.0,2,0,0,2.0
TXN1006125,reminder,2026-06-20 06:39:14,1,6071.98,75.0,1,0,0,1.0
TXN1006125,escalation,2026-06-20 07:27:14,0,0.0,,1,1,0,15.0
TXN1006135,retry,2026-05-20 00:53:26,0,0.0,,4,1,1,2.0
TXN1006135,reminder,2026-05-20 01:05:26,0,0.0,,3,1,0,1.0
TXN1006135,escalation,2026-05-19 23:18:26,0,0.0,,3,1,0,15.0
TXN1006136,retry,2026-05-25 01:26:31,1,3324.47,353.0,3,0,0,2.0
TXN1006136,reminder,2026-05-25 02:07:31,0,0.0,,2,1,0,1.0
TXN1006136,escalation,2026-05-25 02:04:31,0,0.0,,2,1,0,15.0
TXN1006139,retry,2026-03-05 14:09:49,0,0.0,,2,1,0,2.0
TXN1006139,reminder,2026-03-05 12:18:49,0,0.0,,1,1,0,1.0
TXN1006139,escalation,2026-03-05 12:16:49,0,0.0,,1,1,0,15.0
TXN1006145,retry,2026-03-17 16:07:18,1,11133.13,235.0,3,0,0,2.0
TXN1006145,reminder,2026-03-17 14:30:18,1,11133.13,160.0,2,0,0,1.0
TXN1006145,escalation,2026-03-17 16:43:18,0,0.0,,2,1,0,15.0
TXN1006146,retry,2026-02-23 19:58:47,1,1462.83,132.0,2,0,0,2.0
TXN1006146,reminder,2026-02-23 20:40:47,1,1462.83,16.0,1,0,0,1.0
TXN1006146,escalation,2026-02-23 20:52:47,0,0.0,,1,1,0,15.0
TXN1006147,retry,2026-05-12 18:16:54,1,2351.02,306.0,2,0,0,2.0
TXN1006147,reminder,2026-05-12 19:49:54,0,0.0,,1,1,0,1.0
TXN1006147,escalation,2026-05-12 18:37:54,0,0.0,,1,1,0,15.0
TXN1006148,retry,2026-05-01 21:27:38,1,6126.81,165.0,2,0,0,2.0
TXN1006148,reminder,2026-05-01 21:23:38,0,0.0,,1,1,0,1.0
TXN1006148,escalation,2026-05-01 19:48:38,0,0.0,,1,1,0,15.0
TXN1006150,retry,2026-05-05 23:19:18,0,0.0,,2,1,0,2.0
TXN1006150,reminder,2026-05-06 00:53:18,1,11934.05,287.0,1,0,0,1.0
TXN1006150,escalation,2026-05-05 23:42:18,1,11934.05,55.0,1,0,0,15.0
TXN1006151,retry,2026-01-18 05:42:02,0,0.0,,5,1,1,2.0
TXN1006151,reminder,2026-01-18 06:48:02,0,0.0,,4,1,0,1.0
TXN1006151,escalation,2026-01-18 06:25:02,0,0.0,,4,1,0,15.0
TXN1006153,retry,2026-05-11 13:19:00,0,0.0,,2,1,0,2.0
TXN1006153,reminder,2026-05-11 13:41:00,1,1736.8,195.0,1,0,0,1.0
TXN1006153,escalation,2026-05-11 13:25:00,0,0.0,,1,1,0,15.0
TXN1006154,retry,2026-02-06 09:18:04,1,3382.08,2.0,2,0,0,2.0
TXN1006154,reminder,2026-02-06 08:19:04,1,3382.08,29.0,1,0,0,1.0
TXN1006154,escalation,2026-02-06 09:45:04,0,0.0,,1,1,0,15.0
TXN1006157,retry,2026-05-11 02:12:47,1,4453.01,123.0,3,0,0,2.0
TXN1006157,reminder,2026-05-11 02:21:47,0,0.0,,2,1,0,1.0
TXN1006157,escalation,2026-05-11 04:22:47,0,0.0,,2,1,0,15.0
TXN1006166,retry,2026-05-11 06:55:44,1,27481.7,105.0,2,0,0,2.0
TXN1006166,reminder,2026-05-11 06:17:44,1,27481.7,331.0,1,0,0,1.0
TXN1006166,escalation,2026-05-11 06:30:44,1,27481.7,345.0,1,0,0,15.0
TXN1006168,retry,2026-03-24 17:08:03,1,22446.05,49.0,2,0,0,2.0
TXN1006168,reminder,2026-03-24 17:19:03,1,22446.05,2.0,1,0,0,1.0
TXN1006168,escalation,2026-03-24 16:02:03,1,22446.05,315.0,1,0,0,15.0
TXN1006171,retry,2026-05-20 03:34:44,0,0.0,,3,1,0,2.0
TXN1006171,reminder,2026-05-20 03:11:44,1,584.49,238.0,2,0,0,1.0
TXN1006171,escalation,2026-05-20 04:41:44,1,584.49,342.0,2,0,0,15.0
TXN1006172,retry,2026-01-12 01:52:32,0,0.0,,2,1,0,2.0
TXN1006172,reminder,2026-01-12 00:05:32,1,39054.46,125.0,1,0,0,1.0
TXN1006172,escalation,2026-01-12 02:00:32,1,39054.46,169.0,1,0,0,15.0
TXN1006173,retry,2026-06-26 12:06:00,1,7589.07,304.0,2,0,0,2.0
TXN1006173,reminder,2026-06-26 11:13:00,1,7589.07,339.0,1,0,0,1.0
TXN1006173,escalation,2026-06-26 11:40:00,1,7589.07,254.0,1,0,0,15.0
TXN1006174,retry,2026-02-23 01:02:58,1,12353.09,311.0,2,0,0,2.0
TXN1006174,reminder,2026-02-23 01:46:58,0,0.0,,1,1,0,1.0
TXN1006174,escalation,2026-02-23 00:37:58,1,12353.09,112.0,1,0,0,15.0
TXN1006177,retry,2026-03-15 10:40:11,1,1864.87,222.0,2,0,0,2.0
TXN1006177,reminder,2026-03-15 10:54:11,0,0.0,,1,1,0,1.0
TXN1006177,escalation,2026-03-15 10:11:11,1,1864.87,270.0,1,0,0,15.0
TXN1006181,retry,2026-03-06 18:02:56,0,0.0,,3,1,0,2.0
TXN1006181,reminder,2026-03-06 17:00:56,1,7056.79,267.0,2,0,0,1.0
TXN1006181,escalation,2026-03-06 18:08:56,0,0.0,,2,1,0,15.0
TXN1006188,retry,2026-02-13 08:25:10,1,9363.51,146.0,3,0,0,2.0
TXN1006188,reminder,2026-02-13 08:11:10,0,0.0,,2,1,0,1.0
TXN1006188,escalation,2026-02-13 08:28:10,0,0.0,,2,1,0,15.0
TXN1006190,retry,2026-03-25 07:52:17,0,0.0,,2,1,0,2.0
TXN1006190,reminder,2026-03-25 10:16:17,0,0.0,,1,1,0,1.0
TXN1006190,escalation,2026-03-25 08:07:17,0,0.0,,1,1,0,15.0
TXN1006193,retry,2026-02-02 18:18:25,1,2898.82,350.0,2,0,0,2.0
TXN1006193,reminder,2026-02-02 19:37:25,1,2898.82,134.0,1,0,0,1.0
TXN1006193,escalation,2026-02-02 18:36:25,1,2898.82,9.0,1,0,0,15.0
TXN1006199,retry,2026-05-23 10:05:08,0,0.0,,5,1,1,2.0
TXN1006199,reminder,2026-05-23 08:32:08,0,0.0,,4,1,0,1.0
TXN1006199,escalation,2026-05-23 10:25:08,0,0.0,,4,1,0,15.0
TXN1006209,retry,2026-06-08 13:27:39,1,3987.94,355.0,3,0,0,2.0
TXN1006209,reminder,2026-06-08 14:12:39,1,3987.94,97.0,2,0,0,1.0
TXN1006209,escalation,2026-06-08 13:04:39,0,0.0,,2,1,0,15.0
TXN1006211,retry,2026-01-27 01:33:18,0,0.0,,2,1,0,2.0
TXN1006211,reminder,2026-01-27 01:39:18,1,6524.34,61.0,1,0,0,1.0
TXN1006211,escalation,2026-01-27 01:33:18,0,0.0,,1,1,0,15.0
TXN1006216,retry,2026-06-16 11:35:50,1,15717.73,155.0,3,0,0,2.0
TXN1006216,reminder,2026-06-16 10:34:50,1,15717.73,197.0,2,0,0,1.0
TXN1006216,escalation,2026-06-16 12:20:50,0,0.0,,2,1,0,15.0
TXN1006217,retry,2026-02-04 04:56:27,1,582.82,277.0,2,0,0,2.0
TXN1006217,reminder,2026-02-04 02:29:27,1,582.82,328.0,1,0,0,1.0
TXN1006217,escalation,2026-02-04 05:03:27,1,582.82,15.0,1,0,0,15.0
TXN1006220,retry,2026-03-06 03:32:11,1,1763.28,182.0,4,0,1,2.0
TXN1006220,reminder,2026-03-06 04:28:11,0,0.0,,3,1,0,1.0
TXN1006220,escalation,2026-03-06 03:58:11,0,0.0,,3,1,0,15.0
TXN1006222,retry,2026-02-03 21:24:55,1,9286.08,337.0,2,0,0,2.0
TXN1006222,reminder,2026-02-03 23:11:55,1,9286.08,103.0,1,0,0,1.0
TXN1006222,escalation,2026-02-03 21:37:55,1,9286.08,171.0,1,0,0,15.0
TXN1006223,retry,2026-03-18 02:03:31,1,27156.05,330.0,2,0,0,2.0
TXN1006223,reminder,2026-03-18 04:28:31,0,0.0,,1,1,0,1.0
TXN1006223,escalation,2026-03-18 04:41:31,1,27156.05,223.0,1,0,0,15.0
TXN1006224,retry,2026-04-28 22:11:21,1,20060.54,314.0,3,0,0,2.0
TXN1006224,reminder,2026-04-29 00:13:21,1,20060.54,275.0,2,0,0,1.0
TXN1006224,escalation,2026-04-29 00:04:21,1,20060.54,19.0,2,0,0,15.0
TXN1006229,retry,2026-02-09 06:56:23,0,0.0,,3,1,0,2.0
TXN1006229,reminder,2026-02-09 06:24:23,0,0.0,,2,1,0,1.0
TXN1006229,escalation,2026-02-09 08:29:23,0,0.0,,2,1,0,15.0
TXN1006237,retry,2026-02-12 19:11:55,1,4828.67,284.0,2,0,0,2.0
TXN1006237,reminder,2026-02-12 17:39:55,1,4828.67,246.0,1,0,0,1.0
TXN1006237,escalation,2026-02-12 17:35:55,1,4828.67,302.0,1,0,0,15.0
TXN1006238,retry,2026-06-03 15:35:23,1,14246.17,64.0,4,0,1,2.0
TXN1006238,reminder,2026-06-03 14:58:23,1,14246.17,169.0,3,0,0,1.0
TXN1006238,escalation,2026-06-03 17:04:23,0,0.0,,3,1,0,15.0
TXN1006241,retry,2026-01-27 20:27:13,1,1728.7,304.0,4,0,1,2.0
TXN1006241,reminder,2026-01-27 20:42:13,0,0.0,,3,1,0,1.0
TXN1006241,escalation,2026-01-27 20:10:13,0,0.0,,3,1,0,15.0
TXN1006242,retry,2026-02-23 22:53:08,0,0.0,,4,1,1,2.0
TXN1006242,reminder,2026-02-23 22:39:08,0,0.0,,3,1,0,1.0
TXN1006242,escalation,2026-02-24 01:03:08,1,24973.38,314.0,3,0,0,15.0
TXN1006245,retry,2026-04-05 03:03:54,0,0.0,,3,1,0,2.0
TXN1006245,reminder,2026-04-05 04:28:54,0,0.0,,2,1,0,1.0
TXN1006245,escalation,2026-04-05 04:00:54,0,0.0,,2,1,0,15.0
TXN1006249,retry,2026-01-04 12:05:46,1,2479.42,103.0,2,0,0,2.0
TXN1006249,reminder,2026-01-04 12:41:46,1,2479.42,278.0,1,0,0,1.0
TXN1006249,escalation,2026-01-04 10:44:46,1,2479.42,78.0,1,0,0,15.0
TXN1006252,retry,2026-01-08 07:52:44,0,0.0,,2,1,0,2.0
TXN1006252,reminder,2026-01-08 08:23:44,0,0.0,,1,1,0,1.0
TXN1006252,escalation,2026-01-08 08:12:44,0,0.0,,1,1,0,15.0
TXN1006256,retry,2026-03-12 22:26:47,1,6083.67,226.0,4,0,1,2.0
TXN1006256,reminder,2026-03-12 23:02:47,1,6083.67,281.0,3,0,0,1.0
TXN1006256,escalation,2026-03-13 01:02:47,0,0.0,,3,1,0,15.0
TXN1006257,retry,2026-04-20 06:49:21,1,10971.9,104.0,2,0,0,2.0
TXN1006257,reminder,2026-04-20 06:29:21,0,0.0,,1,1,0,1.0
TXN1006257,escalation,2026-04-20 07:34:21,0,0.0,,1,1,0,15.0
TXN1006258,retry,2026-04-04 02:43:41,1,3924.12,73.0,4,0,1,2.0
TXN1006258,reminder,2026-04-04 05:18:41,0,0.0,,3,1,0,1.0
TXN1006258,escalation,2026-04-04 03:15:41,0,0.0,,3,1,0,15.0
TXN1006259,retry,2026-03-15 12:12:27,0,0.0,,5,1,1,2.0
TXN1006259,reminder,2026-03-15 11:15:27,1,4397.64,223.0,4,0,0,1.0
TXN1006259,escalation,2026-03-15 11:51:27,1,4397.64,35.0,4,0,0,15.0
TXN1006260,retry,2026-05-14 07:44:16,1,4986.82,219.0,2,0,0,2.0
TXN1006260,reminder,2026-05-14 06:34:16,1,4986.82,50.0,1,0,0,1.0
TXN1006260,escalation,2026-05-14 05:59:16,1,4986.82,56.0,1,0,0,15.0
TXN1006261,retry,2026-04-13 17:14:32,1,1039.99,20.0,2,0,0,2.0
TXN1006261,reminder,2026-04-13 16:48:32,1,1039.99,264.0,1,0,0,1.0
TXN1006261,escalation,2026-04-13 18:32:32,1,1039.99,149.0,1,0,0,15.0
TXN1006263,retry,2026-05-25 21:51:10,0,0.0,,2,1,0,2.0
TXN1006263,reminder,2026-05-25 21:41:10,1,6070.74,94.0,1,0,0,1.0
TXN1006263,escalation,2026-05-25 20:30:10,1,6070.74,11.0,1,0,0,15.0
TXN1006271,retry,2026-02-20 22:03:27,1,1335.89,270.0,2,0,0,2.0
TXN1006271,reminder,2026-02-20 19:58:27,1,1335.89,136.0,1,0,0,1.0
TXN1006271,escalation,2026-02-20 19:35:27,1,1335.89,287.0,1,0,0,15.0
TXN1006272,retry,2026-02-08 10:23:06,0,0.0,,2,1,0,2.0
TXN1006272,reminder,2026-02-08 10:37:06,1,1201.42,97.0,1,0,0,1.0
TXN1006272,escalation,2026-02-08 10:25:06,0,0.0,,1,1,0,15.0
TXN1006274,retry,2026-01-25 22:00:32,1,6784.53,185.0,3,0,0,2.0
TXN1006274,reminder,2026-01-25 19:45:32,1,6784.53,155.0,2,0,0,1.0
TXN1006274,escalation,2026-01-25 20:37:32,1,6784.53,259.0,2,0,0,15.0
TXN1006277,retry,2026-04-17 09:30:41,0,0.0,,2,1,0,2.0
TXN1006277,reminder,2026-04-17 08:12:41,1,3080.51,225.0,1,0,0,1.0
TXN1006277,escalation,2026-04-17 10:11:41,1,3080.51,91.0,1,0,0,15.0
TXN1006279,retry,2026-03-24 11:38:43,0,0.0,,4,1,1,2.0
TXN1006279,reminder,2026-03-24 09:50:43,0,0.0,,3,1,0,1.0
TXN1006279,escalation,2026-03-24 11:49:43,1,12362.59,172.0,3,0,0,15.0
TXN1006281,retry,2026-03-12 15:38:38,1,1557.5,7.0,2,0,0,2.0
TXN1006281,reminder,2026-03-12 15:58:38,1,1557.5,343.0,1,0,0,1.0
TXN1006281,escalation,2026-03-12 15:50:38,0,0.0,,1,1,0,15.0
TXN1006282,retry,2026-04-17 19:06:29,1,5158.94,188.0,5,0,1,2.0
TXN1006282,reminder,2026-04-17 18:30:29,0,0.0,,4,1,0,1.0
TXN1006282,escalation,2026-04-17 18:13:29,0,0.0,,4,1,0,15.0
TXN1006287,retry,2026-03-31 16:32:23,1,1488.69,323.0,2,0,0,2.0
TXN1006287,reminder,2026-03-31 14:35:23,0,0.0,,1,1,0,1.0
TXN1006287,escalation,2026-03-31 15:17:23,0,0.0,,1,1,0,15.0
TXN1006288,retry,2026-04-18 21:31:12,0,0.0,,3,1,0,2.0
TXN1006288,reminder,2026-04-18 23:19:12,0,0.0,,2,1,0,1.0
TXN1006288,escalation,2026-04-18 21:03:12,0,0.0,,2,1,0,15.0
TXN1006292,retry,2026-01-20 23:36:23,1,3518.63,58.0,2,0,0,2.0
TXN1006292,reminder,2026-01-20 21:02:23,1,3518.63,301.0,1,0,0,1.0
TXN1006292,escalation,2026-01-20 22:05:23,1,3518.63,343.0,1,0,0,15.0
TXN1006294,retry,2026-02-12 17:49:57,0,0.0,,3,1,0,2.0
TXN1006294,reminder,2026-02-12 16:19:57,1,6632.31,187.0,2,0,0,1.0
TXN1006294,escalation,2026-02-12 18:00:57,0,0.0,,2,1,0,15.0
TXN1006295,retry,2026-06-10 14:33:49,1,7636.15,84.0,2,0,0,2.0
TXN1006295,reminder,2026-06-10 15:37:49,1,7636.15,154.0,1,0,0,1.0
TXN1006295,escalation,2026-06-10 14:54:49,1,7636.15,175.0,1,0,0,15.0
TXN1006299,retry,2026-03-14 22:43:49,1,3494.53,142.0,2,0,0,2.0
TXN1006299,reminder,2026-03-15 00:53:49,1,3494.53,53.0,1,0,0,1.0
TXN1006299,escalation,2026-03-14 23:14:49,0,0.0,,1,1,0,15.0
TXN1006307,retry,2026-03-11 10:22:26,1,3345.15,2.0,3,0,0,2.0
TXN1006307,reminder,2026-03-11 10:15:26,0,0.0,,2,1,0,1.0
TXN1006307,escalation,2026-03-11 10:29:26,0,0.0,,2,1,0,15.0
TXN1006308,retry,2026-02-27 00:59:28,1,375.7,210.0,2,0,0,2.0
TXN1006308,reminder,2026-02-27 00:36:28,0,0.0,,1,1,0,1.0
TXN1006308,escalation,2026-02-26 23:23:28,0,0.0,,1,1,1,15.0
TXN1006309,retry,2026-01-24 20:47:42,1,12406.92,337.0,2,0,0,2.0
TXN1006309,reminder,2026-01-24 21:11:42,1,12406.92,54.0,1,0,0,1.0
TXN1006309,escalation,2026-01-24 19:22:42,0,0.0,,1,1,0,15.0
TXN1006319,retry,2026-06-26 07:44:07,1,4002.2,164.0,2,0,0,2.0
TXN1006319,reminder,2026-06-26 07:41:07,0,0.0,,1,1,0,1.0
TXN1006319,escalation,2026-06-26 09:05:07,0,0.0,,1,1,0,15.0
TXN1006320,retry,2026-01-07 11:56:38,1,1331.58,2.0,4,0,1,2.0
TXN1006320,reminder,2026-01-07 09:51:38,1,1331.58,340.0,3,0,0,1.0
TXN1006320,escalation,2026-01-07 11:40:38,0,0.0,,3,1,0,15.0
TXN1006321,retry,2026-02-09 08:20:18,1,8978.41,213.0,2,0,0,2.0
TXN1006321,reminder,2026-02-09 08:37:18,1,8978.41,100.0,1,0,0,1.0
TXN1006321,escalation,2026-02-09 08:03:18,0,0.0,,1,1,0,15.0
TXN1006324,retry,2026-05-07 16:53:02,0,0.0,,4,1,1,2.0
TXN1006324,reminder,2026-05-07 16:48:02,0,0.0,,3,1,0,1.0
TXN1006324,escalation,2026-05-07 16:17:02,0,0.0,,3,1,0,15.0
TXN1006325,retry,2026-04-17 00:20:04,1,2993.27,189.0,2,0,0,2.0
TXN1006325,reminder,2026-04-17 03:08:04,0,0.0,,1,1,0,1.0
TXN1006325,escalation,2026-04-17 02:06:04,1,2993.27,232.0,1,0,0,15.0
TXN1006326,retry,2026-01-21 21:14:07,0,0.0,,2,1,0,2.0
TXN1006326,reminder,2026-01-21 21:00:07,1,5931.32,76.0,1,0,0,1.0
TXN1006326,escalation,2026-01-21 19:57:07,1,5931.32,152.0,1,0,0,15.0
TXN1006328,retry,2026-01-04 18:32:22,0,0.0,,2,1,0,2.0
TXN1006328,reminder,2026-01-04 19:50:22,0,0.0,,1,1,0,1.0
TXN1006328,escalation,2026-01-04 20:11:22,1,5861.36,180.0,1,0,0,15.0
TXN1006331,retry,2026-03-03 07:55:07,1,2949.68,23.0,2,0,0,2.0
TXN1006331,reminder,2026-03-03 08:55:07,1,2949.68,46.0,1,0,0,1.0
TXN1006331,escalation,2026-03-03 07:57:07,1,2949.68,82.0,1,0,0,15.0
TXN1006332,retry,2026-01-31 20:22:19,1,3275.47,25.0,2,0,0,2.0
TXN1006332,reminder,2026-01-31 21:03:19,0,0.0,,1,1,0,1.0
TXN1006332,escalation,2026-01-31 19:46:19,1,3275.47,248.0,1,0,0,15.0
TXN1006334,retry,2026-03-28 07:26:03,1,8443.69,101.0,3,0,0,2.0
TXN1006334,reminder,2026-03-28 07:18:03,0,0.0,,2,1,0,1.0
TXN1006334,escalation,2026-03-28 07:24:03,1,8443.69,114.0,2,0,0,15.0
TXN1006337,retry,2026-05-31 09:47:20,1,2630.65,49.0,2,0,0,2.0
TXN1006337,reminder,2026-05-31 09:44:20,0,0.0,,1,1,0,1.0
TXN1006337,escalation,2026-05-31 10:09:20,1,2630.65,327.0,1,0,0,15.0
TXN1006338,retry,2026-04-13 14:45:31,0,0.0,,3,1,0,2.0
TXN1006338,reminder,2026-04-13 13:00:31,0,0.0,,2,1,0,1.0
TXN1006338,escalation,2026-04-13 14:18:31,1,34068.09,252.0,2,0,0,15.0
TXN1006340,retry,2026-06-12 02:09:00,1,7378.76,149.0,2,0,0,2.0
TXN1006340,reminder,2026-06-12 01:59:00,0,0.0,,1,1,0,1.0
TXN1006340,escalation,2026-06-12 02:24:00,0,0.0,,1,1,0,15.0
TXN1006343,retry,2026-01-26 19:13:45,1,3529.37,135.0,4,0,1,2.0
TXN1006343,reminder,2026-01-26 19:12:45,0,0.0,,3,1,0,1.0
TXN1006343,escalation,2026-01-26 18:54:45,1,3529.37,264.0,3,0,0,15.0
TXN1006344,retry,2026-03-18 07:24:35,1,1085.76,244.0,4,0,1,2.0
TXN1006344,reminder,2026-03-18 08:37:35,0,0.0,,3,1,0,1.0
TXN1006344,escalation,2026-03-18 08:42:35,0,0.0,,3,1,0,15.0
TXN1006347,retry,2026-05-06 05:18:36,1,4190.56,121.0,3,0,0,2.0
TXN1006347,reminder,2026-05-06 05:47:36,1,4190.56,197.0,2,0,0,1.0
TXN1006347,escalation,2026-05-06 06:13:36,0,0.0,,2,1,0,15.0
TXN1006348,retry,2026-03-14 08:09:24,1,3243.08,343.0,3,0,0,2.0
TXN1006348,reminder,2026-03-14 09:50:24,1,3243.08,222.0,2,0,0,1.0
TXN1006348,escalation,2026-03-14 09:18:24,1,3243.08,151.0,2,0,0,15.0
TXN1006354,retry,2026-01-27 17:14:38,1,21423.21,126.0,2,0,0,2.0
TXN1006354,reminder,2026-01-27 16:55:38,1,21423.21,293.0,1,0,0,1.0
TXN1006354,escalation,2026-01-27 17:10:38,1,21423.21,308.0,1,0,0,15.0
TXN1006356,retry,2026-03-04 10:20:17,1,4964.96,129.0,2,0,0,2.0
TXN1006356,reminder,2026-03-04 10:26:17,1,4964.96,286.0,1,0,0,1.0
TXN1006356,escalation,2026-03-04 10:18:17,0,0.0,,1,1,0,15.0
TXN1006358,retry,2026-03-21 22:31:43,0,0.0,,4,1,1,2.0
TXN1006358,reminder,2026-03-21 21:30:43,1,3576.42,135.0,3,0,0,1.0
TXN1006358,escalation,2026-03-21 22:46:43,1,3576.42,338.0,3,0,0,15.0
TXN1006359,retry,2026-06-12 02:26:30,0,0.0,,3,1,0,2.0
TXN1006359,reminder,2026-06-12 02:36:30,1,9668.6,163.0,2,0,0,1.0
TXN1006359,escalation,2026-06-12 01:35:30,1,9668.6,201.0,2,0,0,15.0
TXN1006362,retry,2026-02-05 17:18:43,1,1311.19,268.0,2,0,0,2.0
TXN1006362,reminder,2026-02-05 19:14:43,1,1311.19,162.0,1,0,0,1.0
TXN1006362,escalation,2026-02-05 18:55:43,0,0.0,,1,1,0,15.0
TXN1006368,retry,2026-01-06 12:15:40,1,2403.87,70.0,3,0,0,2.0
TXN1006368,reminder,2026-01-06 14:01:40,0,0.0,,2,1,0,1.0
TXN1006368,escalation,2026-01-06 12:18:40,1,2403.87,305.0,2,0,0,15.0
TXN1006369,retry,2026-04-12 11:45:14,0,0.0,,2,1,0,2.0
TXN1006369,reminder,2026-04-12 12:59:14,1,2649.59,45.0,1,0,0,1.0
TXN1006369,escalation,2026-04-12 13:10:14,1,2649.59,5.0,1,0,0,15.0
TXN1006380,retry,2026-02-07 05:39:42,1,1435.63,132.0,2,0,0,2.0
TXN1006380,reminder,2026-02-07 06:09:42,0,0.0,,1,1,0,1.0
TXN1006380,escalation,2026-02-07 04:53:42,1,1435.63,40.0,1,0,0,15.0
TXN1006382,retry,2026-01-20 23:01:52,1,1420.9,247.0,2,0,0,2.0
TXN1006382,reminder,2026-01-20 22:19:52,1,1420.9,210.0,1,0,0,1.0
TXN1006382,escalation,2026-01-20 21:23:52,1,1420.9,338.0,1,0,0,15.0
TXN1006383,retry,2026-04-03 03:54:16,0,0.0,,2,1,0,2.0
TXN1006383,reminder,2026-04-03 04:15:16,1,321.42,217.0,1,0,0,1.0
TXN1006383,escalation,2026-04-03 04:48:16,1,321.42,334.0,1,0,1,15.0
TXN1006384,retry,2026-04-17 11:02:24,1,3364.92,155.0,2,0,0,2.0
TXN1006384,reminder,2026-04-17 10:28:24,1,3364.92,56.0,1,0,0,1.0
TXN1006384,escalation,2026-04-17 09:51:24,0,0.0,,1,1,0,15.0
TXN1006391,retry,2026-05-12 01:43:31,0,0.0,,2,1,0,2.0
TXN1006391,reminder,2026-05-12 03:00:31,1,1649.92,55.0,1,0,0,1.0
TXN1006391,escalation,2026-05-12 03:17:31,0,0.0,,1,1,0,15.0
TXN1006392,retry,2026-04-28 00:48:14,1,637.46,43.0,2,0,0,2.0
TXN1006392,reminder,2026-04-28 02:12:14,0,0.0,,1,1,0,1.0
TXN1006392,escalation,2026-04-28 01:28:14,0,0.0,,1,1,0,15.0
TXN1006396,retry,2026-04-22 01:21:28,0,0.0,,2,1,0,2.0
TXN1006396,reminder,2026-04-22 03:26:28,1,17596.11,42.0,1,0,0,1.0
TXN1006396,escalation,2026-04-22 02:45:28,0,0.0,,1,1,0,15.0
TXN1006397,retry,2026-05-28 09:17:09,0,0.0,,3,1,0,2.0
TXN1006397,reminder,2026-05-28 10:06:09,1,13166.46,257.0,2,0,0,1.0
TXN1006397,escalation,2026-05-28 08:04:09,1,13166.46,101.0,2,0,0,15.0
TXN1006398,retry,2026-06-15 03:27:43,1,8978.4,46.0,2,0,0,2.0
TXN1006398,reminder,2026-06-15 05:20:43,0,0.0,,1,1,0,1.0
TXN1006398,escalation,2026-06-15 05:01:43,1,8978.4,81.0,1,0,0,15.0
TXN1006404,retry,2026-05-11 03:39:38,1,25920.3,55.0,2,0,0,2.0
TXN1006404,reminder,2026-05-11 04:16:38,1,25920.3,178.0,1,0,0,1.0
TXN1006404,escalation,2026-05-11 02:27:38,0,0.0,,1,1,0,15.0
TXN1006405,retry,2026-03-29 19:27:09,0,0.0,,3,1,0,2.0
TXN1006405,reminder,2026-03-29 17:45:09,0,0.0,,2,1,0,1.0
TXN1006405,escalation,2026-03-29 17:28:09,0,0.0,,2,1,0,15.0
TXN1006417,retry,2026-05-23 04:06:28,1,6209.84,337.0,2,0,0,2.0
TXN1006417,reminder,2026-05-23 03:32:28,1,6209.84,191.0,1,0,0,1.0
TXN1006417,escalation,2026-05-23 04:52:28,1,6209.84,263.0,1,0,0,15.0
TXN1006422,retry,2026-06-25 17:16:50,0,0.0,,2,1,0,2.0
TXN1006422,reminder,2026-06-25 19:19:50,1,4855.18,76.0,1,0,0,1.0
TXN1006422,escalation,2026-06-25 19:44:50,0,0.0,,1,1,0,15.0
TXN1006423,retry,2026-04-03 03:31:46,0,0.0,,2,1,0,2.0
TXN1006423,reminder,2026-04-03 03:22:46,1,3519.5,80.0,1,0,0,1.0
TXN1006423,escalation,2026-04-03 03:12:46,1,3519.5,300.0,1,0,0,15.0
TXN1006424,retry,2026-04-20 03:44:27,0,0.0,,2,1,0,2.0
TXN1006424,reminder,2026-04-20 01:02:27,0,0.0,,1,1,0,1.0
TXN1006424,escalation,2026-04-20 02:37:27,1,3267.15,67.0,1,0,0,15.0
TXN1006425,retry,2026-03-04 04:09:15,1,1559.93,258.0,4,0,1,2.0
TXN1006425,reminder,2026-03-04 03:34:15,1,1559.93,90.0,3,0,0,1.0
TXN1006425,escalation,2026-03-04 04:09:15,0,0.0,,3,1,0,15.0
TXN1006426,retry,2026-05-18 23:44:20,1,1454.18,69.0,2,0,0,2.0
TXN1006426,reminder,2026-05-18 22:48:20,1,1454.18,65.0,1,0,0,1.0
TXN1006426,escalation,2026-05-19 00:29:20,1,1454.18,257.0,1,0,0,15.0
TXN1006428,retry,2026-01-15 08:12:07,1,625.67,125.0,3,0,0,2.0
TXN1006428,reminder,2026-01-15 06:52:07,0,0.0,,2,1,0,1.0
TXN1006428,escalation,2026-01-15 06:43:07,1,625.67,12.0,2,0,0,15.0
TXN1006431,retry,2026-06-02 05:19:59,0,0.0,,2,1,0,2.0
TXN1006431,reminder,2026-06-02 05:57:59,0,0.0,,1,1,0,1.0
TXN1006431,escalation,2026-06-02 06:19:59,0,0.0,,1,1,0,15.0
TXN1006432,retry,2026-03-11 19:19:46,0,0.0,,2,1,0,2.0
TXN1006432,reminder,2026-03-11 19:45:46,0,0.0,,1,1,0,1.0
TXN1006432,escalation,2026-03-11 18:22:46,1,4991.87,185.0,1,0,0,15.0
TXN1006434,retry,2026-05-01 20:42:20,1,2344.94,128.0,2,0,0,2.0
TXN1006434,reminder,2026-05-01 20:41:20,1,2344.94,223.0,1,0,0,1.0
TXN1006434,escalation,2026-05-01 22:10:20,0,0.0,,1,1,0,15.0
TXN1006438,retry,2026-02-15 03:31:35,1,6517.36,312.0,2,0,0,2.0
TXN1006438,reminder,2026-02-15 05:25:35,0,0.0,,1,1,0,1.0
TXN1006438,escalation,2026-02-15 03:54:35,0,0.0,,1,1,0,15.0
TXN1006439,retry,2026-06-18 03:14:22,1,21311.87,135.0,2,0,0,2.0
TXN1006439,reminder,2026-06-18 04:29:22,1,21311.87,218.0,1,0,0,1.0
TXN1006439,escalation,2026-06-18 05:47:22,0,0.0,,1,1,0,15.0
TXN1006440,retry,2026-02-25 13:59:18,0,0.0,,3,1,0,2.0
TXN1006440,reminder,2026-02-25 14:55:18,0,0.0,,2,1,0,1.0
TXN1006440,escalation,2026-02-25 14:21:18,0,0.0,,2,1,0,15.0
TXN1006444,retry,2026-01-30 12:08:02,0,0.0,,2,1,0,2.0
TXN1006444,reminder,2026-01-30 12:05:02,1,2938.15,270.0,1,0,0,1.0
TXN1006444,escalation,2026-01-30 12:34:02,1,2938.15,163.0,1,0,0,15.0
TXN1006445,retry,2026-06-07 17:55:07,1,2741.47,168.0,4,0,1,2.0
TXN1006445,reminder,2026-06-07 16:25:07,1,2741.47,325.0,3,0,0,1.0
TXN1006445,escalation,2026-06-07 17:48:07,1,2741.47,121.0,3,0,0,15.0
TXN1006446,retry,2026-01-03 00:42:50,0,0.0,,2,1,0,2.0
TXN1006446,reminder,2026-01-03 01:33:50,1,3742.72,168.0,1,0,0,1.0
TXN1006446,escalation,2026-01-03 00:03:50,1,3742.72,238.0,1,0,0,15.0
TXN1006451,retry,2026-06-03 01:46:35,1,21851.24,176.0,2,0,0,2.0
TXN1006451,reminder,2026-06-02 23:34:35,1,21851.24,240.0,1,0,0,1.0
TXN1006451,escalation,2026-06-02 23:41:35,0,0.0,,1,1,0,15.0
TXN1006453,retry,2026-05-08 04:00:02,1,6923.48,192.0,3,0,0,2.0
TXN1006453,reminder,2026-05-08 03:44:02,0,0.0,,2,1,0,1.0
TXN1006453,escalation,2026-05-08 04:40:02,1,6923.48,89.0,2,0,0,15.0
TXN1006455,retry,2026-04-05 18:11:04,0,0.0,,2,1,0,2.0
TXN1006455,reminder,2026-04-05 17:11:04,0,0.0,,1,1,0,1.0
TXN1006455,escalation,2026-04-05 18:07:04,1,3187.01,142.0,1,0,0,15.0
TXN1006456,retry,2026-06-08 06:34:34,0,0.0,,2,1,0,2.0
TXN1006456,reminder,2026-06-08 06:43:34,0,0.0,,1,1,0,1.0
TXN1006456,escalation,2026-06-08 04:16:34,1,4311.19,211.0,1,0,0,15.0
TXN1006458,retry,2026-04-17 18:19:59,1,7462.67,152.0,3,0,0,2.0
TXN1006458,reminder,2026-04-17 17:48:59,0,0.0,,2,1,0,1.0
TXN1006458,escalation,2026-04-17 18:40:59,1,7462.67,100.0,2,0,0,15.0
TXN1006463,retry,2026-03-20 22:17:01,1,72345.13,112.0,3,0,0,2.0
TXN1006463,reminder,2026-03-20 22:14:01,0,0.0,,2,1,0,1.0
TXN1006463,escalation,2026-03-20 20:47:01,1,72345.13,287.0,2,0,0,15.0
TXN1006466,retry,2026-06-29 19:40:13,1,3943.82,291.0,3,0,0,2.0
TXN1006466,reminder,2026-06-29 17:12:13,0,0.0,,2,1,0,1.0
TXN1006466,escalation,2026-06-29 18:58:13,1,3943.82,133.0,2,0,0,15.0
TXN1006467,retry,2026-03-12 12:02:47,1,28583.02,242.0,3,0,0,2.0
TXN1006467,reminder,2026-03-12 10:29:47,0,0.0,,2,1,0,1.0
TXN1006467,escalation,2026-03-12 09:55:47,0,0.0,,2,1,0,15.0
TXN1006468,retry,2026-06-15 22:17:13,1,4611.53,77.0,3,0,0,2.0
TXN1006468,reminder,2026-06-15 21:35:13,0,0.0,,2,1,0,1.0
TXN1006468,escalation,2026-06-16 00:02:13,1,4611.53,85.0,2,0,0,15.0
TXN1006472,retry,2026-06-17 08:32:00,0,0.0,,2,1,0,2.0
TXN1006472,reminder,2026-06-17 07:50:00,1,15759.35,128.0,1,0,0,1.0
TXN1006472,escalation,2026-06-17 08:34:00,1,15759.35,309.0,1,0,0,15.0
TXN1006474,retry,2026-03-10 20:28:13,1,2971.04,279.0,2,0,0,2.0
TXN1006474,reminder,2026-03-10 21:51:13,1,2971.04,178.0,1,0,0,1.0
TXN1006474,escalation,2026-03-10 22:19:13,0,0.0,,1,1,0,15.0
TXN1006475,retry,2026-01-14 05:13:27,1,2864.34,294.0,2,0,0,2.0
TXN1006475,reminder,2026-01-14 05:35:27,1,2864.34,210.0,1,0,0,1.0
TXN1006475,escalation,2026-01-14 06:44:27,1,2864.34,108.0,1,0,0,15.0
TXN1006480,retry,2026-03-04 11:02:15,0,0.0,,4,1,1,2.0
TXN1006480,reminder,2026-03-04 08:30:15,1,1447.11,91.0,3,0,0,1.0
TXN1006480,escalation,2026-03-04 09:04:15,0,0.0,,3,1,0,15.0
TXN1006482,retry,2026-02-03 15:04:35,1,2231.09,255.0,2,0,0,2.0
TXN1006482,reminder,2026-02-03 17:26:35,0,0.0,,1,1,0,1.0
TXN1006482,escalation,2026-02-03 16:02:35,1,2231.09,85.0,1,0,0,15.0
TXN1006484,retry,2026-04-08 18:21:46,0,0.0,,3,1,0,2.0
TXN1006484,reminder,2026-04-08 17:59:46,1,2129.26,233.0,2,0,0,1.0
TXN1006484,escalation,2026-04-08 18:59:46,0,0.0,,2,1,0,15.0
TXN1006487,retry,2026-02-24 00:25:13,1,1818.0,197.0,2,0,0,2.0
TXN1006487,reminder,2026-02-24 00:03:13,0,0.0,,1,1,0,1.0
TXN1006487,escalation,2026-02-24 02:01:13,0,0.0,,1,1,0,15.0
TXN1006489,retry,2026-06-17 04:25:38,1,56285.63,67.0,3,0,0,2.0
TXN1006489,reminder,2026-06-17 06:02:38,1,56285.63,297.0,2,0,0,1.0
TXN1006489,escalation,2026-06-17 05:45:38,1,56285.63,320.0,2,0,0,15.0
TXN1006490,retry,2026-01-23 14:38:01,1,1366.09,164.0,3,0,0,2.0
TXN1006490,reminder,2026-01-23 12:40:01,0,0.0,,2,1,0,1.0
TXN1006490,escalation,2026-01-23 13:01:01,0,0.0,,2,1,0,15.0
TXN1006497,retry,2026-04-22 16:22:19,1,9069.14,126.0,2,0,0,2.0
TXN1006497,reminder,2026-04-22 16:32:19,1,9069.14,306.0,1,0,0,1.0
TXN1006497,escalation,2026-04-22 15:48:19,1,9069.14,357.0,1,0,0,15.0
TXN1006498,retry,2026-06-16 12:00:57,1,5497.66,316.0,3,0,0,2.0
TXN1006498,reminder,2026-06-16 11:47:57,1,5497.66,61.0,2,0,0,1.0
TXN1006498,escalation,2026-06-16 09:39:57,1,5497.66,182.0,2,0,0,15.0
TXN1006500,retry,2026-04-07 15:37:16,0,0.0,,3,1,0,2.0
TXN1006500,reminder,2026-04-07 15:40:16,0,0.0,,2,1,0,1.0
TXN1006500,escalation,2026-04-07 16:09:16,0,0.0,,2,1,1,15.0
TXN1006506,retry,2026-03-07 20:45:15,1,2518.02,223.0,2,0,0,2.0
TXN1006506,reminder,2026-03-07 19:48:15,1,2518.02,124.0,1,0,0,1.0
TXN1006506,escalation,2026-03-07 18:31:15,0,0.0,,1,1,0,15.0
TXN1006508,retry,2026-01-04 01:17:35,1,3959.88,316.0,2,0,0,2.0
TXN1006508,reminder,2026-01-04 02:23:35,1,3959.88,157.0,1,0,0,1.0
TXN1006508,escalation,2026-01-04 02:38:35,1,3959.88,62.0,1,0,0,15.0
TXN1006515,retry,2026-02-09 18:32:08,0,0.0,,4,1,1,2.0
TXN1006515,reminder,2026-02-09 18:56:08,0,0.0,,3,1,0,1.0
TXN1006515,escalation,2026-02-09 20:47:08,0,0.0,,3,1,0,15.0
TXN1006517,retry,2026-04-11 00:55:01,0,0.0,,2,1,0,2.0
TXN1006517,reminder,2026-04-11 02:23:01,0,0.0,,1,1,0,1.0
TXN1006517,escalation,2026-04-11 01:31:01,1,5323.08,59.0,1,0,0,15.0
TXN1006524,retry,2026-06-28 20:13:16,1,1733.55,206.0,2,0,0,2.0
TXN1006524,reminder,2026-06-28 20:51:16,1,1733.55,282.0,1,0,0,1.0
TXN1006524,escalation,2026-06-28 19:42:16,1,1733.55,5.0,1,0,0,15.0
TXN1006528,retry,2026-06-29 20:55:02,1,2480.4,316.0,2,0,0,2.0
TXN1006528,reminder,2026-06-29 18:21:02,0,0.0,,1,1,0,1.0
TXN1006528,escalation,2026-06-29 18:48:02,0,0.0,,1,1,0,15.0
TXN1006531,retry,2026-05-28 18:30:05,0,0.0,,3,1,0,2.0
TXN1006531,reminder,2026-05-28 18:35:05,0,0.0,,2,1,0,1.0
TXN1006531,escalation,2026-05-28 19:21:05,0,0.0,,2,1,0,15.0
TXN1006532,retry,2026-02-11 11:09:19,1,4849.63,288.0,2,0,0,2.0
TXN1006532,reminder,2026-02-11 11:52:19,0,0.0,,1,1,0,1.0
TXN1006532,escalation,2026-02-11 10:22:19,1,4849.63,7.0,1,0,0,15.0
TXN1006536,retry,2026-02-16 13:03:33,1,7774.54,170.0,2,0,0,2.0
TXN1006536,reminder,2026-02-16 14:29:33,0,0.0,,1,1,0,1.0
TXN1006536,escalation,2026-02-16 14:26:33,1,7774.54,130.0,1,0,0,15.0
TXN1006537,retry,2026-06-15 17:39:58,0,0.0,,4,1,1,2.0
TXN1006537,reminder,2026-06-15 18:04:58,0,0.0,,3,1,0,1.0
TXN1006537,escalation,2026-06-15 17:14:58,0,0.0,,3,1,0,15.0
TXN1006541,retry,2026-03-10 12:32:37,0,0.0,,2,1,0,2.0
TXN1006541,reminder,2026-03-10 14:21:37,1,7012.9,102.0,1,0,0,1.0
TXN1006541,escalation,2026-03-10 14:25:37,0,0.0,,1,1,0,15.0
TXN1006542,retry,2026-04-13 13:58:06,1,7949.93,73.0,4,0,1,2.0
TXN1006542,reminder,2026-04-13 16:41:06,0,0.0,,3,1,0,1.0
TXN1006542,escalation,2026-04-13 16:14:06,0,0.0,,3,1,0,15.0
TXN1006545,retry,2026-01-19 01:59:16,1,5135.92,34.0,4,0,1,2.0
TXN1006545,reminder,2026-01-19 01:23:16,0,0.0,,3,1,0,1.0
TXN1006545,escalation,2026-01-19 00:10:16,0,0.0,,3,1,0,15.0
TXN1006546,retry,2026-05-01 15:35:57,0,0.0,,2,1,0,2.0
TXN1006546,reminder,2026-05-01 15:12:57,1,47128.3,152.0,1,0,0,1.0
TXN1006546,escalation,2026-05-01 15:49:57,1,47128.3,96.0,1,0,0,15.0
TXN1006548,retry,2026-05-21 03:53:39,0,0.0,,2,1,0,2.0
TXN1006548,reminder,2026-05-21 03:54:39,0,0.0,,1,1,0,1.0
TXN1006548,escalation,2026-05-21 03:16:39,0,0.0,,1,1,0,15.0
TXN1006552,retry,2026-03-07 23:23:52,0,0.0,,2,1,0,2.0
TXN1006552,reminder,2026-03-08 00:43:52,0,0.0,,1,1,0,1.0
TXN1006552,escalation,2026-03-07 22:40:52,1,1074.68,333.0,1,0,0,15.0
TXN1006560,retry,2026-05-10 11:12:03,1,1831.09,265.0,2,0,0,2.0
TXN1006560,reminder,2026-05-10 12:01:03,0,0.0,,1,1,0,1.0
TXN1006560,escalation,2026-05-10 12:54:03,1,1831.09,270.0,1,0,0,15.0
TXN1006564,retry,2026-05-30 07:18:30,0,0.0,,2,1,0,2.0
TXN1006564,reminder,2026-05-30 06:47:30,1,8566.96,60.0,1,0,0,1.0
TXN1006564,escalation,2026-05-30 07:26:30,0,0.0,,1,1,0,15.0
TXN1006566,retry,2026-01-14 16:25:05,0,0.0,,2,1,0,2.0
TXN1006566,reminder,2026-01-14 16:34:05,1,5354.1,61.0,1,0,0,1.0
TXN1006566,escalation,2026-01-14 15:08:05,1,5354.1,255.0,1,0,0,15.0
TXN1006567,retry,2026-03-16 20:39:58,0,0.0,,2,1,0,2.0
TXN1006567,reminder,2026-03-16 20:40:58,0,0.0,,1,1,0,1.0
TXN1006567,escalation,2026-03-16 21:58:58,0,0.0,,1,1,0,15.0
TXN1006569,retry,2026-05-27 05:10:33,1,462.97,221.0,3,0,0,2.0
TXN1006569,reminder,2026-05-27 06:02:33,0,0.0,,2,1,0,1.0
TXN1006569,escalation,2026-05-27 07:01:33,0,0.0,,2,1,1,15.0
TXN1006570,retry,2026-01-17 06:02:45,0,0.0,,2,1,0,2.0
TXN1006570,reminder,2026-01-17 08:00:45,1,915.87,355.0,1,0,0,1.0
TXN1006570,escalation,2026-01-17 06:21:45,1,915.87,345.0,1,0,0,15.0
TXN1006571,retry,2026-01-13 03:59:37,1,2384.24,74.0,2,0,0,2.0
TXN1006571,reminder,2026-01-13 02:40:37,0,0.0,,1,1,0,1.0
TXN1006571,escalation,2026-01-13 03:03:37,0,0.0,,1,1,0,15.0
TXN1006572,retry,2026-03-01 01:40:18,0,0.0,,4,1,1,2.0
TXN1006572,reminder,2026-03-01 03:17:18,1,22641.17,140.0,3,0,0,1.0
TXN1006572,escalation,2026-03-01 02:40:18,0,0.0,,3,1,0,15.0
TXN1006574,retry,2026-05-23 20:37:09,1,7790.77,195.0,3,0,0,2.0
TXN1006574,reminder,2026-05-23 18:21:09,0,0.0,,2,1,0,1.0
TXN1006574,escalation,2026-05-23 19:30:09,0,0.0,,2,1,0,15.0
TXN1006575,retry,2026-06-29 19:39:25,1,6902.11,191.0,3,0,0,2.0
TXN1006575,reminder,2026-06-29 18:48:25,0,0.0,,2,1,0,1.0
TXN1006575,escalation,2026-06-29 19:21:25,0,0.0,,2,1,0,15.0
TXN1006576,retry,2026-05-31 22:10:35,1,31462.86,78.0,2,0,0,2.0
TXN1006576,reminder,2026-06-01 00:05:35,0,0.0,,1,1,0,1.0
TXN1006576,escalation,2026-05-31 23:57:35,1,31462.86,283.0,1,0,0,15.0
TXN1006577,retry,2026-02-03 17:22:04,1,588.39,87.0,2,0,0,2.0
TXN1006577,reminder,2026-02-03 17:12:04,1,588.39,298.0,1,0,0,1.0
TXN1006577,escalation,2026-02-03 17:59:04,0,0.0,,1,1,0,15.0
TXN1006579,retry,2026-06-23 17:58:33,1,2354.55,68.0,3,0,0,2.0
TXN1006579,reminder,2026-06-23 16:41:33,1,2354.55,193.0,2,0,0,1.0
TXN1006579,escalation,2026-06-23 15:55:33,0,0.0,,2,1,0,15.0
TXN1006581,retry,2026-05-19 09:36:35,1,4621.05,218.0,2,0,0,2.0
TXN1006581,reminder,2026-05-19 08:05:35,1,4621.05,32.0,1,0,0,1.0
TXN1006581,escalation,2026-05-19 08:07:35,0,0.0,,1,1,0,15.0
TXN1006582,retry,2026-05-12 02:59:46,1,1694.67,31.0,4,0,1,2.0
TXN1006582,reminder,2026-05-12 01:45:46,1,1694.67,115.0,3,0,0,1.0
TXN1006582,escalation,2026-05-12 00:36:46,0,0.0,,3,1,0,15.0
TXN1006583,retry,2026-02-28 06:04:11,1,3366.61,243.0,2,0,0,2.0
TXN1006583,reminder,2026-02-28 05:50:11,0,0.0,,1,1,0,1.0
TXN1006583,escalation,2026-02-28 03:37:11,0,0.0,,1,1,0,15.0
TXN1006584,retry,2026-03-23 18:18:47,0,0.0,,2,1,0,2.0
TXN1006584,reminder,2026-03-23 18:17:47,0,0.0,,1,1,0,1.0
TXN1006584,escalation,2026-03-23 17:37:47,1,2152.16,303.0,1,0,0,15.0
TXN1006585,retry,2026-03-18 07:06:52,0,0.0,,3,1,0,2.0
TXN1006585,reminder,2026-03-18 08:16:52,1,2780.16,281.0,2,0,0,1.0
TXN1006585,escalation,2026-03-18 08:46:52,1,2780.16,94.0,2,0,0,15.0
TXN1006587,retry,2026-01-20 07:11:27,0,0.0,,5,1,1,2.0
TXN1006587,reminder,2026-01-20 06:10:27,0,0.0,,4,1,0,1.0
TXN1006587,escalation,2026-01-20 06:04:27,0,0.0,,4,1,0,15.0
TXN1006592,retry,2026-04-04 13:22:17,0,0.0,,4,1,1,2.0
TXN1006592,reminder,2026-04-04 13:45:17,1,6716.18,313.0,3,0,0,1.0
TXN1006592,escalation,2026-04-04 11:04:17,0,0.0,,3,1,0,15.0
TXN1006595,retry,2026-04-05 17:47:18,1,1277.14,122.0,3,0,0,2.0
TXN1006595,reminder,2026-04-05 16:52:18,1,1277.14,291.0,2,0,0,1.0
TXN1006595,escalation,2026-04-05 17:09:18,0,0.0,,2,1,0,15.0
TXN1006600,retry,2026-05-03 16:37:30,1,7050.33,74.0,3,0,0,2.0
TXN1006600,reminder,2026-05-03 16:21:30,1,7050.33,195.0,2,0,0,1.0
TXN1006600,escalation,2026-05-03 17:00:30,1,7050.33,330.0,2,0,0,15.0
TXN1006601,retry,2026-05-24 01:57:30,1,3830.29,340.0,2,0,0,2.0
TXN1006601,reminder,2026-05-24 00:24:30,0,0.0,,1,1,0,1.0
TXN1006601,escalation,2026-05-24 00:21:30,0,0.0,,1,1,0,15.0
TXN1006602,retry,2026-02-12 00:59:24,0,0.0,,4,1,1,2.0
TXN1006602,reminder,2026-02-11 23:36:24,0,0.0,,3,1,0,1.0
TXN1006602,escalation,2026-02-11 23:09:24,0,0.0,,3,1,0,15.0
TXN1006605,retry,2026-03-07 10:56:38,1,1987.77,107.0,2,0,0,2.0
TXN1006605,reminder,2026-03-07 10:59:38,1,1987.77,108.0,1,0,0,1.0
TXN1006605,escalation,2026-03-07 11:47:38,0,0.0,,1,1,0,15.0
TXN1006606,retry,2026-06-14 19:09:14,1,3552.85,347.0,2,0,0,2.0
TXN1006606,reminder,2026-06-14 19:31:14,0,0.0,,1,1,0,1.0
TXN1006606,escalation,2026-06-14 19:34:14,1,3552.85,10.0,1,0,0,15.0
TXN1006612,retry,2026-06-05 05:58:32,1,8069.47,313.0,2,0,0,2.0
TXN1006612,reminder,2026-06-05 06:45:32,1,8069.47,242.0,1,0,0,1.0
TXN1006612,escalation,2026-06-05 05:16:32,1,8069.47,193.0,1,0,0,15.0
TXN1006614,retry,2026-04-23 12:17:07,1,2806.44,329.0,3,0,0,2.0
TXN1006614,reminder,2026-04-23 13:04:07,1,2806.44,337.0,2,0,0,1.0
TXN1006614,escalation,2026-04-23 14:54:07,1,2806.44,127.0,2,0,0,15.0
TXN1006617,retry,2026-06-07 16:10:43,1,52293.72,329.0,3,0,0,2.0
TXN1006617,reminder,2026-06-07 17:00:43,0,0.0,,2,1,0,1.0
TXN1006617,escalation,2026-06-07 15:50:43,1,52293.72,243.0,2,0,0,15.0
TXN1006619,retry,2026-05-05 04:29:12,1,7608.51,343.0,2,0,0,2.0
TXN1006619,reminder,2026-05-05 04:15:12,1,7608.51,151.0,1,0,0,1.0
TXN1006619,escalation,2026-05-05 06:35:12,0,0.0,,1,1,0,15.0
TXN1006621,retry,2026-05-28 19:08:03,0,0.0,,2,1,0,2.0
TXN1006621,reminder,2026-05-28 19:07:03,1,6653.93,135.0,1,0,0,1.0
TXN1006621,escalation,2026-05-28 21:05:03,1,6653.93,156.0,1,0,0,15.0
TXN1006628,retry,2026-06-20 03:58:57,1,8730.63,12.0,3,0,0,2.0
TXN1006628,reminder,2026-06-20 03:08:57,0,0.0,,2,1,0,1.0
TXN1006628,escalation,2026-06-20 04:22:57,0,0.0,,2,1,0,15.0
TXN1006632,retry,2026-03-30 11:48:23,1,5854.11,144.0,4,0,1,2.0
TXN1006632,reminder,2026-03-30 10:06:23,0,0.0,,3,1,0,1.0
TXN1006632,escalation,2026-03-30 10:05:23,0,0.0,,3,1,0,15.0
TXN1006634,retry,2026-05-10 05:03:11,1,5259.46,214.0,2,0,0,2.0
TXN1006634,reminder,2026-05-10 05:03:11,1,5259.46,149.0,1,0,0,1.0
TXN1006634,escalation,2026-05-10 04:03:11,0,0.0,,1,1,0,15.0
TXN1006638,retry,2026-05-24 04:27:37,1,4256.59,64.0,4,0,1,2.0
TXN1006638,reminder,2026-05-24 04:10:37,1,4256.59,179.0,3,0,0,1.0
TXN1006638,escalation,2026-05-24 02:47:37,0,0.0,,3,1,0,15.0
TXN1006641,retry,2026-03-29 14:42:55,1,13502.19,88.0,3,0,0,2.0
TXN1006641,reminder,2026-03-29 14:29:55,1,13502.19,121.0,2,0,0,1.0
TXN1006641,escalation,2026-03-29 14:26:55,1,13502.19,79.0,2,0,0,15.0
TXN1006643,retry,2026-01-23 23:44:39,1,5876.91,352.0,2,0,0,2.0
TXN1006643,reminder,2026-01-24 00:19:39,0,0.0,,1,1,0,1.0
TXN1006643,escalation,2026-01-24 01:11:39,0,0.0,,1,1,0,15.0
TXN1006645,retry,2026-02-07 03:01:40,1,7109.12,255.0,2,0,0,2.0
TXN1006645,reminder,2026-02-07 02:39:40,1,7109.12,338.0,1,0,0,1.0
TXN1006645,escalation,2026-02-07 02:53:40,1,7109.12,209.0,1,0,0,15.0
TXN1006646,retry,2026-01-21 18:45:09,1,20120.95,109.0,2,0,0,2.0
TXN1006646,reminder,2026-01-21 19:40:09,0,0.0,,1,1,0,1.0
TXN1006646,escalation,2026-01-21 19:21:09,0,0.0,,1,1,0,15.0
TXN1006648,retry,2026-01-11 19:26:26,1,9174.62,120.0,2,0,0,2.0
TXN1006648,reminder,2026-01-11 21:31:26,0,0.0,,1,1,0,1.0
TXN1006648,escalation,2026-01-11 22:12:26,1,9174.62,354.0,1,0,0,15.0
TXN1006649,retry,2026-02-16 01:09:44,1,7286.96,172.0,2,0,0,2.0
TXN1006649,reminder,2026-02-16 02:20:44,1,7286.96,297.0,1,0,0,1.0
TXN1006649,escalation,2026-02-16 01:19:44,0,0.0,,1,1,0,15.0
TXN1006650,retry,2026-06-04 13:10:55,0,0.0,,2,1,0,2.0
TXN1006650,reminder,2026-06-04 12:12:55,1,3933.36,226.0,1,0,0,1.0
TXN1006650,escalation,2026-06-04 12:18:55,1,3933.36,125.0,1,0,0,15.0
TXN1006652,retry,2026-01-10 03:26:36,1,29420.35,271.0,3,0,0,2.0
TXN1006652,reminder,2026-01-10 03:42:36,0,0.0,,2,1,0,1.0
TXN1006652,escalation,2026-01-10 04:06:36,0,0.0,,2,1,0,15.0
TXN1006654,retry,2026-02-10 21:00:09,1,1988.17,20.0,2,0,0,2.0
TXN1006654,reminder,2026-02-10 19:58:09,0,0.0,,1,1,0,1.0
TXN1006654,escalation,2026-02-10 20:45:09,0,0.0,,1,1,0,15.0
TXN1006656,retry,2026-02-09 09:13:46,1,4489.22,161.0,3,0,0,2.0
TXN1006656,reminder,2026-02-09 10:59:46,0,0.0,,2,1,0,1.0
TXN1006656,escalation,2026-02-09 09:12:46,0,0.0,,2,1,0,15.0
TXN1006657,retry,2026-03-30 03:40:52,0,0.0,,3,1,0,2.0
TXN1006657,reminder,2026-03-30 03:37:52,1,5920.42,255.0,2,0,0,1.0
TXN1006657,escalation,2026-03-30 02:30:52,1,5920.42,281.0,2,0,0,15.0
TXN1006658,retry,2026-01-15 06:51:31,1,6369.87,343.0,3,0,0,2.0
TXN1006658,reminder,2026-01-15 06:13:31,0,0.0,,2,1,0,1.0
TXN1006658,escalation,2026-01-15 06:10:31,0,0.0,,2,1,0,15.0
TXN1006659,retry,2026-02-26 16:13:02,1,3037.14,353.0,2,0,0,2.0
TXN1006659,reminder,2026-02-26 14:44:02,1,3037.14,152.0,1,0,0,1.0
TXN1006659,escalation,2026-02-26 16:44:02,1,3037.14,293.0,1,0,0,15.0
TXN1006660,retry,2026-02-18 15:35:54,1,4352.32,211.0,3,0,0,2.0
TXN1006660,reminder,2026-02-18 13:55:54,0,0.0,,2,1,0,1.0
TXN1006660,escalation,2026-02-18 15:32:54,1,4352.32,288.0,2,0,0,15.0
TXN1006661,retry,2026-05-10 02:15:31,0,0.0,,2,1,0,2.0
TXN1006661,reminder,2026-05-10 03:39:31,1,43919.68,225.0,1,0,0,1.0
TXN1006661,escalation,2026-05-10 02:21:31,1,43919.68,138.0,1,0,0,15.0
TXN1006664,retry,2026-05-17 16:56:21,0,0.0,,4,1,1,2.0
TXN1006664,reminder,2026-05-17 17:09:21,1,3039.77,172.0,3,0,0,1.0
TXN1006664,escalation,2026-05-17 17:19:21,0,0.0,,3,1,0,15.0
TXN1006666,retry,2026-03-04 00:10:14,1,3077.19,255.0,2,0,0,2.0
TXN1006666,reminder,2026-03-03 22:33:14,1,3077.19,324.0,1,0,0,1.0
TXN1006666,escalation,2026-03-04 00:05:14,0,0.0,,1,1,0,15.0
TXN1006670,retry,2026-06-06 13:51:47,1,4531.59,24.0,2,0,0,2.0
TXN1006670,reminder,2026-06-06 13:55:47,1,4531.59,186.0,1,0,0,1.0
TXN1006670,escalation,2026-06-06 13:54:47,1,4531.59,156.0,1,0,0,15.0
TXN1006677,retry,2026-05-07 19:14:00,0,0.0,,3,1,0,2.0
TXN1006677,reminder,2026-05-07 18:57:00,1,2200.72,204.0,2,0,0,1.0
TXN1006677,escalation,2026-05-07 16:54:00,0,0.0,,2,1,0,15.0
TXN1006678,retry,2026-06-03 13:58:26,0,0.0,,4,1,1,2.0
TXN1006678,reminder,2026-06-03 13:59:26,1,3847.06,315.0,3,0,0,1.0
TXN1006678,escalation,2026-06-03 13:18:26,0,0.0,,3,1,0,15.0
TXN1006679,retry,2026-01-14 22:00:58,0,0.0,,3,1,0,2.0
TXN1006679,reminder,2026-01-14 23:18:58,0,0.0,,2,1,0,1.0
TXN1006679,escalation,2026-01-14 21:47:58,1,23385.21,105.0,2,0,0,15.0
TXN1006680,retry,2026-06-15 03:40:53,1,6919.25,208.0,2,0,0,2.0
TXN1006680,reminder,2026-06-15 03:43:53,1,6919.25,98.0,1,0,0,1.0
TXN1006680,escalation,2026-06-15 02:49:53,0,0.0,,1,1,0,15.0
TXN1006682,retry,2026-04-06 03:24:12,1,1989.21,161.0,3,0,0,2.0
TXN1006682,reminder,2026-04-06 01:27:12,0,0.0,,2,1,0,1.0
TXN1006682,escalation,2026-04-06 01:48:12,0,0.0,,2,1,0,15.0
TXN1006683,retry,2026-04-29 09:14:36,0,0.0,,2,1,0,2.0
TXN1006683,reminder,2026-04-29 07:36:36,0,0.0,,1,1,0,1.0
TXN1006683,escalation,2026-04-29 06:56:36,0,0.0,,1,1,0,15.0
TXN1006684,retry,2026-03-01 02:54:45,0,0.0,,4,1,1,2.0
TXN1006684,reminder,2026-03-01 00:15:45,1,4284.09,108.0,3,0,0,1.0
TXN1006684,escalation,2026-03-01 01:49:45,1,4284.09,345.0,3,0,0,15.0
TXN1006685,retry,2026-05-04 00:07:22,1,8569.48,169.0,3,0,0,2.0
TXN1006685,reminder,2026-05-04 02:12:22,1,8569.48,115.0,2,0,0,1.0
TXN1006685,escalation,2026-05-04 00:33:22,1,8569.48,103.0,2,0,0,15.0
TXN1006686,retry,2026-03-06 18:04:37,0,0.0,,5,1,1,2.0
TXN1006686,reminder,2026-03-06 17:37:37,0,0.0,,4,1,0,1.0
TXN1006686,escalation,2026-03-06 18:11:37,0,0.0,,4,1,0,15.0
TXN1006687,retry,2026-03-16 00:46:12,0,0.0,,3,1,0,2.0
TXN1006687,reminder,2026-03-16 02:22:12,0,0.0,,2,1,0,1.0
TXN1006687,escalation,2026-03-16 02:28:12,1,8483.77,95.0,2,0,0,15.0
TXN1006688,retry,2026-01-11 09:35:52,1,2830.05,94.0,2,0,0,2.0
TXN1006688,reminder,2026-01-11 09:18:52,1,2830.05,265.0,1,0,0,1.0
TXN1006688,escalation,2026-01-11 10:44:52,0,0.0,,1,1,0,15.0
TXN1006691,retry,2026-06-24 23:48:31,0,0.0,,2,1,0,2.0
TXN1006691,reminder,2026-06-24 21:41:31,0,0.0,,1,1,0,1.0
TXN1006691,escalation,2026-06-24 23:20:31,1,8529.76,93.0,1,0,0,15.0
TXN1006692,retry,2026-02-20 01:09:16,1,11114.82,43.0,2,0,0,2.0
TXN1006692,reminder,2026-02-20 00:55:16,0,0.0,,1,1,0,1.0
TXN1006692,escalation,2026-02-20 00:44:16,0,0.0,,1,1,0,15.0
TXN1006693,retry,2026-01-28 15:24:25,0,0.0,,3,1,0,2.0
TXN1006693,reminder,2026-01-28 15:35:25,0,0.0,,2,1,0,1.0
TXN1006693,escalation,2026-01-28 14:30:25,1,5118.44,239.0,2,0,0,15.0
TXN1006696,retry,2026-05-17 02:30:53,1,2062.77,63.0,3,0,0,2.0
TXN1006696,reminder,2026-05-17 02:32:53,1,2062.77,273.0,2,0,0,1.0
TXN1006696,escalation,2026-05-17 02:24:53,0,0.0,,2,1,0,15.0
TXN1006704,retry,2026-06-19 19:17:56,0,0.0,,4,1,1,2.0
TXN1006704,reminder,2026-06-19 18:06:56,1,9192.31,108.0,3,0,0,1.0
TXN1006704,escalation,2026-06-19 18:21:56,0,0.0,,3,1,0,15.0
TXN1006706,retry,2026-06-12 14:09:51,1,7702.26,316.0,2,0,0,2.0
TXN1006706,reminder,2026-06-12 13:56:51,0,0.0,,1,1,0,1.0
TXN1006706,escalation,2026-06-12 13:55:51,0,0.0,,1,1,0,15.0
TXN1006708,retry,2026-05-12 23:24:01,1,6196.96,145.0,2,0,0,2.0
TXN1006708,reminder,2026-05-13 00:38:01,1,6196.96,157.0,1,0,0,1.0
TXN1006708,escalation,2026-05-12 23:24:01,0,0.0,,1,1,0,15.0
TXN1006713,retry,2026-03-15 12:54:58,1,6313.54,59.0,2,0,0,2.0
TXN1006713,reminder,2026-03-15 11:58:58,1,6313.54,307.0,1,0,0,1.0
TXN1006713,escalation,2026-03-15 12:30:58,1,6313.54,279.0,1,0,0,15.0
TXN1006718,retry,2026-04-27 23:50:05,1,3268.95,201.0,2,0,0,2.0
TXN1006718,reminder,2026-04-27 21:39:05,1,3268.95,261.0,1,0,0,1.0
TXN1006718,escalation,2026-04-27 23:38:05,0,0.0,,1,1,0,15.0
TXN1006719,retry,2026-01-18 01:17:30,1,1573.04,353.0,2,0,0,2.0
TXN1006719,reminder,2026-01-18 00:09:30,1,1573.04,207.0,1,0,0,1.0
TXN1006719,escalation,2026-01-18 00:17:30,0,0.0,,1,1,0,15.0
TXN1006723,retry,2026-01-27 22:47:49,1,2557.68,294.0,2,0,0,2.0
TXN1006723,reminder,2026-01-27 22:12:49,0,0.0,,1,1,0,1.0
TXN1006723,escalation,2026-01-27 23:32:49,0,0.0,,1,1,0,15.0
TXN1006725,retry,2026-04-23 16:14:14,0,0.0,,2,1,0,2.0
TXN1006725,reminder,2026-04-23 14:47:14,1,19555.77,2.0,1,0,0,1.0
TXN1006725,escalation,2026-04-23 13:52:14,0,0.0,,1,1,0,15.0
TXN1006726,retry,2026-02-03 06:26:18,0,0.0,,2,1,0,2.0
TXN1006726,reminder,2026-02-03 07:12:18,0,0.0,,1,1,0,1.0
TXN1006726,escalation,2026-02-03 05:56:18,0,0.0,,1,1,0,15.0
TXN1006729,retry,2026-05-14 17:19:51,1,1978.81,184.0,2,0,0,2.0
TXN1006729,reminder,2026-05-14 15:00:51,1,1978.81,260.0,1,0,0,1.0
TXN1006729,escalation,2026-05-14 14:32:51,1,1978.81,269.0,1,0,0,15.0
TXN1006734,retry,2026-06-02 17:46:12,1,4576.66,248.0,3,0,0,2.0
TXN1006734,reminder,2026-06-02 16:59:12,0,0.0,,2,1,0,1.0
TXN1006734,escalation,2026-06-02 17:09:12,0,0.0,,2,1,0,15.0
TXN1006735,retry,2026-04-20 12:38:43,1,7955.75,132.0,2,0,0,2.0
TXN1006735,reminder,2026-04-20 13:54:43,1,7955.75,42.0,1,0,0,1.0
TXN1006735,escalation,2026-04-20 13:23:43,1,7955.75,310.0,1,0,0,15.0
TXN1006736,retry,2026-01-10 07:29:29,0,0.0,,4,1,1,2.0
TXN1006736,reminder,2026-01-10 06:22:29,0,0.0,,3,1,0,1.0
TXN1006736,escalation,2026-01-10 07:17:29,0,0.0,,3,1,0,15.0
TXN1006739,retry,2026-06-21 16:48:46,1,2504.65,243.0,4,0,1,2.0
TXN1006739,reminder,2026-06-21 16:00:46,1,2504.65,156.0,3,0,0,1.0
TXN1006739,escalation,2026-06-21 15:29:46,0,0.0,,3,1,0,15.0
TXN1006743,retry,2026-03-21 03:33:09,1,1916.24,117.0,2,0,0,2.0
TXN1006743,reminder,2026-03-21 03:38:09,1,1916.24,26.0,1,0,0,1.0
TXN1006743,escalation,2026-03-21 04:23:09,1,1916.24,139.0,1,0,0,15.0
TXN1006745,retry,2026-02-09 20:01:03,1,2967.32,205.0,2,0,0,2.0
TXN1006745,reminder,2026-02-09 18:42:03,1,2967.32,33.0,1,0,0,1.0
TXN1006745,escalation,2026-02-09 19:12:03,1,2967.32,268.0,1,0,0,15.0
TXN1006750,retry,2026-06-22 07:12:29,1,27263.07,202.0,3,0,0,2.0
TXN1006750,reminder,2026-06-22 08:26:29,1,27263.07,318.0,2,0,0,1.0
TXN1006750,escalation,2026-06-22 08:57:29,0,0.0,,2,1,0,15.0
TXN1006752,retry,2026-04-20 08:57:49,0,0.0,,2,1,0,2.0
TXN1006752,reminder,2026-04-20 08:16:49,0,0.0,,1,1,0,1.0
TXN1006752,escalation,2026-04-20 08:14:49,1,2091.24,277.0,1,0,0,15.0
TXN1006753,retry,2026-01-12 00:25:27,1,1713.8,270.0,2,0,0,2.0
TXN1006753,reminder,2026-01-12 01:35:27,1,1713.8,272.0,1,0,0,1.0
TXN1006753,escalation,2026-01-12 01:32:27,1,1713.8,79.0,1,0,0,15.0
TXN1006756,retry,2026-04-06 15:58:05,1,2716.44,167.0,2,0,0,2.0
TXN1006756,reminder,2026-04-06 16:14:05,1,2716.44,352.0,1,0,0,1.0
TXN1006756,escalation,2026-04-06 15:30:05,1,2716.44,69.0,1,0,0,15.0
TXN1006757,retry,2026-01-27 12:42:08,1,4645.41,71.0,2,0,0,2.0
TXN1006757,reminder,2026-01-27 13:02:08,1,4645.41,325.0,1,0,0,1.0
TXN1006757,escalation,2026-01-27 14:12:08,1,4645.41,315.0,1,0,0,15.0
TXN1006759,retry,2026-05-27 00:31:36,0,0.0,,2,1,0,2.0
TXN1006759,reminder,2026-05-26 23:37:36,0,0.0,,1,1,0,1.0
TXN1006759,escalation,2026-05-26 23:48:36,1,3721.45,151.0,1,0,0,15.0
TXN1006761,retry,2026-02-24 09:09:18,1,2542.44,105.0,2,0,0,2.0
TXN1006761,reminder,2026-02-24 10:32:18,1,2542.44,64.0,1,0,0,1.0
TXN1006761,escalation,2026-02-24 10:53:18,1,2542.44,135.0,1,0,0,15.0
TXN1006762,retry,2026-01-25 10:39:49,1,4862.64,103.0,3,0,0,2.0
TXN1006762,reminder,2026-01-25 07:53:49,1,4862.64,104.0,2,0,0,1.0
TXN1006762,escalation,2026-01-25 07:58:49,0,0.0,,2,1,0,15.0
TXN1006765,retry,2026-01-03 23:31:44,1,9222.37,115.0,2,0,0,2.0
TXN1006765,reminder,2026-01-03 22:15:44,1,9222.37,12.0,1,0,0,1.0
TXN1006765,escalation,2026-01-03 22:25:44,1,9222.37,186.0,1,0,0,15.0
TXN1006766,retry,2026-02-01 10:29:09,1,12608.65,274.0,3,0,0,2.0
TXN1006766,reminder,2026-02-01 08:23:09,1,12608.65,31.0,2,0,0,1.0
TXN1006766,escalation,2026-02-01 08:02:09,1,12608.65,137.0,2,0,0,15.0
TXN1006775,retry,2026-06-12 02:24:36,0,0.0,,2,1,0,2.0
TXN1006775,reminder,2026-06-12 02:59:36,0,0.0,,1,1,0,1.0
TXN1006775,escalation,2026-06-12 01:47:36,1,947.34,186.0,1,0,0,15.0
TXN1006777,retry,2026-05-02 06:06:23,1,6026.44,31.0,3,0,0,2.0
TXN1006777,reminder,2026-05-02 05:28:23,0,0.0,,2,1,0,1.0
TXN1006777,escalation,2026-05-02 06:40:23,0,0.0,,2,1,0,15.0
TXN1006779,retry,2026-04-01 08:35:45,0,0.0,,3,1,0,2.0
TXN1006779,reminder,2026-04-01 10:21:45,0,0.0,,2,1,0,1.0
TXN1006779,escalation,2026-04-01 08:39:45,1,710.09,290.0,2,0,0,15.0
TXN1006780,retry,2026-01-03 17:52:58,0,0.0,,2,1,0,2.0
TXN1006780,reminder,2026-01-03 18:14:58,0,0.0,,1,1,0,1.0
TXN1006780,escalation,2026-01-03 16:25:58,1,20874.61,122.0,1,0,0,15.0
TXN1006782,retry,2026-03-20 03:46:50,1,2568.4,313.0,2,0,0,2.0
TXN1006782,reminder,2026-03-20 03:17:50,0,0.0,,1,1,0,1.0
TXN1006782,escalation,2026-03-20 04:16:50,0,0.0,,1,1,0,15.0
TXN1006788,retry,2026-02-09 08:02:40,0,0.0,,2,1,0,2.0
TXN1006788,reminder,2026-02-09 09:35:40,0,0.0,,1,1,0,1.0
TXN1006788,escalation,2026-02-09 08:36:40,1,6316.28,37.0,1,0,0,15.0
TXN1006790,retry,2026-04-21 17:02:29,0,0.0,,4,1,1,2.0
TXN1006790,reminder,2026-04-21 17:35:29,0,0.0,,3,1,0,1.0
TXN1006790,escalation,2026-04-21 18:02:29,0,0.0,,3,1,0,15.0
TXN1006794,retry,2026-06-24 10:04:33,0,0.0,,2,1,0,2.0
TXN1006794,reminder,2026-06-24 09:52:33,0,0.0,,1,1,0,1.0
TXN1006794,escalation,2026-06-24 11:52:33,0,0.0,,1,1,0,15.0
TXN1006795,retry,2026-05-25 21:25:44,1,9946.65,42.0,2,0,0,2.0
TXN1006795,reminder,2026-05-25 21:03:44,1,9946.65,163.0,1,0,0,1.0
TXN1006795,escalation,2026-05-25 23:48:44,1,9946.65,24.0,1,0,0,15.0
TXN1006796,retry,2026-04-01 21:44:20,0,0.0,,4,1,1,2.0
TXN1006796,reminder,2026-04-01 23:18:20,1,1926.52,80.0,3,0,0,1.0
TXN1006796,escalation,2026-04-01 23:18:20,1,1926.52,95.0,3,0,0,15.0
TXN1006798,retry,2026-06-01 17:29:40,0,0.0,,2,1,0,2.0
TXN1006798,reminder,2026-06-01 18:51:40,0,0.0,,1,1,0,1.0
TXN1006798,escalation,2026-06-01 19:14:40,0,0.0,,1,1,0,15.0
TXN1006800,retry,2026-06-18 12:18:24,1,3519.48,110.0,3,0,0,2.0
TXN1006800,reminder,2026-06-18 10:24:24,0,0.0,,2,1,0,1.0
TXN1006800,escalation,2026-06-18 10:31:24,0,0.0,,2,1,0,15.0
TXN1006809,retry,2026-05-24 19:24:19,1,4511.47,287.0,2,0,0,2.0
TXN1006809,reminder,2026-05-24 19:14:19,1,4511.47,22.0,1,0,0,1.0
TXN1006809,escalation,2026-05-24 17:39:19,1,4511.47,111.0,1,0,0,15.0
TXN1006810,retry,2026-05-29 23:45:33,1,3657.36,318.0,4,0,1,2.0
TXN1006810,reminder,2026-05-30 00:27:33,0,0.0,,3,1,0,1.0
TXN1006810,escalation,2026-05-29 22:29:33,1,3657.36,5.0,3,0,0,15.0
TXN1006811,retry,2026-02-27 04:35:51,1,13016.55,270.0,3,0,0,2.0
TXN1006811,reminder,2026-02-27 03:57:51,0,0.0,,2,1,0,1.0
TXN1006811,escalation,2026-02-27 04:24:51,1,13016.55,150.0,2,0,0,15.0
TXN1006814,retry,2026-05-28 07:35:13,1,1423.7,182.0,2,0,0,2.0
TXN1006814,reminder,2026-05-28 07:03:13,1,1423.7,314.0,1,0,0,1.0
TXN1006814,escalation,2026-05-28 07:55:13,0,0.0,,1,1,0,15.0
TXN1006815,retry,2026-03-05 17:28:41,0,0.0,,3,1,0,2.0
TXN1006815,reminder,2026-03-05 16:10:41,1,2112.78,102.0,2,0,0,1.0
TXN1006815,escalation,2026-03-05 16:11:41,1,2112.78,124.0,2,0,0,15.0
TXN1006816,retry,2026-02-20 00:55:38,0,0.0,,2,1,0,2.0
TXN1006816,reminder,2026-02-20 03:16:38,0,0.0,,1,1,0,1.0
TXN1006816,escalation,2026-02-20 02:53:38,0,0.0,,1,1,0,15.0
TXN1006817,retry,2026-01-14 13:18:23,1,1025.44,86.0,3,0,0,2.0
TXN1006817,reminder,2026-01-14 10:45:23,0,0.0,,2,1,0,1.0
TXN1006817,escalation,2026-01-14 10:47:23,1,1025.44,216.0,2,0,0,15.0
TXN1006819,retry,2026-01-25 00:04:36,1,9345.07,25.0,2,0,0,2.0
TXN1006819,reminder,2026-01-24 23:59:36,0,0.0,,1,1,0,1.0
TXN1006819,escalation,2026-01-25 00:14:36,0,0.0,,1,1,0,15.0
TXN1006820,retry,2026-06-09 15:41:03,1,18398.85,320.0,2,0,0,2.0
TXN1006820,reminder,2026-06-09 14:47:03,1,18398.85,172.0,1,0,0,1.0
TXN1006820,escalation,2026-06-09 17:26:03,0,0.0,,1,1,0,15.0
TXN1006825,retry,2026-02-15 04:57:16,1,9264.5,232.0,4,0,1,2.0
TXN1006825,reminder,2026-02-15 05:51:16,0,0.0,,3,1,0,1.0
TXN1006825,escalation,2026-02-15 06:01:16,0,0.0,,3,1,0,15.0
TXN1006826,retry,2026-03-23 13:56:46,1,19502.28,294.0,2,0,0,2.0
TXN1006826,reminder,2026-03-23 13:58:46,0,0.0,,1,1,0,1.0
TXN1006826,escalation,2026-03-23 14:57:46,0,0.0,,1,1,0,15.0
TXN1006827,retry,2026-01-16 21:47:39,1,6156.55,280.0,3,0,0,2.0
TXN1006827,reminder,2026-01-16 19:12:39,0,0.0,,2,1,0,1.0
TXN1006827,escalation,2026-01-16 21:20:39,1,6156.55,33.0,2,0,0,15.0
TXN1006828,retry,2026-04-05 07:32:10,1,11600.54,318.0,4,0,1,2.0
TXN1006828,reminder,2026-04-05 09:03:10,0,0.0,,3,1,0,1.0
TXN1006828,escalation,2026-04-05 06:12:10,0,0.0,,3,1,0,15.0
TXN1006832,retry,2026-04-29 02:48:26,1,24920.26,119.0,2,0,0,2.0
TXN1006832,reminder,2026-04-29 02:33:26,0,0.0,,1,1,0,1.0
TXN1006832,escalation,2026-04-29 02:36:26,0,0.0,,1,1,0,15.0
TXN1006835,retry,2026-02-18 03:02:25,1,14827.81,275.0,3,0,0,2.0
TXN1006835,reminder,2026-02-18 02:29:25,1,14827.81,96.0,2,0,0,1.0
TXN1006835,escalation,2026-02-18 02:52:25,0,0.0,,2,1,0,15.0
TXN1006837,retry,2026-04-18 15:15:50,1,3679.95,84.0,3,0,0,2.0
TXN1006837,reminder,2026-04-18 16:31:50,0,0.0,,2,1,0,1.0
TXN1006837,escalation,2026-04-18 15:27:50,0,0.0,,2,1,0,15.0
TXN1006838,retry,2026-04-01 06:57:52,1,1315.11,218.0,2,0,0,2.0
TXN1006838,reminder,2026-04-01 05:40:52,1,1315.11,52.0,1,0,0,1.0
TXN1006838,escalation,2026-04-01 05:24:52,1,1315.11,207.0,1,0,0,15.0
TXN1006839,retry,2026-03-12 07:19:36,1,4935.12,29.0,2,0,0,2.0
TXN1006839,reminder,2026-03-12 07:12:36,1,4935.12,323.0,1,0,0,1.0
TXN1006839,escalation,2026-03-12 07:48:36,0,0.0,,1,1,0,15.0
TXN1006851,retry,2026-04-27 13:51:49,1,3672.72,30.0,2,0,0,2.0
TXN1006851,reminder,2026-04-27 12:19:49,0,0.0,,1,1,0,1.0
TXN1006851,escalation,2026-04-27 13:18:49,0,0.0,,1,1,0,15.0
TXN1006854,retry,2026-05-05 15:46:56,0,0.0,,3,1,0,2.0
TXN1006854,reminder,2026-05-05 15:38:56,0,0.0,,2,1,0,1.0
TXN1006854,escalation,2026-05-05 15:44:56,0,0.0,,2,1,0,15.0
TXN1006855,retry,2026-06-28 08:59:47,0,0.0,,3,1,0,2.0
TXN1006855,reminder,2026-06-28 08:47:47,0,0.0,,2,1,0,1.0
TXN1006855,escalation,2026-06-28 07:31:47,1,1222.34,166.0,2,0,0,15.0
TXN1006856,retry,2026-01-21 15:03:58,0,0.0,,2,1,0,2.0
TXN1006856,reminder,2026-01-21 15:10:58,1,21653.65,124.0,1,0,0,1.0
TXN1006856,escalation,2026-01-21 15:50:58,1,21653.65,112.0,1,0,0,15.0
TXN1006857,retry,2026-02-24 19:44:24,0,0.0,,3,1,0,2.0
TXN1006857,reminder,2026-02-24 19:02:24,0,0.0,,2,1,0,1.0
TXN1006857,escalation,2026-02-24 17:46:24,0,0.0,,2,1,0,15.0
TXN1006858,retry,2026-01-24 05:01:43,0,0.0,,3,1,0,2.0
TXN1006858,reminder,2026-01-24 03:43:43,0,0.0,,2,1,0,1.0
TXN1006858,escalation,2026-01-24 04:56:43,1,762.81,224.0,2,0,0,15.0
TXN1006859,retry,2026-06-17 07:47:21,0,0.0,,2,1,0,2.0
TXN1006859,reminder,2026-06-17 07:26:21,1,20653.93,197.0,1,0,0,1.0
TXN1006859,escalation,2026-06-17 05:28:21,1,20653.93,324.0,1,0,0,15.0
TXN1006860,retry,2026-04-11 12:38:32,1,4563.78,264.0,2,0,0,2.0
TXN1006860,reminder,2026-04-11 14:01:32,1,4563.78,135.0,1,0,0,1.0
TXN1006860,escalation,2026-04-11 11:28:32,1,4563.78,43.0,1,0,0,15.0
TXN1006861,retry,2026-05-10 08:17:55,0,0.0,,5,1,1,2.0
TXN1006861,reminder,2026-05-10 08:29:55,1,5975.52,138.0,4,0,0,1.0
TXN1006861,escalation,2026-05-10 08:06:55,1,5975.52,88.0,4,0,0,15.0
TXN1006862,retry,2026-04-29 10:01:07,1,1595.49,299.0,3,0,0,2.0
TXN1006862,reminder,2026-04-29 09:02:07,0,0.0,,2,1,0,1.0
TXN1006862,escalation,2026-04-29 10:09:07,0,0.0,,2,1,0,15.0
TXN1006863,retry,2026-05-30 11:34:38,1,19817.59,129.0,5,0,1,2.0
TXN1006863,reminder,2026-05-30 12:46:38,1,19817.59,6.0,4,0,0,1.0
TXN1006863,escalation,2026-05-30 13:57:38,1,19817.59,208.0,4,0,0,15.0
TXN1006865,retry,2026-02-17 08:28:02,1,3457.79,113.0,2,0,0,2.0
TXN1006865,reminder,2026-02-17 05:51:02,1,3457.79,246.0,1,0,0,1.0
TXN1006865,escalation,2026-02-17 08:10:02,1,3457.79,247.0,1,0,0,15.0
TXN1006869,retry,2026-04-10 12:42:08,0,0.0,,2,1,0,2.0
TXN1006869,reminder,2026-04-10 12:44:08,0,0.0,,1,1,0,1.0
TXN1006869,escalation,2026-04-10 15:05:08,1,222.01,343.0,1,0,1,15.0
TXN1006871,retry,2026-04-25 09:16:50,0,0.0,,4,1,1,2.0
TXN1006871,reminder,2026-04-25 08:13:50,0,0.0,,3,1,0,1.0
TXN1006871,escalation,2026-04-25 07:35:50,0,0.0,,3,1,0,15.0
TXN1006874,retry,2026-06-13 17:23:52,0,0.0,,2,1,0,2.0
TXN1006874,reminder,2026-06-13 15:56:52,1,1870.6,8.0,1,0,0,1.0
TXN1006874,escalation,2026-06-13 16:54:52,1,1870.6,82.0,1,0,0,15.0
TXN1006876,retry,2026-03-30 03:27:26,1,1792.06,171.0,3,0,0,2.0
TXN1006876,reminder,2026-03-30 04:27:26,0,0.0,,2,1,0,1.0
TXN1006876,escalation,2026-03-30 03:29:26,0,0.0,,2,1,0,15.0
TXN1006877,retry,2026-05-03 13:45:07,1,7191.35,167.0,2,0,0,2.0
TXN1006877,reminder,2026-05-03 11:42:07,1,7191.35,120.0,1,0,0,1.0
TXN1006877,escalation,2026-05-03 13:15:07,1,7191.35,178.0,1,0,0,15.0
TXN1006882,retry,2026-01-19 00:16:23,0,0.0,,3,1,0,2.0
TXN1006882,reminder,2026-01-19 00:17:23,0,0.0,,2,1,0,1.0
TXN1006882,escalation,2026-01-18 23:54:23,0,0.0,,2,1,0,15.0
TXN1006885,retry,2026-03-09 08:31:00,0,0.0,,3,1,0,2.0
TXN1006885,reminder,2026-03-09 08:04:00,1,2306.91,91.0,2,0,0,1.0
TXN1006885,escalation,2026-03-09 07:31:00,0,0.0,,2,1,0,15.0
TXN1006886,retry,2026-04-05 23:13:55,0,0.0,,2,1,0,2.0
TXN1006886,reminder,2026-04-05 20:46:55,0,0.0,,1,1,0,1.0
TXN1006886,escalation,2026-04-05 22:57:55,0,0.0,,1,1,0,15.0
TXN1006892,retry,2026-02-05 09:31:07,0,0.0,,5,1,1,2.0
TXN1006892,reminder,2026-02-05 09:19:07,0,0.0,,4,1,0,1.0
TXN1006892,escalation,2026-02-05 08:30:07,1,5692.51,251.0,4,0,0,15.0
TXN1006893,retry,2026-01-02 07:08:28,0,0.0,,2,1,0,2.0
TXN1006893,reminder,2026-01-02 07:07:28,1,10088.3,40.0,1,0,0,1.0
TXN1006893,escalation,2026-01-02 06:43:28,1,10088.3,182.0,1,0,0,15.0
TXN1006897,retry,2026-02-25 00:52:05,0,0.0,,2,1,0,2.0
TXN1006897,reminder,2026-02-25 00:57:05,1,6735.36,147.0,1,0,0,1.0
TXN1006897,escalation,2026-02-25 01:03:05,0,0.0,,1,1,0,15.0
TXN1006898,retry,2026-04-24 06:40:11,1,10838.16,219.0,3,0,0,2.0
TXN1006898,reminder,2026-04-24 07:27:11,1,10838.16,291.0,2,0,0,1.0
TXN1006898,escalation,2026-04-24 07:37:11,0,0.0,,2,1,0,15.0
TXN1006899,retry,2026-05-28 15:48:23,1,3442.96,279.0,3,0,0,2.0
TXN1006899,reminder,2026-05-28 17:15:23,0,0.0,,2,1,0,1.0
TXN1006899,escalation,2026-05-28 15:10:23,0,0.0,,2,1,0,15.0
TXN1006902,retry,2026-01-22 18:33:42,0,0.0,,2,1,0,2.0
TXN1006902,reminder,2026-01-22 18:57:42,0,0.0,,1,1,0,1.0
TXN1006902,escalation,2026-01-22 17:48:42,1,602.23,255.0,1,0,0,15.0
TXN1006906,retry,2026-02-01 01:41:34,1,12021.32,342.0,2,0,0,2.0
TXN1006906,reminder,2026-02-01 01:54:34,0,0.0,,1,1,0,1.0
TXN1006906,escalation,2026-02-01 01:00:34,1,12021.32,295.0,1,0,0,15.0
TXN1006908,retry,2026-05-29 07:48:08,1,7610.12,305.0,3,0,0,2.0
TXN1006908,reminder,2026-05-29 09:11:08,0,0.0,,2,1,0,1.0
TXN1006908,escalation,2026-05-29 10:28:08,0,0.0,,2,1,0,15.0
TXN1006910,retry,2026-04-24 21:44:51,0,0.0,,5,1,1,2.0
TXN1006910,reminder,2026-04-24 22:28:51,1,4094.67,22.0,4,0,0,1.0
TXN1006910,escalation,2026-04-24 21:57:51,0,0.0,,4,1,0,15.0
TXN1006911,retry,2026-04-03 17:20:34,1,4847.25,161.0,2,0,0,2.0
TXN1006911,reminder,2026-04-03 19:08:34,1,4847.25,223.0,1,0,0,1.0
TXN1006911,escalation,2026-04-03 17:44:34,1,4847.25,158.0,1,0,0,15.0
TXN1006912,retry,2026-01-24 14:26:29,0,0.0,,5,1,1,2.0
TXN1006912,reminder,2026-01-24 13:53:29,0,0.0,,4,1,0,1.0
TXN1006912,escalation,2026-01-24 16:02:29,1,1421.28,170.0,4,0,0,15.0
TXN1006915,retry,2026-04-30 15:44:06,0,0.0,,2,1,0,2.0
TXN1006915,reminder,2026-04-30 14:46:06,0,0.0,,1,1,0,1.0
TXN1006915,escalation,2026-04-30 15:54:06,1,5655.16,58.0,1,0,0,15.0
TXN1006918,retry,2026-04-01 14:58:09,0,0.0,,2,1,0,2.0
TXN1006918,reminder,2026-04-01 13:26:09,1,858.42,54.0,1,0,0,1.0
TXN1006918,escalation,2026-04-01 12:59:09,0,0.0,,1,1,0,15.0
TXN1006919,retry,2026-04-29 00:20:10,1,3800.45,225.0,3,0,0,2.0
TXN1006919,reminder,2026-04-29 01:04:10,1,3800.45,10.0,2,0,0,1.0
TXN1006919,escalation,2026-04-29 02:13:10,0,0.0,,2,1,0,15.0
TXN1006920,retry,2026-02-13 09:06:57,1,8251.77,279.0,4,0,1,2.0
TXN1006920,reminder,2026-02-13 10:34:57,0,0.0,,3,1,0,1.0
TXN1006920,escalation,2026-02-13 09:13:57,1,8251.77,169.0,3,0,0,15.0
TXN1006924,retry,2026-03-23 08:24:03,0,0.0,,2,1,0,2.0
TXN1006924,reminder,2026-03-23 10:28:03,1,7841.4,259.0,1,0,0,1.0
TXN1006924,escalation,2026-03-23 07:45:03,1,7841.4,168.0,1,0,0,15.0
TXN1006925,retry,2026-04-11 01:23:18,0,0.0,,2,1,0,2.0
TXN1006925,reminder,2026-04-11 02:05:18,1,470.09,35.0,1,0,0,1.0
TXN1006925,escalation,2026-04-11 03:27:18,0,0.0,,1,1,1,15.0
TXN1006928,retry,2026-05-13 19:48:27,1,1938.79,237.0,2,0,0,2.0
TXN1006928,reminder,2026-05-13 19:32:27,1,1938.79,184.0,1,0,0,1.0
TXN1006928,escalation,2026-05-13 17:35:27,0,0.0,,1,1,0,15.0
TXN1006931,retry,2026-03-17 07:03:11,1,2271.12,138.0,2,0,0,2.0
TXN1006931,reminder,2026-03-17 08:14:11,0,0.0,,1,1,0,1.0
TXN1006931,escalation,2026-03-17 07:48:11,0,0.0,,1,1,0,15.0
TXN1006933,retry,2026-02-05 06:57:31,0,0.0,,2,1,0,2.0
TXN1006933,reminder,2026-02-05 06:58:31,0,0.0,,1,1,0,1.0
TXN1006933,escalation,2026-02-05 05:09:31,0,0.0,,1,1,0,15.0
TXN1006934,retry,2026-02-09 11:18:00,1,3815.02,199.0,3,0,0,2.0
TXN1006934,reminder,2026-02-09 12:28:00,1,3815.02,207.0,2,0,0,1.0
TXN1006934,escalation,2026-02-09 12:01:00,0,0.0,,2,1,0,15.0
TXN1006935,retry,2026-01-14 02:01:33,0,0.0,,3,1,0,2.0
TXN1006935,reminder,2026-01-14 03:20:33,1,1184.92,160.0,2,0,0,1.0
TXN1006935,escalation,2026-01-14 02:31:33,1,1184.92,275.0,2,0,0,15.0
TXN1006937,retry,2026-03-04 17:10:38,0,0.0,,2,1,0,2.0
TXN1006937,reminder,2026-03-04 15:45:38,0,0.0,,1,1,0,1.0
TXN1006937,escalation,2026-03-04 16:01:38,0,0.0,,1,1,0,15.0
TXN1006938,retry,2026-01-24 20:42:37,0,0.0,,4,1,1,2.0
TXN1006938,reminder,2026-01-24 20:34:37,0,0.0,,3,1,0,1.0
TXN1006938,escalation,2026-01-24 20:59:37,0,0.0,,3,1,0,15.0
TXN1006939,retry,2026-04-14 20:13:23,0,0.0,,2,1,0,2.0
TXN1006939,reminder,2026-04-14 19:59:23,1,2287.15,191.0,1,0,0,1.0
TXN1006939,escalation,2026-04-14 19:06:23,0,0.0,,1,1,0,15.0
TXN1006941,retry,2026-05-07 16:06:29,1,5463.84,66.0,2,0,0,2.0
TXN1006941,reminder,2026-05-07 15:01:29,1,5463.84,229.0,1,0,0,1.0
TXN1006941,escalation,2026-05-07 14:18:29,0,0.0,,1,1,0,15.0
TXN1006942,retry,2026-01-03 00:17:38,1,8464.54,211.0,2,0,0,2.0
TXN1006942,reminder,2026-01-02 23:09:38,1,8464.54,154.0,1,0,0,1.0
TXN1006942,escalation,2026-01-02 22:29:38,1,8464.54,203.0,1,0,0,15.0
TXN1006944,retry,2026-03-08 06:49:50,0,0.0,,2,1,0,2.0
TXN1006944,reminder,2026-03-08 05:55:50,1,2148.77,34.0,1,0,0,1.0
TXN1006944,escalation,2026-03-08 05:21:50,0,0.0,,1,1,0,15.0
TXN1006954,retry,2026-05-05 15:37:41,1,1607.79,89.0,2,0,0,2.0
TXN1006954,reminder,2026-05-05 14:05:41,0,0.0,,1,1,0,1.0
TXN1006954,escalation,2026-05-05 15:04:41,1,1607.79,340.0,1,0,0,15.0
TXN1006956,retry,2026-06-04 20:34:35,1,2768.54,24.0,2,0,0,2.0
TXN1006956,reminder,2026-06-04 21:40:35,0,0.0,,1,1,0,1.0
TXN1006956,escalation,2026-06-04 21:44:35,1,2768.54,317.0,1,0,0,15.0
TXN1006957,retry,2026-03-21 13:54:42,1,8212.82,269.0,2,0,0,2.0
TXN1006957,reminder,2026-03-21 13:09:42,1,8212.82,250.0,1,0,0,1.0
TXN1006957,escalation,2026-03-21 13:10:42,0,0.0,,1,1,0,15.0
TXN1006958,retry,2026-06-17 15:31:09,1,25996.8,268.0,2,0,0,2.0
TXN1006958,reminder,2026-06-17 16:54:09,0,0.0,,1,1,0,1.0
TXN1006958,escalation,2026-06-17 17:03:09,1,25996.8,214.0,1,0,0,15.0
TXN1006959,retry,2026-01-01 01:18:43,1,6828.07,236.0,2,0,0,2.0
TXN1006959,reminder,2026-01-01 00:54:43,0,0.0,,1,1,0,1.0
TXN1006959,escalation,2026-01-01 03:03:43,0,0.0,,1,1,0,15.0
TXN1006960,retry,2026-06-03 09:48:27,1,4523.99,278.0,2,0,0,2.0
TXN1006960,reminder,2026-06-03 11:47:27,0,0.0,,1,1,0,1.0
TXN1006960,escalation,2026-06-03 11:43:27,1,4523.99,53.0,1,0,0,15.0
TXN1006964,retry,2026-01-27 04:08:18,1,8410.0,157.0,3,0,0,2.0
TXN1006964,reminder,2026-01-27 04:00:18,0,0.0,,2,1,0,1.0
TXN1006964,escalation,2026-01-27 02:39:18,0,0.0,,2,1,0,15.0
TXN1006965,retry,2026-02-05 10:58:51,0,0.0,,5,1,1,2.0
TXN1006965,reminder,2026-02-05 09:25:51,0,0.0,,4,1,0,1.0
TXN1006965,escalation,2026-02-05 11:16:51,0,0.0,,4,1,0,15.0
TXN1006966,retry,2026-05-24 00:00:38,1,9074.09,167.0,2,0,0,2.0
TXN1006966,reminder,2026-05-24 00:38:38,0,0.0,,1,1,0,1.0
TXN1006966,escalation,2026-05-23 22:34:38,1,9074.09,69.0,1,0,0,15.0
TXN1006967,retry,2026-02-10 22:53:18,0,0.0,,5,1,1,2.0
TXN1006967,reminder,2026-02-10 22:47:18,0,0.0,,4,1,0,1.0
TXN1006967,escalation,2026-02-10 21:46:18,0,0.0,,4,1,0,15.0
TXN1006972,retry,2026-03-19 01:39:16,1,8550.54,194.0,2,0,0,2.0
TXN1006972,reminder,2026-03-18 23:32:16,0,0.0,,1,1,0,1.0
TXN1006972,escalation,2026-03-18 23:52:16,1,8550.54,24.0,1,0,0,15.0
TXN1006973,retry,2026-01-01 20:50:12,1,3931.57,94.0,3,0,0,2.0
TXN1006973,reminder,2026-01-01 19:39:12,0,0.0,,2,1,0,1.0
TXN1006973,escalation,2026-01-01 21:17:12,0,0.0,,2,1,0,15.0
TXN1006976,retry,2026-05-31 13:39:22,0,0.0,,2,1,0,2.0
TXN1006976,reminder,2026-05-31 13:04:22,1,5601.46,186.0,1,0,0,1.0
TXN1006976,escalation,2026-05-31 14:32:22,0,0.0,,1,1,0,15.0
TXN1006977,retry,2026-04-25 08:46:42,0,0.0,,2,1,0,2.0
TXN1006977,reminder,2026-04-25 07:58:42,1,1317.01,208.0,1,0,0,1.0
TXN1006977,escalation,2026-04-25 10:41:42,0,0.0,,1,1,0,15.0
TXN1006978,retry,2026-03-11 12:16:14,1,1232.19,193.0,2,0,0,2.0
TXN1006978,reminder,2026-03-11 13:04:14,0,0.0,,1,1,0,1.0
TXN1006978,escalation,2026-03-11 12:47:14,1,1232.19,100.0,1,0,0,15.0
TXN1006985,retry,2026-01-01 07:25:12,1,4743.66,246.0,2,0,0,2.0
TXN1006985,reminder,2026-01-01 07:02:12,0,0.0,,1,1,0,1.0
TXN1006985,escalation,2026-01-01 06:42:12,0,0.0,,1,1,0,15.0
TXN1006990,retry,2026-03-11 19:29:12,1,14738.83,45.0,3,0,0,2.0
TXN1006990,reminder,2026-03-11 19:29:12,1,14738.83,125.0,2,0,0,1.0
TXN1006990,escalation,2026-03-11 16:55:12,0,0.0,,2,1,0,15.0
TXN1006991,retry,2026-03-17 04:25:41,1,911.86,336.0,2,0,0,2.0
TXN1006991,reminder,2026-03-17 02:18:41,0,0.0,,1,1,0,1.0
TXN1006991,escalation,2026-03-17 02:21:41,1,911.86,144.0,1,0,0,15.0
TXN1006995,retry,2026-06-28 21:44:57,0,0.0,,2,1,0,2.0
TXN1006995,reminder,2026-06-28 19:51:57,0,0.0,,1,1,0,1.0
TXN1006995,escalation,2026-06-28 20:36:57,0,0.0,,1,1,0,15.0
TXN1006996,retry,2026-02-16 23:52:01,1,8790.17,356.0,2,0,0,2.0
TXN1006996,reminder,2026-02-17 00:37:01,1,8790.17,194.0,1,0,0,1.0
TXN1006996,escalation,2026-02-16 23:40:01,0,0.0,,1,1,0,15.0
TXN1006998,retry,2026-05-10 11:42:41,0,0.0,,3,1,0,2.0
TXN1006998,reminder,2026-05-10 11:18:41,0,0.0,,2,1,0,1.0
TXN1006998,escalation,2026-05-10 12:00:41,0,0.0,,2,1,0,15.0
TXN1007000,retry,2026-01-11 17:52:38,1,56252.55,97.0,2,0,0,2.0
TXN1007000,reminder,2026-01-11 17:25:38,0,0.0,,1,1,0,1.0
TXN1007000,escalation,2026-01-11 18:27:38,1,56252.55,286.0,1,0,0,15.0
TXN1007001,retry,2026-04-18 07:58:11,0,0.0,,3,1,0,2.0
TXN1007001,reminder,2026-04-18 08:44:11,0,0.0,,2,1,0,1.0
TXN1007001,escalation,2026-04-18 08:17:11,1,1579.76,283.0,2,0,0,15.0
TXN1007003,retry,2026-04-21 21:32:14,1,36175.0,208.0,2,0,0,2.0
TXN1007003,reminder,2026-04-21 19:12:14,0,0.0,,1,1,0,1.0
TXN1007003,escalation,2026-04-21 19:54:14,1,36175.0,320.0,1,0,0,15.0
TXN1007005,retry,2026-04-06 09:08:21,1,3012.54,92.0,5,0,1,2.0
TXN1007005,reminder,2026-04-06 08:29:21,0,0.0,,4,1,0,1.0
TXN1007005,escalation,2026-04-06 09:45:21,0,0.0,,4,1,0,15.0
TXN1007007,retry,2026-06-25 09:31:43,1,4862.07,224.0,4,0,1,2.0
TXN1007007,reminder,2026-06-25 11:20:43,1,4862.07,185.0,3,0,0,1.0
TXN1007007,escalation,2026-06-25 09:30:43,0,0.0,,3,1,0,15.0
TXN1007010,retry,2026-03-04 11:13:44,1,18952.92,339.0,3,0,0,2.0
TXN1007010,reminder,2026-03-04 10:30:44,1,18952.92,9.0,2,0,0,1.0
TXN1007010,escalation,2026-03-04 11:28:44,1,18952.92,263.0,2,0,0,15.0
TXN1007011,retry,2026-06-07 05:22:08,1,9945.01,103.0,4,0,1,2.0
TXN1007011,reminder,2026-06-07 03:20:08,0,0.0,,3,1,0,1.0
TXN1007011,escalation,2026-06-07 03:38:08,0,0.0,,3,1,0,15.0
TXN1007013,retry,2026-04-29 20:59:48,1,25009.47,355.0,2,0,0,2.0
TXN1007013,reminder,2026-04-29 20:10:48,1,25009.47,227.0,1,0,0,1.0
TXN1007013,escalation,2026-04-29 21:00:48,1,25009.47,345.0,1,0,0,15.0
TXN1007014,retry,2026-06-20 13:04:25,1,1798.61,240.0,2,0,0,2.0
TXN1007014,reminder,2026-06-20 12:01:25,1,1798.61,189.0,1,0,0,1.0
TXN1007014,escalation,2026-06-20 13:50:25,0,0.0,,1,1,0,15.0
TXN1007015,retry,2026-06-13 09:02:01,1,5206.46,8.0,3,0,0,2.0
TXN1007015,reminder,2026-06-13 09:25:01,1,5206.46,177.0,2,0,0,1.0
TXN1007015,escalation,2026-06-13 07:06:01,0,0.0,,2,1,0,15.0
TXN1007017,retry,2026-05-24 10:35:31,1,13445.67,89.0,2,0,0,2.0
TXN1007017,reminder,2026-05-24 08:54:31,0,0.0,,1,1,0,1.0
TXN1007017,escalation,2026-05-24 09:19:31,1,13445.67,2.0,1,0,0,15.0
TXN1007020,retry,2026-03-07 06:24:42,1,14615.97,295.0,3,0,0,2.0
TXN1007020,reminder,2026-03-07 06:31:42,0,0.0,,2,1,0,1.0
TXN1007020,escalation,2026-03-07 08:40:42,1,14615.97,101.0,2,0,0,15.0
TXN1007023,retry,2026-04-19 21:46:22,1,1479.07,80.0,2,0,0,2.0
TXN1007023,reminder,2026-04-19 23:06:22,0,0.0,,1,1,0,1.0
TXN1007023,escalation,2026-04-19 23:39:22,1,1479.07,32.0,1,0,0,15.0
TXN1007027,retry,2026-03-03 02:17:44,1,4140.51,223.0,2,0,0,2.0
TXN1007027,reminder,2026-03-03 01:55:44,1,4140.51,160.0,1,0,0,1.0
TXN1007027,escalation,2026-03-03 03:19:44,0,0.0,,1,1,0,15.0
TXN1007030,retry,2026-06-20 05:58:27,1,5214.68,232.0,2,0,0,2.0
TXN1007030,reminder,2026-06-20 07:12:27,1,5214.68,340.0,1,0,0,1.0
TXN1007030,escalation,2026-06-20 05:42:27,0,0.0,,1,1,0,15.0
TXN1007031,retry,2026-06-07 08:15:33,1,1379.44,145.0,4,0,1,2.0
TXN1007031,reminder,2026-06-07 09:14:33,0,0.0,,3,1,0,1.0
TXN1007031,escalation,2026-06-07 07:34:33,0,0.0,,3,1,0,15.0
TXN1007032,retry,2026-06-02 20:01:23,1,2505.72,36.0,4,0,1,2.0
TXN1007032,reminder,2026-06-02 17:57:23,0,0.0,,3,1,0,1.0
TXN1007032,escalation,2026-06-02 17:52:23,1,2505.72,248.0,3,0,0,15.0
TXN1007034,retry,2026-01-17 20:38:23,1,2959.72,215.0,2,0,0,2.0
TXN1007034,reminder,2026-01-17 20:26:23,0,0.0,,1,1,0,1.0
TXN1007034,escalation,2026-01-17 19:43:23,1,2959.72,339.0,1,0,0,15.0
TXN1007036,retry,2026-05-29 11:31:44,1,20954.4,153.0,2,0,0,2.0
TXN1007036,reminder,2026-05-29 09:52:44,0,0.0,,1,1,0,1.0
TXN1007036,escalation,2026-05-29 09:21:44,1,20954.4,327.0,1,0,0,15.0
TXN1007038,retry,2026-03-07 10:10:20,0,0.0,,2,1,0,2.0
TXN1007038,reminder,2026-03-07 11:20:20,0,0.0,,1,1,0,1.0
TXN1007038,escalation,2026-03-07 12:26:20,1,8336.86,69.0,1,0,0,15.0
TXN1007039,retry,2026-03-13 04:45:37,1,23591.59,61.0,2,0,0,2.0
TXN1007039,reminder,2026-03-13 04:41:37,1,23591.59,264.0,1,0,0,1.0
TXN1007039,escalation,2026-03-13 02:58:37,0,0.0,,1,1,0,15.0
TXN1007049,retry,2026-04-06 15:10:02,1,5713.42,268.0,4,0,1,2.0
TXN1007049,reminder,2026-04-06 17:17:02,0,0.0,,3,1,0,1.0
TXN1007049,escalation,2026-04-06 15:01:02,1,5713.42,132.0,3,0,0,15.0
TXN1007059,retry,2026-01-24 20:33:08,0,0.0,,4,1,1,2.0
TXN1007059,reminder,2026-01-24 20:19:08,1,7483.53,144.0,3,0,0,1.0
TXN1007059,escalation,2026-01-24 21:32:08,1,7483.53,184.0,3,0,0,15.0
TXN1007060,retry,2026-05-15 20:29:15,1,10208.78,101.0,2,0,0,2.0
TXN1007060,reminder,2026-05-15 21:28:15,0,0.0,,1,1,0,1.0
TXN1007060,escalation,2026-05-15 20:13:15,1,10208.78,120.0,1,0,0,15.0
TXN1007061,retry,2026-04-09 17:58:46,1,2579.51,83.0,3,0,0,2.0
TXN1007061,reminder,2026-04-09 19:06:46,0,0.0,,2,1,0,1.0
TXN1007061,escalation,2026-04-09 19:58:46,0,0.0,,2,1,0,15.0
TXN1007064,retry,2026-02-23 22:59:22,1,2236.98,221.0,2,0,0,2.0
TXN1007064,reminder,2026-02-24 00:36:22,0,0.0,,1,1,0,1.0
TXN1007064,escalation,2026-02-24 00:07:22,1,2236.98,338.0,1,0,0,15.0
TXN1007067,retry,2026-04-14 19:27:03,1,1578.18,98.0,2,0,0,2.0
TXN1007067,reminder,2026-04-14 20:19:03,1,1578.18,339.0,1,0,0,1.0
TXN1007067,escalation,2026-04-14 21:50:03,0,0.0,,1,1,0,15.0
TXN1007070,retry,2026-02-22 22:27:25,0,0.0,,3,1,0,2.0
TXN1007070,reminder,2026-02-22 23:00:25,0,0.0,,2,1,0,1.0
TXN1007070,escalation,2026-02-23 00:38:25,1,5605.04,131.0,2,0,0,15.0
TXN1007071,retry,2026-02-20 17:08:24,1,5779.99,214.0,2,0,0,2.0
TXN1007071,reminder,2026-02-20 16:52:24,1,5779.99,156.0,1,0,0,1.0
TXN1007071,escalation,2026-02-20 16:49:24,1,5779.99,284.0,1,0,0,15.0
TXN1007072,retry,2026-01-18 04:15:20,1,17265.67,88.0,2,0,0,2.0
TXN1007072,reminder,2026-01-18 03:33:20,1,17265.67,116.0,1,0,0,1.0
TXN1007072,escalation,2026-01-18 03:00:20,1,17265.67,326.0,1,0,0,15.0
TXN1007073,retry,2026-03-30 14:31:26,0,0.0,,2,1,0,2.0
TXN1007073,reminder,2026-03-30 15:09:26,0,0.0,,1,1,0,1.0
TXN1007073,escalation,2026-03-30 15:22:26,1,8269.56,95.0,1,0,0,15.0
TXN1007078,retry,2026-01-13 00:54:35,0,0.0,,4,1,1,2.0
TXN1007078,reminder,2026-01-13 01:43:35,1,6499.86,299.0,3,0,0,1.0
TXN1007078,escalation,2026-01-13 00:08:35,0,0.0,,3,1,0,15.0
TXN1007081,retry,2026-03-17 12:23:47,1,9035.32,52.0,2,0,0,2.0
TXN1007081,reminder,2026-03-17 12:40:47,1,9035.32,227.0,1,0,0,1.0
TXN1007081,escalation,2026-03-17 12:54:47,0,0.0,,1,1,0,15.0
TXN1007084,retry,2026-03-15 21:41:23,0,0.0,,2,1,0,2.0
TXN1007084,reminder,2026-03-15 21:17:23,1,7349.28,220.0,1,0,0,1.0
TXN1007084,escalation,2026-03-15 20:17:23,1,7349.28,210.0,1,0,0,15.0
TXN1007086,retry,2026-04-09 21:53:58,0,0.0,,3,1,0,2.0
TXN1007086,reminder,2026-04-09 21:04:58,0,0.0,,2,1,0,1.0
TXN1007086,escalation,2026-04-09 22:20:58,1,4265.44,234.0,2,0,0,15.0
TXN1007092,retry,2026-06-07 18:15:29,1,3874.69,96.0,2,0,0,2.0
TXN1007092,reminder,2026-06-07 18:24:29,0,0.0,,1,1,0,1.0
TXN1007092,escalation,2026-06-07 20:04:29,0,0.0,,1,1,0,15.0
TXN1007096,retry,2026-05-20 08:05:56,1,12508.14,248.0,2,0,0,2.0
TXN1007096,reminder,2026-05-20 08:28:56,0,0.0,,1,1,0,1.0
TXN1007096,escalation,2026-05-20 07:33:56,0,0.0,,1,1,0,15.0
TXN1007099,retry,2026-06-02 16:21:29,1,5406.62,260.0,2,0,0,2.0
TXN1007099,reminder,2026-06-02 16:47:29,1,5406.62,271.0,1,0,0,1.0
TXN1007099,escalation,2026-06-02 16:19:29,0,0.0,,1,1,0,15.0
TXN1007100,retry,2026-05-15 13:10:11,1,6447.67,205.0,2,0,0,2.0
TXN1007100,reminder,2026-05-15 12:10:11,1,6447.67,15.0,1,0,0,1.0
TXN1007100,escalation,2026-05-15 13:26:11,1,6447.67,66.0,1,0,0,15.0
TXN1007105,retry,2026-05-03 09:57:22,1,6456.11,323.0,2,0,0,2.0
TXN1007105,reminder,2026-05-03 09:50:22,1,6456.11,9.0,1,0,0,1.0
TXN1007105,escalation,2026-05-03 09:50:22,1,6456.11,165.0,1,0,0,15.0
TXN1007112,retry,2026-01-07 16:31:07,0,0.0,,2,1,0,2.0
TXN1007112,reminder,2026-01-07 17:19:07,1,1245.04,24.0,1,0,0,1.0
TXN1007112,escalation,2026-01-07 17:26:07,1,1245.04,178.0,1,0,0,15.0
TXN1007114,retry,2026-05-07 21:16:11,1,762.15,216.0,2,0,0,2.0
TXN1007114,reminder,2026-05-07 22:41:11,0,0.0,,1,1,0,1.0
TXN1007114,escalation,2026-05-07 21:16:11,1,762.15,100.0,1,0,0,15.0
TXN1007116,retry,2026-02-09 13:27:44,1,26240.25,250.0,2,0,0,2.0
TXN1007116,reminder,2026-02-09 13:38:44,1,26240.25,329.0,1,0,0,1.0
TXN1007116,escalation,2026-02-09 14:18:44,1,26240.25,322.0,1,0,0,15.0
TXN1007120,retry,2026-06-08 04:21:05,1,9134.28,11.0,2,0,0,2.0
TXN1007120,reminder,2026-06-08 06:23:05,1,9134.28,315.0,1,0,0,1.0
TXN1007120,escalation,2026-06-08 05:12:05,0,0.0,,1,1,0,15.0
TXN1007122,retry,2026-04-30 01:11:48,1,8257.43,34.0,2,0,0,2.0
TXN1007122,reminder,2026-04-30 01:18:48,0,0.0,,1,1,0,1.0
TXN1007122,escalation,2026-04-30 01:23:48,1,8257.43,196.0,1,0,0,15.0
TXN1007124,retry,2026-01-01 21:39:53,0,0.0,,4,1,1,2.0
TXN1007124,reminder,2026-01-01 21:15:53,0,0.0,,3,1,0,1.0
TXN1007124,escalation,2026-01-01 19:43:53,1,20687.25,84.0,3,0,0,15.0
TXN1007125,retry,2026-04-22 06:54:24,1,2089.16,322.0,2,0,0,2.0
TXN1007125,reminder,2026-04-22 06:22:24,1,2089.16,332.0,1,0,0,1.0
TXN1007125,escalation,2026-04-22 06:31:24,0,0.0,,1,1,0,15.0
TXN1007127,retry,2026-01-18 08:58:34,0,0.0,,4,1,1,2.0
TXN1007127,reminder,2026-01-18 08:06:34,0,0.0,,3,1,0,1.0
TXN1007127,escalation,2026-01-18 07:53:34,0,0.0,,3,1,0,15.0
TXN1007132,retry,2026-05-16 22:04:02,1,6818.02,277.0,3,0,0,2.0
TXN1007132,reminder,2026-05-16 22:09:02,1,6818.02,200.0,2,0,0,1.0
TXN1007132,escalation,2026-05-16 21:38:02,0,0.0,,2,1,0,15.0
TXN1007136,retry,2026-01-25 23:27:46,0,0.0,,2,1,0,2.0
TXN1007136,reminder,2026-01-26 01:33:46,0,0.0,,1,1,0,1.0
TXN1007136,escalation,2026-01-25 23:22:46,1,4611.04,179.0,1,0,0,15.0
TXN1007137,retry,2026-06-19 02:03:31,1,34415.52,36.0,3,0,0,2.0
TXN1007137,reminder,2026-06-19 02:01:31,1,34415.52,322.0,2,0,0,1.0
TXN1007137,escalation,2026-06-19 02:08:31,1,34415.52,176.0,2,0,0,15.0
TXN1007138,retry,2026-01-04 19:30:20,0,0.0,,2,1,0,2.0
TXN1007138,reminder,2026-01-04 18:32:20,1,5206.49,129.0,1,0,0,1.0
TXN1007138,escalation,2026-01-04 17:41:20,0,0.0,,1,1,0,15.0
TXN1007139,retry,2026-02-10 12:48:45,1,3592.58,211.0,2,0,0,2.0
TXN1007139,reminder,2026-02-10 11:28:45,1,3592.58,166.0,1,0,0,1.0
TXN1007139,escalation,2026-02-10 12:01:45,1,3592.58,20.0,1,0,0,15.0
TXN1007140,retry,2026-05-12 08:53:12,0,0.0,,2,1,0,2.0
TXN1007140,reminder,2026-05-12 09:01:12,1,2240.6,122.0,1,0,0,1.0
TXN1007140,escalation,2026-05-12 11:06:12,1,2240.6,9.0,1,0,0,15.0
TXN1007141,retry,2026-01-25 16:24:44,1,2733.71,190.0,3,0,0,2.0
TXN1007141,reminder,2026-01-25 17:23:44,0,0.0,,2,1,0,1.0
TXN1007141,escalation,2026-01-25 16:09:44,0,0.0,,2,1,0,15.0
TXN1007144,retry,2026-01-08 18:34:34,1,10089.84,128.0,2,0,0,2.0
TXN1007144,reminder,2026-01-08 19:13:34,0,0.0,,1,1,0,1.0
TXN1007144,escalation,2026-01-08 18:59:34,1,10089.84,305.0,1,0,0,15.0
TXN1007147,retry,2026-01-07 18:42:02,0,0.0,,4,1,1,2.0
TXN1007147,reminder,2026-01-07 18:14:02,0,0.0,,3,1,0,1.0
TXN1007147,escalation,2026-01-07 17:20:02,0,0.0,,3,1,0,15.0
TXN1007149,retry,2026-05-30 08:34:23,0,0.0,,5,1,1,2.0
TXN1007149,reminder,2026-05-30 07:05:23,1,530.64,226.0,4,0,0,1.0
TXN1007149,escalation,2026-05-30 09:05:23,0,0.0,,4,1,0,15.0
TXN1007150,retry,2026-05-04 07:58:49,0,0.0,,2,1,0,2.0
TXN1007150,reminder,2026-05-04 09:37:49,1,3771.07,6.0,1,0,0,1.0
TXN1007150,escalation,2026-05-04 09:00:49,0,0.0,,1,1,0,15.0
TXN1007152,retry,2026-01-06 17:36:50,0,0.0,,3,1,0,2.0
TXN1007152,reminder,2026-01-06 17:37:50,0,0.0,,2,1,0,1.0
TXN1007152,escalation,2026-01-06 17:00:50,0,0.0,,2,1,0,15.0
TXN1007154,retry,2026-04-21 19:04:31,0,0.0,,2,1,0,2.0
TXN1007154,reminder,2026-04-21 18:46:31,0,0.0,,1,1,0,1.0
TXN1007154,escalation,2026-04-21 17:45:31,1,4532.78,297.0,1,0,0,15.0
TXN1007158,retry,2026-04-05 08:38:01,0,0.0,,5,1,1,2.0
TXN1007158,reminder,2026-04-05 09:17:01,0,0.0,,4,1,0,1.0
TXN1007158,escalation,2026-04-05 07:56:01,0,0.0,,4,1,0,15.0
TXN1007159,retry,2026-05-26 21:19:26,1,11049.8,97.0,3,0,0,2.0
TXN1007159,reminder,2026-05-26 19:39:26,0,0.0,,2,1,0,1.0
TXN1007159,escalation,2026-05-26 19:53:26,0,0.0,,2,1,0,15.0
TXN1007161,retry,2026-04-28 18:40:38,1,965.46,135.0,2,0,0,2.0
TXN1007161,reminder,2026-04-28 20:15:38,1,965.46,86.0,1,0,0,1.0
TXN1007161,escalation,2026-04-28 20:10:38,1,965.46,147.0,1,0,0,15.0
TXN1007162,retry,2026-03-20 00:03:13,1,2522.68,312.0,2,0,0,2.0
TXN1007162,reminder,2026-03-20 01:20:13,0,0.0,,1,1,0,1.0
TXN1007162,escalation,2026-03-19 23:51:13,1,2522.68,128.0,1,0,0,15.0
TXN1007163,retry,2026-02-19 15:54:56,1,6739.51,28.0,2,0,0,2.0
TXN1007163,reminder,2026-02-19 18:13:56,1,6739.51,334.0,1,0,0,1.0
TXN1007163,escalation,2026-02-19 16:29:56,0,0.0,,1,1,0,15.0
TXN1007165,retry,2026-02-08 02:58:47,1,6319.53,233.0,3,0,0,2.0
TXN1007165,reminder,2026-02-08 01:47:47,0,0.0,,2,1,0,1.0
TXN1007165,escalation,2026-02-08 02:55:47,1,6319.53,212.0,2,0,0,15.0
TXN1007166,retry,2026-04-17 00:23:43,1,3637.34,141.0,2,0,0,2.0
TXN1007166,reminder,2026-04-17 00:37:43,0,0.0,,1,1,0,1.0
TXN1007166,escalation,2026-04-16 22:52:43,0,0.0,,1,1,0,15.0
TXN1007167,retry,2026-06-26 05:04:49,1,14936.63,93.0,2,0,0,2.0
TXN1007167,reminder,2026-06-26 05:38:49,0,0.0,,1,1,0,1.0
TXN1007167,escalation,2026-06-26 06:16:49,1,14936.63,4.0,1,0,0,15.0
TXN1007169,retry,2026-03-16 05:17:03,1,14771.48,65.0,2,0,0,2.0
TXN1007169,reminder,2026-03-16 04:59:03,1,14771.48,217.0,1,0,0,1.0
TXN1007169,escalation,2026-03-16 07:10:03,1,14771.48,141.0,1,0,0,15.0
TXN1007173,retry,2026-02-07 02:37:50,1,19310.21,259.0,2,0,0,2.0
TXN1007173,reminder,2026-02-07 02:27:50,1,19310.21,123.0,1,0,0,1.0
TXN1007173,escalation,2026-02-07 02:15:50,0,0.0,,1,1,0,15.0
TXN1007174,retry,2026-02-11 19:03:57,1,2338.04,4.0,2,0,0,2.0
TXN1007174,reminder,2026-02-11 20:02:57,0,0.0,,1,1,0,1.0
TXN1007174,escalation,2026-02-11 18:31:57,1,2338.04,250.0,1,0,0,15.0
TXN1007176,retry,2026-01-13 12:46:07,1,7027.0,7.0,2,0,0,2.0
TXN1007176,reminder,2026-01-13 12:46:07,1,7027.0,123.0,1,0,0,1.0
TXN1007176,escalation,2026-01-13 12:36:07,0,0.0,,1,1,0,15.0
TXN1007179,retry,2026-04-25 06:33:30,1,1902.41,121.0,2,0,0,2.0
TXN1007179,reminder,2026-04-25 06:36:30,0,0.0,,1,1,0,1.0
TXN1007179,escalation,2026-04-25 07:29:30,0,0.0,,1,1,0,15.0
TXN1007181,retry,2026-06-07 06:45:06,0,0.0,,2,1,0,2.0
TXN1007181,reminder,2026-06-07 05:36:06,0,0.0,,1,1,0,1.0
TXN1007181,escalation,2026-06-07 06:00:06,0,0.0,,1,1,0,15.0
TXN1007184,retry,2026-06-21 18:11:09,1,10251.65,359.0,3,0,0,2.0
TXN1007184,reminder,2026-06-21 19:10:09,0,0.0,,2,1,0,1.0
TXN1007184,escalation,2026-06-21 20:14:09,1,10251.65,199.0,2,0,0,15.0
TXN1007186,retry,2026-05-17 04:43:03,0,0.0,,3,1,0,2.0
TXN1007186,reminder,2026-05-17 04:55:03,0,0.0,,2,1,0,1.0
TXN1007186,escalation,2026-05-17 03:47:03,1,5850.03,116.0,2,0,0,15.0
TXN1007187,retry,2026-06-06 17:18:27,1,6407.89,132.0,2,0,0,2.0
TXN1007187,reminder,2026-06-06 16:21:27,0,0.0,,1,1,0,1.0
TXN1007187,escalation,2026-06-06 17:46:27,0,0.0,,1,1,0,15.0
TXN1007189,retry,2026-05-08 15:00:41,1,4820.79,132.0,3,0,0,2.0
TXN1007189,reminder,2026-05-08 15:42:41,0,0.0,,2,1,0,1.0
TXN1007189,escalation,2026-05-08 13:33:41,0,0.0,,2,1,0,15.0
TXN1007191,retry,2026-02-21 00:41:41,0,0.0,,3,1,0,2.0
TXN1007191,reminder,2026-02-21 01:07:41,1,5983.62,64.0,2,0,0,1.0
TXN1007191,escalation,2026-02-21 01:53:41,0,0.0,,2,1,0,15.0
TXN1007195,retry,2026-01-09 16:50:49,1,2209.87,163.0,2,0,0,2.0
TXN1007195,reminder,2026-01-09 15:46:49,1,2209.87,218.0,1,0,0,1.0
TXN1007195,escalation,2026-01-09 17:19:49,1,2209.87,110.0,1,0,0,15.0
TXN1007197,retry,2026-04-26 23:13:37,1,1668.93,30.0,3,0,0,2.0
TXN1007197,reminder,2026-04-26 21:29:37,1,1668.93,305.0,2,0,0,1.0
TXN1007197,escalation,2026-04-26 22:37:37,1,1668.93,234.0,2,0,0,15.0
TXN1007200,retry,2026-01-04 19:38:00,0,0.0,,3,1,0,2.0
TXN1007200,reminder,2026-01-04 19:12:00,0,0.0,,2,1,0,1.0
TXN1007200,escalation,2026-01-04 19:12:00,0,0.0,,2,1,0,15.0
TXN1007201,retry,2026-01-11 15:25:20,0,0.0,,3,1,0,2.0
TXN1007201,reminder,2026-01-11 15:43:20,0,0.0,,2,1,0,1.0
TXN1007201,escalation,2026-01-11 16:49:20,1,2424.55,91.0,2,0,0,15.0
TXN1007204,retry,2026-04-16 16:20:40,0,0.0,,2,1,0,2.0
TXN1007204,reminder,2026-04-16 14:42:40,0,0.0,,1,1,0,1.0
TXN1007204,escalation,2026-04-16 17:08:40,0,0.0,,1,1,0,15.0
TXN1007205,retry,2026-03-08 08:11:04,1,1859.75,224.0,3,0,0,2.0
TXN1007205,reminder,2026-03-08 10:44:04,0,0.0,,2,1,0,1.0
TXN1007205,escalation,2026-03-08 10:39:04,0,0.0,,2,1,0,15.0
TXN1007206,retry,2026-02-07 09:04:23,1,4249.17,50.0,3,0,0,2.0
TXN1007206,reminder,2026-02-07 08:04:23,0,0.0,,2,1,0,1.0
TXN1007206,escalation,2026-02-07 10:17:23,1,4249.17,297.0,2,0,0,15.0
TXN1007207,retry,2026-03-16 05:49:53,1,10046.53,164.0,3,0,0,2.0
TXN1007207,reminder,2026-03-16 05:34:53,1,10046.53,50.0,2,0,0,1.0
TXN1007207,escalation,2026-03-16 04:36:53,0,0.0,,2,1,0,15.0
TXN1007210,retry,2026-01-20 12:45:48,0,0.0,,4,1,1,2.0
TXN1007210,reminder,2026-01-20 13:57:48,0,0.0,,3,1,0,1.0
TXN1007210,escalation,2026-01-20 13:33:48,0,0.0,,3,1,0,15.0
TXN1007212,retry,2026-05-11 01:28:17,1,1331.86,221.0,3,0,0,2.0
TXN1007212,reminder,2026-05-11 00:38:17,1,1331.86,221.0,2,0,0,1.0
TXN1007212,escalation,2026-05-11 01:59:17,1,1331.86,39.0,2,0,0,15.0
TXN1007214,retry,2026-01-19 13:15:20,1,18351.07,235.0,3,0,0,2.0
TXN1007214,reminder,2026-01-19 12:58:20,0,0.0,,2,1,0,1.0
TXN1007214,escalation,2026-01-19 11:35:20,0,0.0,,2,1,0,15.0
TXN1007216,retry,2026-06-09 12:22:26,0,0.0,,3,1,0,2.0
TXN1007216,reminder,2026-06-09 13:32:26,0,0.0,,2,1,0,1.0
TXN1007216,escalation,2026-06-09 14:07:26,1,1886.32,284.0,2,0,0,15.0
TXN1007218,retry,2026-01-01 17:37:37,1,1474.2,157.0,2,0,0,2.0
TXN1007218,reminder,2026-01-01 18:06:37,0,0.0,,1,1,0,1.0
TXN1007218,escalation,2026-01-01 19:33:37,1,1474.2,4.0,1,0,0,15.0
TXN1007219,retry,2026-01-08 08:24:22,1,2301.01,346.0,2,0,0,2.0
TXN1007219,reminder,2026-01-08 07:27:22,0,0.0,,1,1,0,1.0
TXN1007219,escalation,2026-01-08 06:49:22,1,2301.01,102.0,1,0,0,15.0
TXN1007222,retry,2026-02-24 09:43:55,0,0.0,,3,1,0,2.0
TXN1007222,reminder,2026-02-24 09:10:55,1,1614.63,324.0,2,0,0,1.0
TXN1007222,escalation,2026-02-24 09:31:55,1,1614.63,134.0,2,0,0,15.0
TXN1007224,retry,2026-06-16 10:47:14,1,2019.19,145.0,2,0,0,2.0
TXN1007224,reminder,2026-06-16 12:09:14,0,0.0,,1,1,0,1.0
TXN1007224,escalation,2026-06-16 11:27:14,0,0.0,,1,1,0,15.0
TXN1007225,retry,2026-06-12 03:47:30,1,2369.37,276.0,2,0,0,2.0
TXN1007225,reminder,2026-06-12 01:49:30,1,2369.37,271.0,1,0,0,1.0
TXN1007225,escalation,2026-06-12 04:40:30,1,2369.37,350.0,1,0,0,15.0
TXN1007226,retry,2026-02-08 14:05:41,1,15488.67,275.0,5,0,1,2.0
TXN1007226,reminder,2026-02-08 15:49:41,0,0.0,,4,1,0,1.0
TXN1007226,escalation,2026-02-08 15:19:41,0,0.0,,4,1,0,15.0
TXN1007231,retry,2026-02-18 14:45:52,0,0.0,,2,1,0,2.0
TXN1007231,reminder,2026-02-18 16:35:52,1,7151.67,159.0,1,0,0,1.0
TXN1007231,escalation,2026-02-18 16:28:52,0,0.0,,1,1,0,15.0
TXN1007236,retry,2026-03-18 12:29:39,1,8412.22,355.0,2,0,0,2.0
TXN1007236,reminder,2026-03-18 10:24:39,1,8412.22,297.0,1,0,0,1.0
TXN1007236,escalation,2026-03-18 10:03:39,1,8412.22,308.0,1,0,0,15.0
TXN1007241,retry,2026-05-07 18:36:56,1,3227.47,239.0,5,0,1,2.0
TXN1007241,reminder,2026-05-07 20:27:56,0,0.0,,4,1,0,1.0
TXN1007241,escalation,2026-05-07 20:54:56,1,3227.47,169.0,4,0,0,15.0
TXN1007242,retry,2026-05-27 22:37:27,1,2160.44,89.0,4,0,1,2.0
TXN1007242,reminder,2026-05-28 01:17:27,0,0.0,,3,1,0,1.0
TXN1007242,escalation,2026-05-27 22:56:27,0,0.0,,3,1,0,15.0
TXN1007243,retry,2026-05-07 17:01:32,0,0.0,,2,1,0,2.0
TXN1007243,reminder,2026-05-07 17:26:32,1,6029.13,29.0,1,0,0,1.0
TXN1007243,escalation,2026-05-07 17:44:32,1,6029.13,166.0,1,0,0,15.0
TXN1007244,retry,2026-06-23 19:47:05,0,0.0,,3,1,0,2.0
TXN1007244,reminder,2026-06-23 20:14:05,0,0.0,,2,1,0,1.0
TXN1007244,escalation,2026-06-23 22:24:05,1,4489.88,261.0,2,0,0,15.0
TXN1007248,retry,2026-04-09 14:34:35,0,0.0,,3,1,0,2.0
TXN1007248,reminder,2026-04-09 14:26:35,0,0.0,,2,1,0,1.0
TXN1007248,escalation,2026-04-09 14:31:35,1,3148.21,167.0,2,0,0,15.0
TXN1007252,retry,2026-02-01 03:41:11,1,25936.0,328.0,2,0,0,2.0
TXN1007252,reminder,2026-02-01 03:27:11,1,25936.0,180.0,1,0,0,1.0
TXN1007252,escalation,2026-02-01 03:09:11,0,0.0,,1,1,0,15.0
TXN1007257,retry,2026-04-21 11:23:25,1,5562.06,81.0,2,0,0,2.0
TXN1007257,reminder,2026-04-21 11:37:25,1,5562.06,145.0,1,0,0,1.0
TXN1007257,escalation,2026-04-21 14:01:25,0,0.0,,1,1,0,15.0
TXN1007258,retry,2026-02-12 04:23:05,1,2287.06,303.0,2,0,0,2.0
TXN1007258,reminder,2026-02-12 03:14:05,1,2287.06,76.0,1,0,0,1.0
TXN1007258,escalation,2026-02-12 02:34:05,0,0.0,,1,1,0,15.0
TXN1007259,retry,2026-01-15 16:12:32,1,19317.81,262.0,2,0,0,2.0
TXN1007259,reminder,2026-01-15 16:50:32,0,0.0,,1,1,0,1.0
TXN1007259,escalation,2026-01-15 14:49:32,1,19317.81,245.0,1,0,0,15.0
TXN1007260,retry,2026-04-14 18:08:25,0,0.0,,4,1,1,2.0
TXN1007260,reminder,2026-04-14 20:01:25,0,0.0,,3,1,0,1.0
TXN1007260,escalation,2026-04-14 17:53:25,1,7593.1,313.0,3,0,0,15.0
TXN1007262,retry,2026-06-29 12:03:04,0,0.0,,2,1,0,2.0
TXN1007262,reminder,2026-06-29 11:55:04,0,0.0,,1,1,0,1.0
TXN1007262,escalation,2026-06-29 12:05:04,0,0.0,,1,1,0,15.0
TXN1007263,retry,2026-01-03 14:40:49,1,1612.15,110.0,3,0,0,2.0
TXN1007263,reminder,2026-01-03 15:01:49,1,1612.15,279.0,2,0,0,1.0
TXN1007263,escalation,2026-01-03 14:24:49,1,1612.15,315.0,2,0,0,15.0
TXN1007264,retry,2026-05-31 14:01:30,0,0.0,,2,1,0,2.0
TXN1007264,reminder,2026-05-31 16:07:30,0,0.0,,1,1,0,1.0
TXN1007264,escalation,2026-05-31 15:56:30,1,18549.38,82.0,1,0,0,15.0
TXN1007267,retry,2026-04-22 05:10:00,0,0.0,,3,1,0,2.0
TXN1007267,reminder,2026-04-22 04:03:00,0,0.0,,2,1,0,1.0
TXN1007267,escalation,2026-04-22 05:23:00,1,1144.56,247.0,2,0,0,15.0
TXN1007268,retry,2026-06-13 17:11:53,0,0.0,,2,1,0,2.0
TXN1007268,reminder,2026-06-13 15:56:53,0,0.0,,1,1,0,1.0
TXN1007268,escalation,2026-06-13 15:03:53,1,3855.0,283.0,1,0,0,15.0
TXN1007269,retry,2026-05-14 19:23:19,1,4304.99,126.0,2,0,0,2.0
TXN1007269,reminder,2026-05-14 17:52:19,1,4304.99,112.0,1,0,0,1.0
TXN1007269,escalation,2026-05-14 18:37:19,0,0.0,,1,1,0,15.0
TXN1007272,retry,2026-03-23 07:49:08,1,3094.2,345.0,2,0,0,2.0
TXN1007272,reminder,2026-03-23 06:39:08,1,3094.2,37.0,1,0,0,1.0
TXN1007272,escalation,2026-03-23 06:34:08,1,3094.2,227.0,1,0,0,15.0
TXN1007275,retry,2026-03-26 16:27:09,0,0.0,,4,1,1,2.0
TXN1007275,reminder,2026-03-26 13:55:09,0,0.0,,3,1,0,1.0
TXN1007275,escalation,2026-03-26 15:08:09,0,0.0,,3,1,0,15.0
TXN1007281,retry,2026-05-08 01:15:25,1,10505.67,11.0,2,0,0,2.0
TXN1007281,reminder,2026-05-08 00:48:25,1,10505.67,222.0,1,0,0,1.0
TXN1007281,escalation,2026-05-08 00:00:25,1,10505.67,283.0,1,0,0,15.0
TXN1007282,retry,2026-06-13 10:55:05,1,4642.03,263.0,2,0,0,2.0
TXN1007282,reminder,2026-06-13 11:53:05,0,0.0,,1,1,0,1.0
TXN1007282,escalation,2026-06-13 10:56:05,0,0.0,,1,1,0,15.0
TXN1007284,retry,2026-06-15 12:38:35,0,0.0,,3,1,0,2.0
TXN1007284,reminder,2026-06-15 12:51:35,1,2146.11,129.0,2,0,0,1.0
TXN1007284,escalation,2026-06-15 11:54:35,0,0.0,,2,1,0,15.0
TXN1007291,retry,2026-05-02 21:12:41,1,6782.72,318.0,2,0,0,2.0
TXN1007291,reminder,2026-05-02 19:59:41,1,6782.72,233.0,1,0,0,1.0
TXN1007291,escalation,2026-05-02 20:55:41,1,6782.72,235.0,1,0,0,15.0
TXN1007292,retry,2026-04-30 22:22:08,1,7494.28,280.0,3,0,0,2.0
TXN1007292,reminder,2026-04-30 21:49:08,0,0.0,,2,1,0,1.0
TXN1007292,escalation,2026-04-30 22:03:08,1,7494.28,143.0,2,0,0,15.0
TXN1007294,retry,2026-02-13 01:38:55,1,2291.34,294.0,2,0,0,2.0
TXN1007294,reminder,2026-02-13 00:47:55,0,0.0,,1,1,0,1.0
TXN1007294,escalation,2026-02-13 02:54:55,1,2291.34,350.0,1,0,0,15.0
TXN1007304,retry,2026-02-25 14:21:47,0,0.0,,3,1,0,2.0
TXN1007304,reminder,2026-02-25 11:58:47,1,5565.82,236.0,2,0,0,1.0
TXN1007304,escalation,2026-02-25 14:05:47,0,0.0,,2,1,0,15.0
TXN1007306,retry,2026-06-01 05:27:57,1,38609.67,144.0,2,0,0,2.0
TXN1007306,reminder,2026-06-01 03:55:57,0,0.0,,1,1,0,1.0
TXN1007306,escalation,2026-06-01 05:13:57,0,0.0,,1,1,0,15.0
TXN1007308,retry,2026-06-20 21:58:26,1,9652.18,147.0,2,0,0,2.0
TXN1007308,reminder,2026-06-20 20:59:26,1,9652.18,180.0,1,0,0,1.0
TXN1007308,escalation,2026-06-20 21:39:26,1,9652.18,276.0,1,0,0,15.0
TXN1007309,retry,2026-06-02 17:08:10,1,2329.09,354.0,3,0,0,2.0
TXN1007309,reminder,2026-06-02 17:15:10,1,2329.09,266.0,2,0,0,1.0
TXN1007309,escalation,2026-06-02 17:22:10,0,0.0,,2,1,0,15.0
TXN1007311,retry,2026-02-16 04:31:55,0,0.0,,3,1,0,2.0
TXN1007311,reminder,2026-02-16 05:00:55,0,0.0,,2,1,0,1.0
TXN1007311,escalation,2026-02-16 02:54:55,1,24943.98,238.0,2,0,0,15.0
TXN1007312,retry,2026-04-05 19:13:51,0,0.0,,4,1,1,2.0
TXN1007312,reminder,2026-04-05 19:55:51,0,0.0,,3,1,0,1.0
TXN1007312,escalation,2026-04-05 20:44:51,0,0.0,,3,1,0,15.0
TXN1007316,retry,2026-06-08 17:13:17,1,3412.01,193.0,2,0,0,2.0
TXN1007316,reminder,2026-06-08 17:26:17,0,0.0,,1,1,0,1.0
TXN1007316,escalation,2026-06-08 19:31:17,1,3412.01,26.0,1,0,0,15.0
TXN1007318,retry,2026-01-23 10:00:10,1,2561.02,311.0,2,0,0,2.0
TXN1007318,reminder,2026-01-23 09:58:10,0,0.0,,1,1,0,1.0
TXN1007318,escalation,2026-01-23 10:11:10,1,2561.02,203.0,1,0,0,15.0
TXN1007323,retry,2026-03-05 14:43:03,1,1859.3,236.0,3,0,0,2.0
TXN1007323,reminder,2026-03-05 16:19:03,1,1859.3,85.0,2,0,0,1.0
TXN1007323,escalation,2026-03-05 14:20:03,1,1859.3,355.0,2,0,0,15.0
TXN1007326,retry,2026-05-04 03:27:06,1,2405.41,125.0,3,0,0,2.0
TXN1007326,reminder,2026-05-04 03:27:06,0,0.0,,2,1,0,1.0
TXN1007326,escalation,2026-05-04 04:21:06,0,0.0,,2,1,0,15.0
TXN1007327,retry,2026-03-01 02:28:51,1,2178.69,125.0,2,0,0,2.0
TXN1007327,reminder,2026-03-01 03:11:51,1,2178.69,55.0,1,0,0,1.0
TXN1007327,escalation,2026-03-01 02:48:51,1,2178.69,175.0,1,0,0,15.0
TXN1007328,retry,2026-02-19 00:23:19,1,6922.84,278.0,2,0,0,2.0
TXN1007328,reminder,2026-02-19 00:16:19,1,6922.84,277.0,1,0,0,1.0
TXN1007328,escalation,2026-02-19 01:01:19,0,0.0,,1,1,0,15.0
TXN1007330,retry,2026-05-16 20:51:04,1,2444.8,252.0,2,0,0,2.0
TXN1007330,reminder,2026-05-16 18:55:04,0,0.0,,1,1,0,1.0
TXN1007330,escalation,2026-05-16 19:04:04,0,0.0,,1,1,0,15.0
TXN1007333,retry,2026-03-08 16:51:40,1,7923.78,189.0,2,0,0,2.0
TXN1007333,reminder,2026-03-08 16:53:40,1,7923.78,78.0,1,0,0,1.0
TXN1007333,escalation,2026-03-08 18:46:40,1,7923.78,160.0,1,0,0,15.0
TXN1007339,retry,2026-03-22 15:58:57,0,0.0,,3,1,0,2.0
TXN1007339,reminder,2026-03-22 16:03:57,1,1922.27,253.0,2,0,0,1.0
TXN1007339,escalation,2026-03-22 16:28:57,1,1922.27,276.0,2,0,0,15.0
TXN1007346,retry,2026-02-06 20:43:01,0,0.0,,2,1,0,2.0
TXN1007346,reminder,2026-02-06 19:52:01,0,0.0,,1,1,0,1.0
TXN1007346,escalation,2026-02-06 21:38:01,1,13372.04,341.0,1,0,0,15.0
TXN1007347,retry,2026-02-18 00:31:48,1,16071.41,186.0,2,0,0,2.0
TXN1007347,reminder,2026-02-17 23:53:48,0,0.0,,1,1,0,1.0
TXN1007347,escalation,2026-02-17 23:54:48,1,16071.41,102.0,1,0,0,15.0
TXN1007350,retry,2026-06-05 18:14:34,0,0.0,,2,1,0,2.0
TXN1007350,reminder,2026-06-05 18:24:34,0,0.0,,1,1,0,1.0
TXN1007350,escalation,2026-06-05 18:06:34,1,1651.35,119.0,1,0,0,15.0
TXN1007351,retry,2026-06-27 23:27:01,1,1624.93,308.0,3,0,0,2.0
TXN1007351,reminder,2026-06-28 00:17:01,0,0.0,,2,1,0,1.0
TXN1007351,escalation,2026-06-28 00:23:01,1,1624.93,163.0,2,0,0,15.0
TXN1007352,retry,2026-02-24 22:30:43,1,3070.42,347.0,2,0,0,2.0
TXN1007352,reminder,2026-02-24 21:14:43,0,0.0,,1,1,0,1.0
TXN1007352,escalation,2026-02-24 22:04:43,0,0.0,,1,1,0,15.0
TXN1007353,retry,2026-04-22 14:56:01,0,0.0,,2,1,0,2.0
TXN1007353,reminder,2026-04-22 15:22:01,0,0.0,,1,1,0,1.0
TXN1007353,escalation,2026-04-22 15:02:01,0,0.0,,1,1,0,15.0
TXN1007358,retry,2026-05-15 13:16:08,0,0.0,,2,1,0,2.0
TXN1007358,reminder,2026-05-15 13:18:08,0,0.0,,1,1,0,1.0
TXN1007358,escalation,2026-05-15 11:18:08,1,2494.78,19.0,1,0,0,15.0
TXN1007360,retry,2026-03-10 01:41:03,1,34331.81,62.0,2,0,0,2.0
TXN1007360,reminder,2026-03-10 00:20:03,1,34331.81,303.0,1,0,0,1.0
TXN1007360,escalation,2026-03-10 01:03:03,0,0.0,,1,1,0,15.0
TXN1007361,retry,2026-04-25 20:12:34,0,0.0,,3,1,0,2.0
TXN1007361,reminder,2026-04-25 19:16:34,1,13647.07,136.0,2,0,0,1.0
TXN1007361,escalation,2026-04-25 20:00:34,1,13647.07,261.0,2,0,0,15.0
TXN1007362,retry,2026-06-13 02:06:35,1,15171.36,42.0,3,0,0,2.0
TXN1007362,reminder,2026-06-13 02:36:35,1,15171.36,337.0,2,0,0,1.0
TXN1007362,escalation,2026-06-13 02:03:35,0,0.0,,2,1,0,15.0
TXN1007363,retry,2026-01-07 05:01:58,0,0.0,,2,1,0,2.0
TXN1007363,reminder,2026-01-07 05:36:58,1,10747.68,208.0,1,0,0,1.0
TXN1007363,escalation,2026-01-07 05:10:58,0,0.0,,1,1,0,15.0
TXN1007365,retry,2026-02-22 10:04:31,0,0.0,,3,1,0,2.0
TXN1007365,reminder,2026-02-22 10:55:31,0,0.0,,2,1,0,1.0
TXN1007365,escalation,2026-02-22 09:18:31,0,0.0,,2,1,0,15.0
TXN1007366,retry,2026-03-29 15:04:28,1,3648.09,145.0,2,0,0,2.0
TXN1007366,reminder,2026-03-29 15:42:28,0,0.0,,1,1,0,1.0
TXN1007366,escalation,2026-03-29 16:33:28,0,0.0,,1,1,0,15.0
TXN1007371,retry,2026-06-01 06:24:01,0,0.0,,2,1,0,2.0
TXN1007371,reminder,2026-06-01 05:45:01,0,0.0,,1,1,0,1.0
TXN1007371,escalation,2026-06-01 07:53:01,1,758.8,306.0,1,0,0,15.0
TXN1007375,retry,2026-01-16 06:21:25,0,0.0,,3,1,0,2.0
TXN1007375,reminder,2026-01-16 05:02:25,0,0.0,,2,1,0,1.0
TXN1007375,escalation,2026-01-16 04:53:25,0,0.0,,2,1,0,15.0
TXN1007378,retry,2026-06-26 09:54:40,1,1990.4,99.0,3,0,0,2.0
TXN1007378,reminder,2026-06-26 09:45:40,0,0.0,,2,1,0,1.0
TXN1007378,escalation,2026-06-26 09:29:40,1,1990.4,319.0,2,0,0,15.0
TXN1007382,retry,2026-06-29 11:34:48,1,3126.25,183.0,3,0,0,2.0
TXN1007382,reminder,2026-06-29 10:30:48,1,3126.25,146.0,2,0,0,1.0
TXN1007382,escalation,2026-06-29 09:24:48,1,3126.25,278.0,2,0,0,15.0
TXN1007385,retry,2026-01-08 11:03:57,0,0.0,,2,1,0,2.0
TXN1007385,reminder,2026-01-08 09:38:57,1,24335.65,165.0,1,0,0,1.0
TXN1007385,escalation,2026-01-08 09:28:57,1,24335.65,29.0,1,0,0,15.0
TXN1007389,retry,2026-03-07 08:49:28,1,2142.9,11.0,2,0,0,2.0
TXN1007389,reminder,2026-03-07 06:53:28,1,2142.9,293.0,1,0,0,1.0
TXN1007389,escalation,2026-03-07 07:40:28,1,2142.9,270.0,1,0,0,15.0
TXN1007390,retry,2026-06-10 20:17:39,1,10175.96,57.0,3,0,0,2.0
TXN1007390,reminder,2026-06-10 20:07:39,0,0.0,,2,1,0,1.0
TXN1007390,escalation,2026-06-10 20:39:39,1,10175.96,2.0,2,0,0,15.0
TXN1007391,retry,2026-06-15 02:42:44,1,12334.02,23.0,2,0,0,2.0
TXN1007391,reminder,2026-06-15 04:40:44,0,0.0,,1,1,0,1.0
TXN1007391,escalation,2026-06-15 05:13:44,1,12334.02,304.0,1,0,0,15.0
TXN1007394,retry,2026-04-06 01:29:58,0,0.0,,3,1,0,2.0
TXN1007394,reminder,2026-04-05 23:15:58,1,27544.14,95.0,2,0,0,1.0
TXN1007394,escalation,2026-04-06 00:57:58,1,27544.14,334.0,2,0,0,15.0
TXN1007396,retry,2026-06-24 03:01:28,1,4838.01,213.0,2,0,0,2.0
TXN1007396,reminder,2026-06-24 02:04:28,1,4838.01,171.0,1,0,0,1.0
TXN1007396,escalation,2026-06-24 03:56:28,1,4838.01,273.0,1,0,0,15.0
TXN1007399,retry,2026-01-26 21:54:03,0,0.0,,3,1,0,2.0
TXN1007399,reminder,2026-01-26 21:55:03,1,3435.27,163.0,2,0,0,1.0
TXN1007399,escalation,2026-01-26 19:29:03,1,3435.27,39.0,2,0,0,15.0
TXN1007405,retry,2026-03-26 23:07:18,1,18570.04,193.0,2,0,0,2.0
TXN1007405,reminder,2026-03-26 23:32:18,0,0.0,,1,1,0,1.0
TXN1007405,escalation,2026-03-26 23:25:18,1,18570.04,128.0,1,0,0,15.0
TXN1007408,retry,2026-02-18 18:47:02,0,0.0,,4,1,1,2.0
TXN1007408,reminder,2026-02-18 16:47:02,0,0.0,,3,1,0,1.0
TXN1007408,escalation,2026-02-18 17:00:02,1,1992.86,79.0,3,0,0,15.0
TXN1007412,retry,2026-01-02 12:07:39,1,1392.96,358.0,3,0,0,2.0
TXN1007412,reminder,2026-01-02 10:06:39,0,0.0,,2,1,0,1.0
TXN1007412,escalation,2026-01-02 10:13:39,0,0.0,,2,1,0,15.0
TXN1007424,retry,2026-03-10 09:58:41,1,5591.11,35.0,4,0,1,2.0
TXN1007424,reminder,2026-03-10 11:09:41,0,0.0,,3,1,0,1.0
TXN1007424,escalation,2026-03-10 09:43:41,0,0.0,,3,1,0,15.0
TXN1007425,retry,2026-02-19 01:42:36,1,11760.66,98.0,3,0,0,2.0
TXN1007425,reminder,2026-02-19 03:23:36,1,11760.66,30.0,2,0,0,1.0
TXN1007425,escalation,2026-02-19 01:57:36,1,11760.66,113.0,2,0,0,15.0
TXN1007429,retry,2026-05-14 06:41:53,1,3028.73,341.0,2,0,0,2.0
TXN1007429,reminder,2026-05-14 08:37:53,1,3028.73,260.0,1,0,0,1.0
TXN1007429,escalation,2026-05-14 06:39:53,1,3028.73,201.0,1,0,0,15.0
TXN1007430,retry,2026-03-02 20:55:34,1,1499.24,171.0,2,0,0,2.0
TXN1007430,reminder,2026-03-02 20:23:34,1,1499.24,222.0,1,0,0,1.0
TXN1007430,escalation,2026-03-02 19:53:34,0,0.0,,1,1,0,15.0
TXN1007432,retry,2026-04-09 23:06:41,0,0.0,,2,1,0,2.0
TXN1007432,reminder,2026-04-09 22:54:41,0,0.0,,1,1,0,1.0
TXN1007432,escalation,2026-04-09 22:59:41,1,11240.24,138.0,1,0,0,15.0
TXN1007434,retry,2026-03-14 16:11:53,1,2109.23,210.0,2,0,0,2.0
TXN1007434,reminder,2026-03-14 17:00:53,1,2109.23,183.0,1,0,0,1.0
TXN1007434,escalation,2026-03-14 16:22:53,1,2109.23,95.0,1,0,0,15.0
TXN1007435,retry,2026-05-20 06:35:49,1,3129.26,41.0,2,0,0,2.0
TXN1007435,reminder,2026-05-20 07:44:49,1,3129.26,214.0,1,0,0,1.0
TXN1007435,escalation,2026-05-20 07:38:49,0,0.0,,1,1,0,15.0
TXN1007437,retry,2026-03-26 09:45:28,1,20765.13,9.0,3,0,0,2.0
TXN1007437,reminder,2026-03-26 11:18:28,0,0.0,,2,1,0,1.0
TXN1007437,escalation,2026-03-26 09:21:28,0,0.0,,2,1,0,15.0
TXN1007439,retry,2026-03-16 19:57:32,1,5933.84,259.0,2,0,0,2.0
TXN1007439,reminder,2026-03-16 20:55:32,0,0.0,,1,1,0,1.0
TXN1007439,escalation,2026-03-16 20:57:32,0,0.0,,1,1,0,15.0
TXN1007447,retry,2026-01-02 23:05:54,1,3109.43,129.0,3,0,0,2.0
TXN1007447,reminder,2026-01-03 00:08:54,1,3109.43,144.0,2,0,0,1.0
TXN1007447,escalation,2026-01-02 22:43:54,1,3109.43,57.0,2,0,0,15.0
TXN1007457,retry,2026-03-10 12:52:03,0,0.0,,2,1,0,2.0
TXN1007457,reminder,2026-03-10 15:14:03,0,0.0,,1,1,0,1.0
TXN1007457,escalation,2026-03-10 12:20:03,0,0.0,,1,1,0,15.0
TXN1007458,retry,2026-02-16 18:49:02,1,6290.41,177.0,4,0,1,2.0
TXN1007458,reminder,2026-02-16 17:39:02,1,6290.41,347.0,3,0,0,1.0
TXN1007458,escalation,2026-02-16 17:44:02,0,0.0,,3,1,0,15.0
TXN1007459,retry,2026-06-24 14:24:40,0,0.0,,3,1,0,2.0
TXN1007459,reminder,2026-06-24 14:18:40,0,0.0,,2,1,0,1.0
TXN1007459,escalation,2026-06-24 14:18:40,0,0.0,,2,1,0,15.0
TXN1007460,retry,2026-03-28 07:19:38,0,0.0,,3,1,0,2.0
TXN1007460,reminder,2026-03-28 07:36:38,0,0.0,,2,1,0,1.0
TXN1007460,escalation,2026-03-28 07:41:38,0,0.0,,2,1,0,15.0
TXN1007462,retry,2026-03-28 09:47:42,1,2897.94,236.0,2,0,0,2.0
TXN1007462,reminder,2026-03-28 11:19:42,1,2897.94,115.0,1,0,0,1.0
TXN1007462,escalation,2026-03-28 10:14:42,1,2897.94,171.0,1,0,0,15.0
TXN1007463,retry,2026-02-12 20:18:29,1,1330.2,344.0,2,0,0,2.0
TXN1007463,reminder,2026-02-12 19:05:29,1,1330.2,106.0,1,0,0,1.0
TXN1007463,escalation,2026-02-12 18:43:29,1,1330.2,247.0,1,0,0,15.0
TXN1007464,retry,2026-04-16 03:00:18,1,1757.06,241.0,2,0,0,2.0
TXN1007464,reminder,2026-04-16 04:38:18,1,1757.06,171.0,1,0,0,1.0
TXN1007464,escalation,2026-04-16 02:54:18,1,1757.06,292.0,1,0,0,15.0
TXN1007467,retry,2026-03-09 06:40:12,0,0.0,,3,1,0,2.0
TXN1007467,reminder,2026-03-09 04:17:12,0,0.0,,2,1,0,1.0
TXN1007467,escalation,2026-03-09 05:10:12,1,2787.39,261.0,2,0,0,15.0
TXN1007473,retry,2026-05-02 16:38:01,0,0.0,,2,1,0,2.0
TXN1007473,reminder,2026-05-02 15:43:01,1,3862.43,331.0,1,0,0,1.0
TXN1007473,escalation,2026-05-02 15:56:01,1,3862.43,300.0,1,0,0,15.0
TXN1007474,retry,2026-05-08 11:06:40,0,0.0,,2,1,0,2.0
TXN1007474,reminder,2026-05-08 10:37:40,0,0.0,,1,1,0,1.0
TXN1007474,escalation,2026-05-08 09:45:40,1,41052.74,302.0,1,0,0,15.0
TXN1007475,retry,2026-02-19 12:04:14,0,0.0,,2,1,0,2.0
TXN1007475,reminder,2026-02-19 13:55:14,1,9411.33,87.0,1,0,0,1.0
TXN1007475,escalation,2026-02-19 13:21:14,1,9411.33,116.0,1,0,0,15.0
TXN1007476,retry,2026-05-07 00:53:39,1,5019.96,163.0,2,0,0,2.0
TXN1007476,reminder,2026-05-07 01:00:39,0,0.0,,1,1,0,1.0
TXN1007476,escalation,2026-05-07 02:27:39,1,5019.96,156.0,1,0,0,15.0
TXN1007479,retry,2026-06-14 07:07:23,1,4723.36,41.0,2,0,0,2.0
TXN1007479,reminder,2026-06-14 05:58:23,0,0.0,,1,1,0,1.0
TXN1007479,escalation,2026-06-14 06:23:23,1,4723.36,270.0,1,0,0,15.0
TXN1007482,retry,2026-01-22 03:54:06,0,0.0,,3,1,0,2.0
TXN1007482,reminder,2026-01-22 02:18:06,0,0.0,,2,1,0,1.0
TXN1007482,escalation,2026-01-22 02:58:06,0,0.0,,2,1,0,15.0
TXN1007483,retry,2026-03-15 06:19:57,1,3887.05,79.0,3,0,0,2.0
TXN1007483,reminder,2026-03-15 06:00:57,1,3887.05,181.0,2,0,0,1.0
TXN1007483,escalation,2026-03-15 06:30:57,1,3887.05,40.0,2,0,0,15.0
TXN1007485,retry,2026-03-09 20:45:30,1,3834.62,115.0,4,0,1,2.0
TXN1007485,reminder,2026-03-09 19:42:30,1,3834.62,215.0,3,0,0,1.0
TXN1007485,escalation,2026-03-09 21:16:30,0,0.0,,3,1,0,15.0
TXN1007486,retry,2026-02-13 20:40:14,1,6926.43,247.0,3,0,0,2.0
TXN1007486,reminder,2026-02-13 18:33:14,1,6926.43,215.0,2,0,0,1.0
TXN1007486,escalation,2026-02-13 20:35:14,1,6926.43,322.0,2,0,0,15.0
TXN1007487,retry,2026-05-23 06:24:01,0,0.0,,2,1,0,2.0
TXN1007487,reminder,2026-05-23 07:44:01,0,0.0,,1,1,0,1.0
TXN1007487,escalation,2026-05-23 05:38:01,0,0.0,,1,1,0,15.0
TXN1007488,retry,2026-03-18 08:48:06,1,4963.16,80.0,3,0,0,2.0
TXN1007488,reminder,2026-03-18 09:12:06,0,0.0,,2,1,0,1.0
TXN1007488,escalation,2026-03-18 10:53:06,1,4963.16,26.0,2,0,0,15.0
TXN1007490,retry,2026-01-01 02:11:15,1,1775.41,128.0,3,0,0,2.0
TXN1007490,reminder,2026-01-01 00:18:15,1,1775.41,121.0,2,0,0,1.0
TXN1007490,escalation,2026-01-01 01:26:15,1,1775.41,267.0,2,0,0,15.0
TXN1007491,retry,2026-01-25 21:56:18,1,4696.78,156.0,3,0,0,2.0
TXN1007491,reminder,2026-01-25 21:27:18,1,4696.78,15.0,2,0,0,1.0
TXN1007491,escalation,2026-01-25 21:42:18,0,0.0,,2,1,0,15.0
TXN1007493,retry,2026-03-13 23:05:09,1,7134.24,171.0,3,0,0,2.0
TXN1007493,reminder,2026-03-14 00:20:09,0,0.0,,2,1,0,1.0
TXN1007493,escalation,2026-03-13 23:40:09,1,7134.24,268.0,2,0,0,15.0
TXN1007499,retry,2026-01-19 13:34:35,1,2394.57,79.0,3,0,0,2.0
TXN1007499,reminder,2026-01-19 13:23:35,1,2394.57,112.0,2,0,0,1.0
TXN1007499,escalation,2026-01-19 13:50:35,0,0.0,,2,1,0,15.0
TXN1007501,retry,2026-04-24 13:26:08,1,17663.42,181.0,2,0,0,2.0
TXN1007501,reminder,2026-04-24 15:00:08,1,17663.42,44.0,1,0,0,1.0
TXN1007501,escalation,2026-04-24 15:04:08,1,17663.42,59.0,1,0,0,15.0
TXN1007503,retry,2026-04-25 16:19:24,0,0.0,,3,1,0,2.0
TXN1007503,reminder,2026-04-25 17:08:24,0,0.0,,2,1,0,1.0
TXN1007503,escalation,2026-04-25 16:02:24,0,0.0,,2,1,0,15.0
TXN1007505,retry,2026-05-22 06:12:33,1,5534.76,314.0,3,0,0,2.0
TXN1007505,reminder,2026-05-22 06:31:33,1,5534.76,4.0,2,0,0,1.0
TXN1007505,escalation,2026-05-22 05:28:33,0,0.0,,2,1,0,15.0
TXN1007506,retry,2026-05-04 16:31:36,1,1234.98,302.0,2,0,0,2.0
TXN1007506,reminder,2026-05-04 15:46:36,1,1234.98,14.0,1,0,0,1.0
TXN1007506,escalation,2026-05-04 17:02:36,1,1234.98,327.0,1,0,0,15.0
TXN1007507,retry,2026-04-19 21:03:29,1,7357.31,287.0,3,0,0,2.0
TXN1007507,reminder,2026-04-19 22:52:29,1,7357.31,212.0,2,0,0,1.0
TXN1007507,escalation,2026-04-19 21:00:29,0,0.0,,2,1,0,15.0
TXN1007510,retry,2026-04-24 00:49:36,1,6777.53,244.0,4,0,1,2.0
TXN1007510,reminder,2026-04-23 22:46:36,0,0.0,,3,1,0,1.0
TXN1007510,escalation,2026-04-24 00:24:36,0,0.0,,3,1,0,15.0
TXN1007514,retry,2026-02-15 06:14:51,0,0.0,,3,1,0,2.0
TXN1007514,reminder,2026-02-15 05:05:51,1,3815.48,180.0,2,0,0,1.0
TXN1007514,escalation,2026-02-15 06:08:51,1,3815.48,225.0,2,0,0,15.0
TXN1007515,retry,2026-03-16 19:13:24,1,1625.8,213.0,2,0,0,2.0
TXN1007515,reminder,2026-03-16 19:53:24,0,0.0,,1,1,0,1.0
TXN1007515,escalation,2026-03-16 19:29:24,1,1625.8,125.0,1,0,0,15.0
TXN1007516,retry,2026-03-12 23:22:12,0,0.0,,2,1,0,2.0
TXN1007516,reminder,2026-03-13 00:14:12,0,0.0,,1,1,0,1.0
TXN1007516,escalation,2026-03-12 23:31:12,1,2520.64,241.0,1,0,0,15.0
TXN1007518,retry,2026-02-10 03:48:04,0,0.0,,3,1,0,2.0
TXN1007518,reminder,2026-02-10 02:45:04,0,0.0,,2,1,0,1.0
TXN1007518,escalation,2026-02-10 03:53:04,0,0.0,,2,1,0,15.0
TXN1007519,retry,2026-01-13 21:07:24,0,0.0,,2,1,0,2.0
TXN1007519,reminder,2026-01-13 20:58:24,0,0.0,,1,1,0,1.0
TXN1007519,escalation,2026-01-13 23:07:24,0,0.0,,1,1,0,15.0
TXN1007520,retry,2026-03-04 05:58:34,0,0.0,,2,1,0,2.0
TXN1007520,reminder,2026-03-04 07:56:34,1,2782.36,225.0,1,0,0,1.0
TXN1007520,escalation,2026-03-04 06:01:34,1,2782.36,262.0,1,0,0,15.0
TXN1007522,retry,2026-03-30 20:24:31,0,0.0,,4,1,1,2.0
TXN1007522,reminder,2026-03-30 20:53:31,1,16975.03,37.0,3,0,0,1.0
TXN1007522,escalation,2026-03-30 21:24:31,0,0.0,,3,1,0,15.0
TXN1007523,retry,2026-02-09 02:50:07,1,2085.22,81.0,3,0,0,2.0
TXN1007523,reminder,2026-02-09 04:41:07,1,2085.22,279.0,2,0,0,1.0
TXN1007523,escalation,2026-02-09 03:56:07,1,2085.22,255.0,2,0,0,15.0
TXN1007524,retry,2026-03-04 20:16:24,0,0.0,,4,1,1,2.0
TXN1007524,reminder,2026-03-04 19:33:24,0,0.0,,3,1,0,1.0
TXN1007524,escalation,2026-03-04 18:03:24,1,4250.06,358.0,3,0,0,15.0
TXN1007526,retry,2026-02-04 17:41:38,1,11431.7,235.0,2,0,0,2.0
TXN1007526,reminder,2026-02-04 17:33:38,0,0.0,,1,1,0,1.0
TXN1007526,escalation,2026-02-04 16:44:38,1,11431.7,285.0,1,0,0,15.0
TXN1007527,retry,2026-01-23 05:49:49,1,8605.42,281.0,2,0,0,2.0
TXN1007527,reminder,2026-01-23 05:11:49,1,8605.42,321.0,1,0,0,1.0
TXN1007527,escalation,2026-01-23 06:10:49,1,8605.42,332.0,1,0,0,15.0
TXN1007529,retry,2026-03-03 04:27:50,1,8611.06,148.0,3,0,0,2.0
TXN1007529,reminder,2026-03-03 03:57:50,1,8611.06,314.0,2,0,0,1.0
TXN1007529,escalation,2026-03-03 02:59:50,0,0.0,,2,1,0,15.0
TXN1007530,retry,2026-03-29 07:14:48,0,0.0,,2,1,0,2.0
TXN1007530,reminder,2026-03-29 06:59:48,0,0.0,,1,1,0,1.0
TXN1007530,escalation,2026-03-29 08:11:48,1,1435.88,87.0,1,0,0,15.0
TXN1007531,retry,2026-06-02 23:09:03,1,2536.9,37.0,3,0,0,2.0
TXN1007531,reminder,2026-06-02 21:54:03,0,0.0,,2,1,0,1.0
TXN1007531,escalation,2026-06-03 00:21:03,1,2536.9,297.0,2,0,0,15.0
TXN1007537,retry,2026-04-01 12:42:14,1,8743.41,322.0,3,0,0,2.0
TXN1007537,reminder,2026-04-01 10:47:14,1,8743.41,344.0,2,0,0,1.0
TXN1007537,escalation,2026-04-01 10:54:14,1,8743.41,199.0,2,0,0,15.0
TXN1007541,retry,2026-05-27 12:56:31,1,4069.06,315.0,4,0,1,2.0
TXN1007541,reminder,2026-05-27 13:22:31,0,0.0,,3,1,0,1.0
TXN1007541,escalation,2026-05-27 14:12:31,0,0.0,,3,1,0,15.0
TXN1007542,retry,2026-05-11 16:13:38,1,15440.45,88.0,2,0,0,2.0
TXN1007542,reminder,2026-05-11 17:14:38,0,0.0,,1,1,0,1.0
TXN1007542,escalation,2026-05-11 16:52:38,1,15440.45,213.0,1,0,0,15.0
TXN1007546,retry,2026-04-07 00:39:35,1,10943.9,74.0,4,0,1,2.0
TXN1007546,reminder,2026-04-07 00:29:35,1,10943.9,111.0,3,0,0,1.0
TXN1007546,escalation,2026-04-06 23:52:35,0,0.0,,3,1,0,15.0
TXN1007547,retry,2026-02-27 15:30:54,0,0.0,,3,1,0,2.0
TXN1007547,reminder,2026-02-27 16:02:54,0,0.0,,2,1,0,1.0
TXN1007547,escalation,2026-02-27 15:44:54,0,0.0,,2,1,0,15.0
TXN1007548,retry,2026-05-06 22:56:57,1,17279.18,280.0,5,0,1,2.0
TXN1007548,reminder,2026-05-07 00:10:57,0,0.0,,4,1,0,1.0
TXN1007548,escalation,2026-05-06 23:49:57,0,0.0,,4,1,0,15.0
TXN1007549,retry,2026-02-05 22:27:09,1,1735.7,275.0,2,0,0,2.0
TXN1007549,reminder,2026-02-06 00:16:09,0,0.0,,1,1,0,1.0
TXN1007549,escalation,2026-02-05 23:03:09,0,0.0,,1,1,0,15.0
TXN1007550,retry,2026-02-19 19:46:24,1,21905.26,188.0,3,0,0,2.0
TXN1007550,reminder,2026-02-19 19:35:24,1,21905.26,252.0,2,0,0,1.0
TXN1007550,escalation,2026-02-19 20:05:24,0,0.0,,2,1,0,15.0
TXN1007559,retry,2026-01-10 01:45:29,1,5459.99,38.0,3,0,0,2.0
TXN1007559,reminder,2026-01-10 03:41:29,0,0.0,,2,1,0,1.0
TXN1007559,escalation,2026-01-10 02:50:29,0,0.0,,2,1,0,15.0
TXN1007564,retry,2026-05-23 14:50:48,0,0.0,,3,1,0,2.0
TXN1007564,reminder,2026-05-23 13:02:48,0,0.0,,2,1,0,1.0
TXN1007564,escalation,2026-05-23 13:51:48,1,4454.26,264.0,2,0,0,15.0
TXN1007566,retry,2026-03-20 05:34:39,1,26649.82,266.0,2,0,0,2.0
TXN1007566,reminder,2026-03-20 07:55:39,1,26649.82,273.0,1,0,0,1.0
TXN1007566,escalation,2026-03-20 05:40:39,1,26649.82,49.0,1,0,0,15.0
TXN1007567,retry,2026-06-09 10:02:47,1,4244.32,180.0,2,0,0,2.0
TXN1007567,reminder,2026-06-09 10:12:47,0,0.0,,1,1,0,1.0
TXN1007567,escalation,2026-06-09 10:42:47,1,4244.32,176.0,1,0,0,15.0
TXN1007568,retry,2026-01-18 18:44:10,1,5993.15,29.0,2,0,0,2.0
TXN1007568,reminder,2026-01-18 18:35:10,0,0.0,,1,1,0,1.0
TXN1007568,escalation,2026-01-18 18:40:10,0,0.0,,1,1,0,15.0
TXN1007572,retry,2026-02-19 05:17:32,1,1989.3,134.0,2,0,0,2.0
TXN1007572,reminder,2026-02-19 06:55:32,0,0.0,,1,1,0,1.0
TXN1007572,escalation,2026-02-19 05:13:32,1,1989.3,341.0,1,0,0,15.0
TXN1007573,retry,2026-04-27 16:59:53,1,6784.29,82.0,2,0,0,2.0
TXN1007573,reminder,2026-04-27 16:26:53,0,0.0,,1,1,0,1.0
TXN1007573,escalation,2026-04-27 18:22:53,1,6784.29,123.0,1,0,0,15.0
TXN1007574,retry,2026-04-07 21:11:54,0,0.0,,4,1,1,2.0
TXN1007574,reminder,2026-04-07 20:06:54,0,0.0,,3,1,0,1.0
TXN1007574,escalation,2026-04-07 19:33:54,0,0.0,,3,1,0,15.0
TXN1007578,retry,2026-06-20 02:38:52,1,1684.2,165.0,2,0,0,2.0
TXN1007578,reminder,2026-06-20 01:57:52,0,0.0,,1,1,0,1.0
TXN1007578,escalation,2026-06-20 02:20:52,1,1684.2,293.0,1,0,0,15.0
TXN1007589,retry,2026-04-02 20:34:43,1,5603.08,116.0,4,0,1,2.0
TXN1007589,reminder,2026-04-02 19:09:43,0,0.0,,3,1,0,1.0
TXN1007589,escalation,2026-04-02 20:22:43,1,5603.08,346.0,3,0,0,15.0
TXN1007590,retry,2026-03-03 09:10:48,1,3836.47,316.0,3,0,0,2.0
TXN1007590,reminder,2026-03-03 08:26:48,1,3836.47,69.0,2,0,0,1.0
TXN1007590,escalation,2026-03-03 08:16:48,1,3836.47,51.0,2,0,0,15.0
TXN1007591,retry,2026-04-14 01:52:28,1,4699.36,19.0,2,0,0,2.0
TXN1007591,reminder,2026-04-14 01:11:28,0,0.0,,1,1,0,1.0
TXN1007591,escalation,2026-04-14 01:26:28,0,0.0,,1,1,0,15.0
TXN1007593,retry,2026-04-23 19:53:27,0,0.0,,4,1,1,2.0
TXN1007593,reminder,2026-04-23 18:34:27,0,0.0,,3,1,0,1.0
TXN1007593,escalation,2026-04-23 18:01:27,1,4015.5,8.0,3,0,0,15.0
TXN1007596,retry,2026-02-09 04:44:19,0,0.0,,4,1,1,2.0
TXN1007596,reminder,2026-02-09 06:56:19,0,0.0,,3,1,0,1.0
TXN1007596,escalation,2026-02-09 05:39:19,0,0.0,,3,1,0,15.0
TXN1007600,retry,2026-06-22 11:28:39,1,17454.09,6.0,2,0,0,2.0
TXN1007600,reminder,2026-06-22 10:57:39,1,17454.09,96.0,1,0,0,1.0
TXN1007600,escalation,2026-06-22 13:19:39,1,17454.09,49.0,1,0,0,15.0
TXN1007601,retry,2026-05-22 01:11:00,0,0.0,,3,1,0,2.0
TXN1007601,reminder,2026-05-22 01:25:00,0,0.0,,2,1,0,1.0
TXN1007601,escalation,2026-05-22 02:14:00,1,1263.05,265.0,2,0,0,15.0
TXN1007608,retry,2026-06-16 09:00:15,0,0.0,,3,1,0,2.0
TXN1007608,reminder,2026-06-16 08:26:15,1,4945.75,277.0,2,0,0,1.0
TXN1007608,escalation,2026-06-16 08:36:15,0,0.0,,2,1,0,15.0
TXN1007609,retry,2026-02-17 13:54:04,1,42813.63,137.0,4,0,1,2.0
TXN1007609,reminder,2026-02-17 13:16:04,0,0.0,,3,1,0,1.0
TXN1007609,escalation,2026-02-17 13:27:04,0,0.0,,3,1,0,15.0
TXN1007612,retry,2026-04-11 05:39:10,1,1238.52,185.0,2,0,0,2.0
TXN1007612,reminder,2026-04-11 06:09:10,0,0.0,,1,1,0,1.0
TXN1007612,escalation,2026-04-11 04:38:10,1,1238.52,227.0,1,0,0,15.0
TXN1007619,retry,2026-03-12 07:52:05,1,4866.08,68.0,2,0,0,2.0
TXN1007619,reminder,2026-03-12 07:56:05,1,4866.08,261.0,1,0,0,1.0
TXN1007619,escalation,2026-03-12 07:37:05,1,4866.08,56.0,1,0,0,15.0
TXN1007621,retry,2026-04-01 15:50:47,0,0.0,,2,1,0,2.0
TXN1007621,reminder,2026-04-01 14:44:47,1,3484.97,291.0,1,0,0,1.0
TXN1007621,escalation,2026-04-01 15:25:47,0,0.0,,1,1,0,15.0
TXN1007625,retry,2026-06-03 14:50:02,1,5852.07,106.0,2,0,0,2.0
TXN1007625,reminder,2026-06-03 15:15:02,1,5852.07,250.0,1,0,0,1.0
TXN1007625,escalation,2026-06-03 15:18:02,1,5852.07,309.0,1,0,0,15.0
TXN1007629,retry,2026-05-16 15:32:37,1,774.57,179.0,2,0,0,2.0
TXN1007629,reminder,2026-05-16 16:07:37,1,774.57,72.0,1,0,0,1.0
TXN1007629,escalation,2026-05-16 14:10:37,0,0.0,,1,1,0,15.0
TXN1007630,retry,2026-06-03 16:31:09,1,7005.14,2.0,3,0,0,2.0
TXN1007630,reminder,2026-06-03 15:23:09,1,7005.14,93.0,2,0,0,1.0
TXN1007630,escalation,2026-06-03 16:12:09,0,0.0,,2,1,0,15.0
TXN1007631,retry,2026-06-24 16:51:46,1,4591.64,217.0,3,0,0,2.0
TXN1007631,reminder,2026-06-24 16:55:46,1,4591.64,24.0,2,0,0,1.0
TXN1007631,escalation,2026-06-24 16:58:46,0,0.0,,2,1,0,15.0
TXN1007636,retry,2026-04-14 12:28:22,1,1725.75,189.0,2,0,0,2.0
TXN1007636,reminder,2026-04-14 14:43:22,1,1725.75,224.0,1,0,0,1.0
TXN1007636,escalation,2026-04-14 13:05:22,1,1725.75,206.0,1,0,0,15.0
TXN1007637,retry,2026-06-25 08:54:34,0,0.0,,4,1,1,2.0
TXN1007637,reminder,2026-06-25 08:42:34,0,0.0,,3,1,0,1.0
TXN1007637,escalation,2026-06-25 09:58:34,1,17428.72,110.0,3,0,0,15.0
TXN1007639,retry,2026-06-12 17:52:04,0,0.0,,2,1,0,2.0
TXN1007639,reminder,2026-06-12 18:28:04,0,0.0,,1,1,0,1.0
TXN1007639,escalation,2026-06-12 17:01:04,0,0.0,,1,1,0,15.0
TXN1007646,retry,2026-02-18 13:31:30,1,10359.45,208.0,2,0,0,2.0
TXN1007646,reminder,2026-02-18 14:18:30,0,0.0,,1,1,0,1.0
TXN1007646,escalation,2026-02-18 14:34:30,0,0.0,,1,1,0,15.0
TXN1007647,retry,2026-04-14 23:54:31,0,0.0,,2,1,0,2.0
TXN1007647,reminder,2026-04-14 21:55:31,1,3324.36,99.0,1,0,0,1.0
TXN1007647,escalation,2026-04-14 23:09:31,1,3324.36,162.0,1,0,0,15.0
TXN1007649,retry,2026-01-03 10:48:40,0,0.0,,3,1,0,2.0
TXN1007649,reminder,2026-01-03 10:20:40,0,0.0,,2,1,0,1.0
TXN1007649,escalation,2026-01-03 10:15:40,1,200.0,41.0,2,0,1,15.0
TXN1007655,retry,2026-04-08 05:16:12,1,3204.92,204.0,3,0,0,2.0
TXN1007655,reminder,2026-04-08 05:19:12,0,0.0,,2,1,0,1.0
TXN1007655,escalation,2026-04-08 05:56:12,0,0.0,,2,1,0,15.0
TXN1007656,retry,2026-06-04 06:16:03,1,5216.91,342.0,3,0,0,2.0
TXN1007656,reminder,2026-06-04 04:22:03,0,0.0,,2,1,0,1.0
TXN1007656,escalation,2026-06-04 05:04:03,0,0.0,,2,1,0,15.0
TXN1007659,retry,2026-02-28 09:44:39,1,31209.79,259.0,2,0,0,2.0
TXN1007659,reminder,2026-02-28 08:44:39,1,31209.79,124.0,1,0,0,1.0
TXN1007659,escalation,2026-02-28 09:31:39,1,31209.79,209.0,1,0,0,15.0
TXN1007660,retry,2026-03-14 19:37:08,1,2171.29,71.0,2,0,0,2.0
TXN1007660,reminder,2026-03-14 18:55:08,0,0.0,,1,1,0,1.0
TXN1007660,escalation,2026-03-14 18:32:08,0,0.0,,1,1,0,15.0
TXN1007663,retry,2026-02-01 13:16:45,1,2265.59,65.0,2,0,0,2.0
TXN1007663,reminder,2026-02-01 14:09:45,1,2265.59,115.0,1,0,0,1.0
TXN1007663,escalation,2026-02-01 12:01:45,1,2265.59,237.0,1,0,0,15.0
TXN1007665,retry,2026-03-07 22:42:50,1,4383.27,349.0,2,0,0,2.0
TXN1007665,reminder,2026-03-07 21:20:50,1,4383.27,323.0,1,0,0,1.0
TXN1007665,escalation,2026-03-07 21:44:50,1,4383.27,228.0,1,0,0,15.0
TXN1007667,retry,2026-02-28 22:27:29,1,6956.94,271.0,2,0,0,2.0
TXN1007667,reminder,2026-02-28 23:24:29,1,6956.94,317.0,1,0,0,1.0
TXN1007667,escalation,2026-02-28 23:06:29,1,6956.94,157.0,1,0,0,15.0
TXN1007668,retry,2026-01-24 04:26:34,1,4717.92,80.0,2,0,0,2.0
TXN1007668,reminder,2026-01-24 06:30:34,0,0.0,,1,1,0,1.0
TXN1007668,escalation,2026-01-24 06:42:34,1,4717.92,38.0,1,0,0,15.0
TXN1007676,retry,2026-02-10 11:24:18,0,0.0,,2,1,0,2.0
TXN1007676,reminder,2026-02-10 12:16:18,0,0.0,,1,1,0,1.0
TXN1007676,escalation,2026-02-10 12:31:18,1,1268.97,58.0,1,0,0,15.0
TXN1007679,retry,2026-05-17 10:34:06,0,0.0,,2,1,0,2.0
TXN1007679,reminder,2026-05-17 10:40:06,0,0.0,,1,1,0,1.0
TXN1007679,escalation,2026-05-17 10:48:06,0,0.0,,1,1,0,15.0
TXN1007680,retry,2026-01-28 01:00:55,0,0.0,,3,1,0,2.0
TXN1007680,reminder,2026-01-28 00:26:55,1,17513.12,169.0,2,0,0,1.0
TXN1007680,escalation,2026-01-27 23:00:55,1,17513.12,322.0,2,0,0,15.0
TXN1007684,retry,2026-05-14 19:27:58,1,6734.78,321.0,2,0,0,2.0
TXN1007684,reminder,2026-05-14 20:04:58,0,0.0,,1,1,0,1.0
TXN1007684,escalation,2026-05-14 21:48:58,1,6734.78,61.0,1,0,0,15.0
TXN1007687,retry,2026-01-15 17:46:55,0,0.0,,2,1,0,2.0
TXN1007687,reminder,2026-01-15 18:56:55,0,0.0,,1,1,0,1.0
TXN1007687,escalation,2026-01-15 18:54:55,1,4121.41,209.0,1,0,0,15.0
TXN1007689,retry,2026-05-08 20:12:30,1,8838.45,286.0,2,0,0,2.0
TXN1007689,reminder,2026-05-08 19:09:30,1,8838.45,219.0,1,0,0,1.0
TXN1007689,escalation,2026-05-08 18:00:30,0,0.0,,1,1,0,15.0
TXN1007690,retry,2026-04-10 14:16:35,0,0.0,,4,1,1,2.0
TXN1007690,reminder,2026-04-10 13:04:35,0,0.0,,3,1,0,1.0
TXN1007690,escalation,2026-04-10 14:29:35,1,1614.87,73.0,3,0,0,15.0
TXN1007692,retry,2026-04-12 08:04:16,1,22863.06,265.0,2,0,0,2.0
TXN1007692,reminder,2026-04-12 09:02:16,1,22863.06,194.0,1,0,0,1.0
TXN1007692,escalation,2026-04-12 10:11:16,0,0.0,,1,1,0,15.0
TXN1007694,retry,2026-05-14 07:13:35,1,5542.09,303.0,2,0,0,2.0
TXN1007694,reminder,2026-05-14 07:28:35,0,0.0,,1,1,0,1.0
TXN1007694,escalation,2026-05-14 04:43:35,0,0.0,,1,1,0,15.0
TXN1007704,retry,2026-06-22 02:51:45,1,2367.08,247.0,3,0,0,2.0
TXN1007704,reminder,2026-06-22 04:35:45,1,2367.08,28.0,2,0,0,1.0
TXN1007704,escalation,2026-06-22 04:26:45,1,2367.08,212.0,2,0,0,15.0
TXN1007705,retry,2026-05-20 08:38:49,1,3960.07,15.0,2,0,0,2.0
TXN1007705,reminder,2026-05-20 07:43:49,0,0.0,,1,1,0,1.0
TXN1007705,escalation,2026-05-20 09:21:49,0,0.0,,1,1,0,15.0
TXN1007706,retry,2026-05-29 03:53:55,1,1892.24,166.0,2,0,0,2.0
TXN1007706,reminder,2026-05-29 03:37:55,1,1892.24,98.0,1,0,0,1.0
TXN1007706,escalation,2026-05-29 03:10:55,0,0.0,,1,1,0,15.0
TXN1007707,retry,2026-06-15 05:24:07,0,0.0,,4,1,1,2.0
TXN1007707,reminder,2026-06-15 05:32:07,1,11985.07,14.0,3,0,0,1.0
TXN1007707,escalation,2026-06-15 05:06:07,0,0.0,,3,1,0,15.0
TXN1007710,retry,2026-02-13 00:01:57,0,0.0,,3,1,0,2.0
TXN1007710,reminder,2026-02-13 02:06:57,1,3507.3,189.0,2,0,0,1.0
TXN1007710,escalation,2026-02-13 01:33:57,0,0.0,,2,1,0,15.0
TXN1007712,retry,2026-01-06 00:38:24,0,0.0,,3,1,0,2.0
TXN1007712,reminder,2026-01-06 01:07:24,0,0.0,,2,1,0,1.0
TXN1007712,escalation,2026-01-06 02:07:24,0,0.0,,2,1,0,15.0
TXN1007716,retry,2026-04-20 05:01:36,0,0.0,,3,1,0,2.0
TXN1007716,reminder,2026-04-20 07:05:36,0,0.0,,2,1,0,1.0
TXN1007716,escalation,2026-04-20 05:30:36,1,5098.25,152.0,2,0,0,15.0
TXN1007717,retry,2026-03-19 07:02:51,0,0.0,,2,1,0,2.0
TXN1007717,reminder,2026-03-19 08:49:51,1,1295.6,272.0,1,0,0,1.0
TXN1007717,escalation,2026-03-19 08:27:51,0,0.0,,1,1,0,15.0
TXN1007719,retry,2026-01-15 22:01:47,0,0.0,,3,1,0,2.0
TXN1007719,reminder,2026-01-15 22:28:47,1,1806.98,268.0,2,0,0,1.0
TXN1007719,escalation,2026-01-15 20:58:47,0,0.0,,2,1,0,15.0
TXN1007720,retry,2026-06-23 18:12:31,1,2764.61,3.0,3,0,0,2.0
TXN1007720,reminder,2026-06-23 18:57:31,0,0.0,,2,1,0,1.0
TXN1007720,escalation,2026-06-23 19:54:31,1,2764.61,89.0,2,0,0,15.0
TXN1007721,retry,2026-04-25 21:49:20,1,10162.52,204.0,2,0,0,2.0
TXN1007721,reminder,2026-04-25 21:07:20,0,0.0,,1,1,0,1.0
TXN1007721,escalation,2026-04-25 20:23:20,1,10162.52,69.0,1,0,0,15.0
TXN1007722,retry,2026-01-19 14:25:02,1,9941.87,49.0,2,0,0,2.0
TXN1007722,reminder,2026-01-19 14:05:02,1,9941.87,210.0,1,0,0,1.0
TXN1007722,escalation,2026-01-19 15:11:02,1,9941.87,141.0,1,0,0,15.0
TXN1007725,retry,2026-01-07 18:57:26,0,0.0,,2,1,0,2.0
TXN1007725,reminder,2026-01-07 20:08:26,1,3089.02,82.0,1,0,0,1.0
TXN1007725,escalation,2026-01-07 20:35:26,1,3089.02,234.0,1,0,0,15.0
TXN1007728,retry,2026-02-14 09:57:26,0,0.0,,2,1,0,2.0
TXN1007728,reminder,2026-02-14 11:52:26,1,2108.16,146.0,1,0,0,1.0
TXN1007728,escalation,2026-02-14 11:06:26,1,2108.16,136.0,1,0,0,15.0
TXN1007730,retry,2026-03-14 12:13:09,0,0.0,,4,1,1,2.0
TXN1007730,reminder,2026-03-14 10:04:09,0,0.0,,3,1,0,1.0
TXN1007730,escalation,2026-03-14 11:35:09,1,2759.46,319.0,3,0,0,15.0
TXN1007732,retry,2026-03-08 13:56:11,0,0.0,,2,1,0,2.0
TXN1007732,reminder,2026-03-08 14:32:11,0,0.0,,1,1,0,1.0
TXN1007732,escalation,2026-03-08 13:25:11,0,0.0,,1,1,0,15.0
TXN1007733,retry,2026-06-03 16:16:47,0,0.0,,2,1,0,2.0
TXN1007733,reminder,2026-06-03 16:14:47,1,2436.7,316.0,1,0,0,1.0
TXN1007733,escalation,2026-06-03 17:00:47,0,0.0,,1,1,0,15.0
TXN1007735,retry,2026-06-29 17:45:05,1,5482.14,102.0,2,0,0,2.0
TXN1007735,reminder,2026-06-29 18:25:05,1,5482.14,122.0,1,0,0,1.0
TXN1007735,escalation,2026-06-29 18:03:05,1,5482.14,349.0,1,0,0,15.0
TXN1007737,retry,2026-04-12 05:29:09,1,2658.21,95.0,2,0,0,2.0
TXN1007737,reminder,2026-04-12 05:30:09,0,0.0,,1,1,0,1.0
TXN1007737,escalation,2026-04-12 06:07:09,1,2658.21,249.0,1,0,0,15.0
TXN1007740,retry,2026-01-11 09:26:27,1,9566.35,262.0,2,0,0,2.0
TXN1007740,reminder,2026-01-11 11:03:27,0,0.0,,1,1,0,1.0
TXN1007740,escalation,2026-01-11 10:25:27,0,0.0,,1,1,0,15.0
TXN1007741,retry,2026-04-17 00:00:44,1,1961.4,181.0,3,0,0,2.0
TXN1007741,reminder,2026-04-17 02:02:44,0,0.0,,2,1,0,1.0
TXN1007741,escalation,2026-04-17 00:18:44,0,0.0,,2,1,0,15.0
TXN1007742,retry,2026-03-13 23:34:46,1,9079.26,269.0,2,0,0,2.0
TXN1007742,reminder,2026-03-13 22:27:46,1,9079.26,229.0,1,0,0,1.0
TXN1007742,escalation,2026-03-13 23:02:46,0,0.0,,1,1,0,15.0
TXN1007743,retry,2026-04-01 07:51:35,1,11654.67,273.0,3,0,0,2.0
TXN1007743,reminder,2026-04-01 07:27:35,1,11654.67,222.0,2,0,0,1.0
TXN1007743,escalation,2026-04-01 07:34:35,1,11654.67,271.0,2,0,0,15.0
TXN1007745,retry,2026-04-30 23:22:05,1,4915.81,90.0,2,0,0,2.0
TXN1007745,reminder,2026-04-30 20:44:05,0,0.0,,1,1,0,1.0
TXN1007745,escalation,2026-04-30 21:09:05,1,4915.81,37.0,1,0,0,15.0
TXN1007746,retry,2026-06-14 18:00:48,1,6368.9,19.0,2,0,0,2.0
TXN1007746,reminder,2026-06-14 17:00:48,1,6368.9,310.0,1,0,0,1.0
TXN1007746,escalation,2026-06-14 17:04:48,1,6368.9,200.0,1,0,0,15.0
TXN1007747,retry,2026-01-20 17:17:33,1,1891.82,204.0,4,0,1,2.0
TXN1007747,reminder,2026-01-20 18:21:33,0,0.0,,3,1,0,1.0
TXN1007747,escalation,2026-01-20 18:51:33,1,1891.82,318.0,3,0,0,15.0
TXN1007748,retry,2026-02-06 21:01:51,1,15081.53,25.0,2,0,0,2.0
TXN1007748,reminder,2026-02-06 20:22:51,1,15081.53,193.0,1,0,0,1.0
TXN1007748,escalation,2026-02-06 20:34:51,1,15081.53,8.0,1,0,0,15.0
TXN1007749,retry,2026-03-27 21:40:07,1,12435.67,296.0,2,0,0,2.0
TXN1007749,reminder,2026-03-27 21:41:07,1,12435.67,268.0,1,0,0,1.0
TXN1007749,escalation,2026-03-27 23:08:07,1,12435.67,191.0,1,0,0,15.0
TXN1007750,retry,2026-02-03 03:05:07,1,2092.85,325.0,4,0,1,2.0
TXN1007750,reminder,2026-02-03 03:31:07,1,2092.85,295.0,3,0,0,1.0
TXN1007750,escalation,2026-02-03 03:36:07,0,0.0,,3,1,0,15.0
TXN1007751,retry,2026-06-12 07:07:10,0,0.0,,2,1,0,2.0
TXN1007751,reminder,2026-06-12 08:05:10,1,8022.83,22.0,1,0,0,1.0
TXN1007751,escalation,2026-06-12 08:17:10,0,0.0,,1,1,0,15.0
TXN1007753,retry,2026-04-15 19:29:31,0,0.0,,2,1,0,2.0
TXN1007753,reminder,2026-04-15 20:18:31,0,0.0,,1,1,0,1.0
TXN1007753,escalation,2026-04-15 20:30:31,0,0.0,,1,1,0,15.0
TXN1007758,retry,2026-04-17 00:35:20,1,2365.41,193.0,3,0,0,2.0
TXN1007758,reminder,2026-04-17 00:36:20,0,0.0,,2,1,0,1.0
TXN1007758,escalation,2026-04-17 00:32:20,0,0.0,,2,1,0,15.0
TXN1007762,retry,2026-04-28 21:35:37,1,2137.4,115.0,2,0,0,2.0
TXN1007762,reminder,2026-04-28 20:47:37,0,0.0,,1,1,0,1.0
TXN1007762,escalation,2026-04-28 23:05:37,0,0.0,,1,1,0,15.0
TXN1007766,retry,2026-04-27 17:16:39,0,0.0,,2,1,0,2.0
TXN1007766,reminder,2026-04-27 15:25:39,0,0.0,,1,1,0,1.0
TXN1007766,escalation,2026-04-27 16:38:39,1,1147.92,288.0,1,0,0,15.0
TXN1007768,retry,2026-01-23 10:07:03,1,4096.54,207.0,2,0,0,2.0
TXN1007768,reminder,2026-01-23 11:15:03,1,4096.54,135.0,1,0,0,1.0
TXN1007768,escalation,2026-01-23 12:28:03,1,4096.54,146.0,1,0,0,15.0
TXN1007771,retry,2026-05-09 04:22:43,0,0.0,,2,1,0,2.0
TXN1007771,reminder,2026-05-09 02:38:43,1,774.6,119.0,1,0,0,1.0
TXN1007771,escalation,2026-05-09 03:59:43,0,0.0,,1,1,0,15.0
TXN1007772,retry,2026-03-15 19:46:05,0,0.0,,3,1,0,2.0
TXN1007772,reminder,2026-03-15 18:51:05,1,5953.61,61.0,2,0,0,1.0
TXN1007772,escalation,2026-03-15 21:25:05,0,0.0,,2,1,0,15.0
TXN1007781,retry,2026-04-06 03:14:43,0,0.0,,2,1,0,2.0
TXN1007781,reminder,2026-04-06 03:50:43,1,8204.48,104.0,1,0,0,1.0
TXN1007781,escalation,2026-04-06 03:44:43,1,8204.48,303.0,1,0,0,15.0
TXN1007785,retry,2026-04-30 00:54:49,1,4128.92,84.0,3,0,0,2.0
TXN1007785,reminder,2026-04-30 02:07:49,0,0.0,,2,1,0,1.0
TXN1007785,escalation,2026-04-30 02:07:49,0,0.0,,2,1,0,15.0
TXN1007788,retry,2026-03-20 11:23:10,0,0.0,,2,1,0,2.0
TXN1007788,reminder,2026-03-20 10:33:10,0,0.0,,1,1,0,1.0
TXN1007788,escalation,2026-03-20 10:07:10,1,27870.84,170.0,1,0,0,15.0
TXN1007791,retry,2026-02-15 08:24:22,0,0.0,,5,1,1,2.0
TXN1007791,reminder,2026-02-15 08:36:22,1,5412.12,282.0,4,0,0,1.0
TXN1007791,escalation,2026-02-15 09:21:22,1,5412.12,4.0,4,0,0,15.0
TXN1007795,retry,2026-05-11 01:16:19,1,3210.4,244.0,5,0,1,2.0
TXN1007795,reminder,2026-05-11 03:12:19,1,3210.4,352.0,4,0,0,1.0
TXN1007795,escalation,2026-05-11 00:56:19,0,0.0,,4,1,0,15.0
TXN1007796,retry,2026-01-09 13:15:46,1,4940.21,343.0,3,0,0,2.0
TXN1007796,reminder,2026-01-09 12:20:46,1,4940.21,269.0,2,0,0,1.0
TXN1007796,escalation,2026-01-09 13:56:46,1,4940.21,331.0,2,0,0,15.0
TXN1007797,retry,2026-03-27 19:51:01,0,0.0,,2,1,0,2.0
TXN1007797,reminder,2026-03-27 18:07:01,0,0.0,,1,1,0,1.0
TXN1007797,escalation,2026-03-27 18:47:01,0,0.0,,1,1,0,15.0
TXN1007800,retry,2026-02-26 17:51:54,1,9210.15,283.0,2,0,0,2.0
TXN1007800,reminder,2026-02-26 16:33:54,1,9210.15,241.0,1,0,0,1.0
TXN1007800,escalation,2026-02-26 16:06:54,1,9210.15,325.0,1,0,0,15.0
TXN1007801,retry,2026-06-17 05:53:56,1,5286.57,358.0,4,0,1,2.0
TXN1007801,reminder,2026-06-17 08:18:56,1,5286.57,254.0,3,0,0,1.0
TXN1007801,escalation,2026-06-17 06:47:56,1,5286.57,103.0,3,0,0,15.0
TXN1007803,retry,2026-01-29 11:53:57,0,0.0,,3,1,0,2.0
TXN1007803,reminder,2026-01-29 11:22:57,1,893.07,73.0,2,0,0,1.0
TXN1007803,escalation,2026-01-29 11:50:57,0,0.0,,2,1,0,15.0
TXN1007804,retry,2026-05-26 22:36:01,0,0.0,,2,1,0,2.0
TXN1007804,reminder,2026-05-26 23:05:01,1,88975.56,277.0,1,0,0,1.0
TXN1007804,escalation,2026-05-26 23:09:01,0,0.0,,1,1,0,15.0
TXN1007806,retry,2026-03-28 18:23:03,0,0.0,,3,1,0,2.0
TXN1007806,reminder,2026-03-28 18:40:03,0,0.0,,2,1,0,1.0
TXN1007806,escalation,2026-03-28 17:08:03,1,4488.75,125.0,2,0,0,15.0
TXN1007807,retry,2026-02-15 13:41:00,1,10276.61,267.0,2,0,0,2.0
TXN1007807,reminder,2026-02-15 14:06:00,1,10276.61,312.0,1,0,0,1.0
TXN1007807,escalation,2026-02-15 13:37:00,1,10276.61,250.0,1,0,0,15.0
TXN1007809,retry,2026-02-22 09:34:07,0,0.0,,2,1,0,2.0
TXN1007809,reminder,2026-02-22 09:32:07,1,1501.26,141.0,1,0,0,1.0
TXN1007809,escalation,2026-02-22 10:10:07,1,1501.26,280.0,1,0,0,15.0
TXN1007812,retry,2026-05-17 13:48:33,1,799.16,205.0,2,0,0,2.0
TXN1007812,reminder,2026-05-17 14:49:33,1,799.16,68.0,1,0,0,1.0
TXN1007812,escalation,2026-05-17 15:51:33,1,799.16,353.0,1,0,0,15.0
TXN1007813,retry,2026-05-04 00:04:17,1,2673.73,114.0,2,0,0,2.0
TXN1007813,reminder,2026-05-04 00:10:17,1,2673.73,88.0,1,0,0,1.0
TXN1007813,escalation,2026-05-03 22:06:17,1,2673.73,278.0,1,0,0,15.0
TXN1007815,retry,2026-02-09 05:09:39,0,0.0,,2,1,0,2.0
TXN1007815,reminder,2026-02-09 05:19:39,0,0.0,,1,1,0,1.0
TXN1007815,escalation,2026-02-09 05:30:39,1,1643.78,334.0,1,0,0,15.0
TXN1007816,retry,2026-05-03 20:42:35,0,0.0,,4,1,1,2.0
TXN1007816,reminder,2026-05-03 20:16:35,1,11195.33,346.0,3,0,0,1.0
TXN1007816,escalation,2026-05-03 22:05:35,0,0.0,,3,1,0,15.0
TXN1007817,retry,2026-03-23 16:42:09,0,0.0,,2,1,0,2.0
TXN1007817,reminder,2026-03-23 14:57:09,0,0.0,,1,1,0,1.0
TXN1007817,escalation,2026-03-23 16:31:09,1,7463.18,106.0,1,0,0,15.0
TXN1007819,retry,2026-01-28 15:17:59,0,0.0,,2,1,0,2.0
TXN1007819,reminder,2026-01-28 16:22:59,1,12888.2,274.0,1,0,0,1.0
TXN1007819,escalation,2026-01-28 16:02:59,1,12888.2,170.0,1,0,0,15.0
TXN1007820,retry,2026-01-16 23:18:11,1,6636.99,281.0,2,0,0,2.0
TXN1007820,reminder,2026-01-16 21:51:11,0,0.0,,1,1,0,1.0
TXN1007820,escalation,2026-01-16 23:04:11,0,0.0,,1,1,0,15.0
TXN1007821,retry,2026-01-18 11:11:52,0,0.0,,3,1,0,2.0
TXN1007821,reminder,2026-01-18 11:26:52,0,0.0,,2,1,0,1.0
TXN1007821,escalation,2026-01-18 09:37:52,1,3085.21,262.0,2,0,0,15.0
TXN1007826,retry,2026-03-08 08:15:55,1,3831.23,126.0,2,0,0,2.0
TXN1007826,reminder,2026-03-08 08:10:55,0,0.0,,1,1,0,1.0
TXN1007826,escalation,2026-03-08 09:42:55,0,0.0,,1,1,0,15.0
TXN1007830,retry,2026-04-28 05:55:19,1,2420.92,64.0,4,0,1,2.0
TXN1007830,reminder,2026-04-28 06:09:19,0,0.0,,3,1,0,1.0
TXN1007830,escalation,2026-04-28 05:52:19,0,0.0,,3,1,0,15.0
TXN1007832,retry,2026-03-16 14:05:34,1,860.29,45.0,2,0,0,2.0
TXN1007832,reminder,2026-03-16 12:39:34,0,0.0,,1,1,0,1.0
TXN1007832,escalation,2026-03-16 14:25:34,1,860.29,267.0,1,0,0,15.0
TXN1007837,retry,2026-01-24 10:03:53,1,1523.0,194.0,3,0,0,2.0
TXN1007837,reminder,2026-01-24 10:39:53,1,1523.0,224.0,2,0,0,1.0
TXN1007837,escalation,2026-01-24 09:02:53,1,1523.0,268.0,2,0,0,15.0
TXN1007838,retry,2026-04-07 08:05:07,0,0.0,,2,1,0,2.0
TXN1007838,reminder,2026-04-07 08:56:07,0,0.0,,1,1,0,1.0
TXN1007838,escalation,2026-04-07 09:01:07,0,0.0,,1,1,0,15.0
TXN1007840,retry,2026-02-27 10:04:58,0,0.0,,4,1,1,2.0
TXN1007840,reminder,2026-02-27 09:53:58,0,0.0,,3,1,0,1.0
TXN1007840,escalation,2026-02-27 11:59:58,1,5509.9,139.0,3,0,0,15.0
TXN1007841,retry,2026-01-07 07:28:32,1,2507.05,245.0,3,0,0,2.0
TXN1007841,reminder,2026-01-07 07:12:32,0,0.0,,2,1,0,1.0
TXN1007841,escalation,2026-01-07 08:55:32,1,2507.05,95.0,2,0,0,15.0
TXN1007842,retry,2026-05-29 21:27:24,1,1187.16,111.0,4,0,1,2.0
TXN1007842,reminder,2026-05-29 22:37:24,0,0.0,,3,1,0,1.0
TXN1007842,escalation,2026-05-29 21:30:24,0,0.0,,3,1,0,15.0
TXN1007843,retry,2026-06-17 15:15:07,0,0.0,,3,1,0,2.0
TXN1007843,reminder,2026-06-17 13:54:07,0,0.0,,2,1,0,1.0
TXN1007843,escalation,2026-06-17 13:35:07,0,0.0,,2,1,0,15.0
TXN1007852,retry,2026-05-10 01:53:16,0,0.0,,3,1,0,2.0
TXN1007852,reminder,2026-05-10 03:01:16,1,12033.83,295.0,2,0,0,1.0
TXN1007852,escalation,2026-05-10 02:46:16,0,0.0,,2,1,0,15.0
TXN1007861,retry,2026-06-21 23:04:46,1,3181.05,59.0,3,0,0,2.0
TXN1007861,reminder,2026-06-21 22:25:46,0,0.0,,2,1,0,1.0
TXN1007861,escalation,2026-06-21 22:16:46,1,3181.05,262.0,2,0,0,15.0
TXN1007863,retry,2026-02-10 02:17:27,1,1851.84,256.0,2,0,0,2.0
TXN1007863,reminder,2026-02-10 00:34:27,0,0.0,,1,1,0,1.0
TXN1007863,escalation,2026-02-09 23:36:27,1,1851.84,63.0,1,0,0,15.0
TXN1007867,retry,2026-05-16 03:49:48,1,11730.08,164.0,2,0,0,2.0
TXN1007867,reminder,2026-05-16 03:42:48,0,0.0,,1,1,0,1.0
TXN1007867,escalation,2026-05-16 04:42:48,1,11730.08,274.0,1,0,0,15.0
TXN1007871,retry,2026-06-11 15:11:42,1,5844.97,258.0,2,0,0,2.0
TXN1007871,reminder,2026-06-11 13:35:42,1,5844.97,297.0,1,0,0,1.0
TXN1007871,escalation,2026-06-11 15:33:42,0,0.0,,1,1,0,15.0
TXN1007875,retry,2026-06-11 15:11:06,0,0.0,,4,1,1,2.0
TXN1007875,reminder,2026-06-11 15:00:06,0,0.0,,3,1,0,1.0
TXN1007875,escalation,2026-06-11 15:05:06,1,3626.04,100.0,3,0,0,15.0
TXN1007881,retry,2026-03-02 22:14:55,1,1082.25,21.0,2,0,0,2.0
TXN1007881,reminder,2026-03-02 21:22:55,0,0.0,,1,1,0,1.0
TXN1007881,escalation,2026-03-02 22:57:55,1,1082.25,335.0,1,0,0,15.0
TXN1007886,retry,2026-06-03 00:47:26,1,3936.64,207.0,2,0,0,2.0
TXN1007886,reminder,2026-06-03 00:32:26,0,0.0,,1,1,0,1.0
TXN1007886,escalation,2026-06-02 23:09:26,1,3936.64,252.0,1,0,0,15.0
TXN1007887,retry,2026-02-01 16:26:13,1,1618.9,191.0,3,0,0,2.0
TXN1007887,reminder,2026-02-01 17:06:13,1,1618.9,340.0,2,0,0,1.0
TXN1007887,escalation,2026-02-01 17:13:13,1,1618.9,170.0,2,0,0,15.0
TXN1007888,retry,2026-06-07 17:39:47,1,3644.15,303.0,2,0,0,2.0
TXN1007888,reminder,2026-06-07 18:41:47,1,3644.15,244.0,1,0,0,1.0
TXN1007888,escalation,2026-06-07 18:27:47,1,3644.15,88.0,1,0,0,15.0
TXN1007889,retry,2026-03-18 11:50:40,0,0.0,,3,1,0,2.0
TXN1007889,reminder,2026-03-18 12:27:40,0,0.0,,2,1,0,1.0
TXN1007889,escalation,2026-03-18 11:23:40,0,0.0,,2,1,0,15.0
TXN1007891,retry,2026-04-28 16:46:14,1,4590.61,219.0,2,0,0,2.0
TXN1007891,reminder,2026-04-28 17:07:14,1,4590.61,263.0,1,0,0,1.0
TXN1007891,escalation,2026-04-28 16:48:14,1,4590.61,161.0,1,0,0,15.0
TXN1007892,retry,2026-06-24 10:39:43,1,2735.94,325.0,2,0,0,2.0
TXN1007892,reminder,2026-06-24 09:20:43,0,0.0,,1,1,0,1.0
TXN1007892,escalation,2026-06-24 10:35:43,0,0.0,,1,1,0,15.0
TXN1007894,retry,2026-03-19 03:35:00,0,0.0,,4,1,1,2.0
TXN1007894,reminder,2026-03-19 05:18:00,0,0.0,,3,1,0,1.0
TXN1007894,escalation,2026-03-19 05:58:00,0,0.0,,3,1,0,15.0
TXN1007899,retry,2026-01-30 19:40:48,0,0.0,,3,1,0,2.0
TXN1007899,reminder,2026-01-30 19:40:48,0,0.0,,2,1,0,1.0
TXN1007899,escalation,2026-01-30 18:04:48,1,11480.89,358.0,2,0,0,15.0
TXN1007902,retry,2026-03-15 21:51:45,1,25400.16,330.0,5,0,1,2.0
TXN1007902,reminder,2026-03-15 21:22:45,0,0.0,,4,1,0,1.0
TXN1007902,escalation,2026-03-15 20:44:45,0,0.0,,4,1,0,15.0
TXN1007905,retry,2026-06-15 19:49:09,1,1651.47,4.0,2,0,0,2.0
TXN1007905,reminder,2026-06-15 18:27:09,0,0.0,,1,1,0,1.0
TXN1007905,escalation,2026-06-15 19:10:09,1,1651.47,306.0,1,0,0,15.0
TXN1007906,retry,2026-04-17 02:04:19,1,16237.1,160.0,2,0,0,2.0
TXN1007906,reminder,2026-04-17 04:50:19,1,16237.1,75.0,1,0,0,1.0
TXN1007906,escalation,2026-04-17 02:28:19,1,16237.1,59.0,1,0,0,15.0
TXN1007908,retry,2026-02-16 16:34:05,1,16857.01,357.0,2,0,0,2.0
TXN1007908,reminder,2026-02-16 16:16:05,0,0.0,,1,1,0,1.0
TXN1007908,escalation,2026-02-16 15:12:05,0,0.0,,1,1,0,15.0
TXN1007909,retry,2026-02-04 01:30:12,1,3898.96,312.0,4,0,1,2.0
TXN1007909,reminder,2026-02-04 00:47:12,1,3898.96,154.0,3,0,0,1.0
TXN1007909,escalation,2026-02-04 01:50:12,1,3898.96,36.0,3,0,0,15.0
TXN1007911,retry,2026-03-20 05:30:30,1,2212.66,312.0,2,0,0,2.0
TXN1007911,reminder,2026-03-20 06:19:30,1,2212.66,278.0,1,0,0,1.0
TXN1007911,escalation,2026-03-20 05:35:30,1,2212.66,97.0,1,0,0,15.0
TXN1007912,retry,2026-05-01 16:30:38,0,0.0,,3,1,0,2.0
TXN1007912,reminder,2026-05-01 16:49:38,0,0.0,,2,1,0,1.0
TXN1007912,escalation,2026-05-01 15:18:38,0,0.0,,2,1,0,15.0
TXN1007913,retry,2026-03-17 09:51:47,1,13097.34,122.0,2,0,0,2.0
TXN1007913,reminder,2026-03-17 10:30:47,1,13097.34,146.0,1,0,0,1.0
TXN1007913,escalation,2026-03-17 11:08:47,0,0.0,,1,1,0,15.0
TXN1007915,retry,2026-01-30 09:59:11,1,1389.72,152.0,2,0,0,2.0
TXN1007915,reminder,2026-01-30 11:28:11,1,1389.72,93.0,1,0,0,1.0
TXN1007915,escalation,2026-01-30 11:06:11,1,1389.72,340.0,1,0,0,15.0
TXN1007917,retry,2026-04-24 05:23:55,1,8002.37,87.0,2,0,0,2.0
TXN1007917,reminder,2026-04-24 04:57:55,0,0.0,,1,1,0,1.0
TXN1007917,escalation,2026-04-24 04:56:55,1,8002.37,179.0,1,0,0,15.0
TXN1007919,retry,2026-04-02 01:04:16,0,0.0,,3,1,0,2.0
TXN1007919,reminder,2026-04-01 23:39:16,1,18981.18,278.0,2,0,0,1.0
TXN1007919,escalation,2026-04-02 01:01:16,1,18981.18,274.0,2,0,0,15.0
TXN1007920,retry,2026-03-01 14:12:17,0,0.0,,2,1,0,2.0
TXN1007920,reminder,2026-03-01 14:01:17,1,7351.22,16.0,1,0,0,1.0
TXN1007920,escalation,2026-03-01 16:15:17,1,7351.22,128.0,1,0,0,15.0
TXN1007925,retry,2026-02-03 21:31:45,0,0.0,,4,1,1,2.0
TXN1007925,reminder,2026-02-03 20:44:45,0,0.0,,3,1,0,1.0
TXN1007925,escalation,2026-02-03 20:23:45,0,0.0,,3,1,0,15.0
TXN1007926,retry,2026-05-15 11:48:14,1,2813.23,99.0,2,0,0,2.0
TXN1007926,reminder,2026-05-15 13:06:14,0,0.0,,1,1,0,1.0
TXN1007926,escalation,2026-05-15 14:16:14,0,0.0,,1,1,0,15.0
TXN1007927,retry,2026-04-21 19:10:21,0,0.0,,2,1,0,2.0
TXN1007927,reminder,2026-04-21 19:20:21,0,0.0,,1,1,0,1.0
TXN1007927,escalation,2026-04-21 20:03:21,1,572.57,33.0,1,0,0,15.0
TXN1007928,retry,2026-02-18 10:00:47,0,0.0,,4,1,1,2.0
TXN1007928,reminder,2026-02-18 11:46:47,0,0.0,,3,1,0,1.0
TXN1007928,escalation,2026-02-18 10:21:47,0,0.0,,3,1,0,15.0
TXN1007933,retry,2026-02-01 01:42:55,1,12984.28,257.0,5,0,1,2.0
TXN1007933,reminder,2026-01-31 23:53:55,1,12984.28,44.0,4,0,0,1.0
TXN1007933,escalation,2026-02-01 01:58:55,1,12984.28,187.0,4,0,0,15.0
TXN1007934,retry,2026-06-04 03:43:11,1,13464.89,272.0,2,0,0,2.0
TXN1007934,reminder,2026-06-04 03:53:11,1,13464.89,312.0,1,0,0,1.0
TXN1007934,escalation,2026-06-04 05:51:11,1,13464.89,69.0,1,0,0,15.0
TXN1007938,retry,2026-05-19 12:50:16,1,17473.35,144.0,5,0,1,2.0
TXN1007938,reminder,2026-05-19 13:40:16,1,17473.35,162.0,4,0,0,1.0
TXN1007938,escalation,2026-05-19 14:37:16,1,17473.35,335.0,4,0,0,15.0
TXN1007939,retry,2026-02-26 18:04:24,1,10916.75,4.0,3,0,0,2.0
TXN1007939,reminder,2026-02-26 17:43:24,0,0.0,,2,1,0,1.0
TXN1007939,escalation,2026-02-26 17:13:24,0,0.0,,2,1,0,15.0
TXN1007941,retry,2026-01-06 03:25:29,0,0.0,,3,1,0,2.0
TXN1007941,reminder,2026-01-06 04:29:29,0,0.0,,2,1,0,1.0
TXN1007941,escalation,2026-01-06 03:02:29,1,4812.3,155.0,2,0,0,15.0
TXN1007942,retry,2026-02-22 21:50:04,1,3623.63,104.0,2,0,0,2.0
TXN1007942,reminder,2026-02-22 22:06:04,1,3623.63,154.0,1,0,0,1.0
TXN1007942,escalation,2026-02-22 20:38:04,1,3623.63,161.0,1,0,0,15.0
TXN1007944,retry,2026-04-05 09:48:23,1,2672.4,60.0,2,0,0,2.0
TXN1007944,reminder,2026-04-05 07:36:23,0,0.0,,1,1,0,1.0
TXN1007944,escalation,2026-04-05 09:50:23,1,2672.4,193.0,1,0,0,15.0
TXN1007946,retry,2026-05-18 02:24:37,1,4548.48,225.0,2,0,0,2.0
TXN1007946,reminder,2026-05-18 04:04:37,0,0.0,,1,1,0,1.0
TXN1007946,escalation,2026-05-18 03:21:37,0,0.0,,1,1,0,15.0
TXN1007947,retry,2026-05-09 04:26:58,1,6406.79,269.0,2,0,0,2.0
TXN1007947,reminder,2026-05-09 04:05:58,0,0.0,,1,1,0,1.0
TXN1007947,escalation,2026-05-09 04:43:58,0,0.0,,1,1,0,15.0
TXN1007950,retry,2026-03-01 01:22:57,1,10740.18,323.0,2,0,0,2.0
TXN1007950,reminder,2026-03-01 01:45:57,0,0.0,,1,1,0,1.0
TXN1007950,escalation,2026-03-01 01:20:57,0,0.0,,1,1,0,15.0
TXN1007955,retry,2026-01-19 05:34:18,0,0.0,,2,1,0,2.0
TXN1007955,reminder,2026-01-19 06:58:18,0,0.0,,1,1,0,1.0
TXN1007955,escalation,2026-01-19 04:55:18,1,3966.58,59.0,1,0,0,15.0
TXN1007957,retry,2026-04-05 01:30:37,0,0.0,,3,1,0,2.0
TXN1007957,reminder,2026-04-05 02:24:37,1,4069.63,250.0,2,0,0,1.0
TXN1007957,escalation,2026-04-05 01:24:37,1,4069.63,203.0,2,0,0,15.0
TXN1007958,retry,2026-04-08 20:08:48,1,2348.34,57.0,3,0,0,2.0
TXN1007958,reminder,2026-04-08 20:41:48,1,2348.34,325.0,2,0,0,1.0
TXN1007958,escalation,2026-04-08 20:35:48,0,0.0,,2,1,0,15.0
TXN1007959,retry,2026-06-11 10:33:03,1,8458.13,293.0,3,0,0,2.0
TXN1007959,reminder,2026-06-11 08:26:03,1,8458.13,289.0,2,0,0,1.0
TXN1007959,escalation,2026-06-11 08:27:03,0,0.0,,2,1,0,15.0
TXN1007962,retry,2026-04-10 20:43:28,0,0.0,,2,1,0,2.0
TXN1007962,reminder,2026-04-10 19:58:28,0,0.0,,1,1,0,1.0
TXN1007962,escalation,2026-04-10 19:58:28,1,5627.45,101.0,1,0,0,15.0
TXN1007965,retry,2026-01-31 12:31:01,1,11990.12,168.0,2,0,0,2.0
TXN1007965,reminder,2026-01-31 12:29:01,0,0.0,,1,1,0,1.0
TXN1007965,escalation,2026-01-31 11:12:01,0,0.0,,1,1,0,15.0
TXN1007966,retry,2026-01-28 09:24:41,1,2349.78,283.0,2,0,0,2.0
TXN1007966,reminder,2026-01-28 10:18:41,1,2349.78,318.0,1,0,0,1.0
TXN1007966,escalation,2026-01-28 09:57:41,1,2349.78,194.0,1,0,0,15.0
TXN1007972,retry,2026-01-06 10:13:07,1,6586.39,130.0,2,0,0,2.0
TXN1007972,reminder,2026-01-06 10:18:07,1,6586.39,259.0,1,0,0,1.0
TXN1007972,escalation,2026-01-06 10:08:07,1,6586.39,347.0,1,0,0,15.0
TXN1007973,retry,2026-05-26 00:53:39,1,2192.19,15.0,4,0,1,2.0
TXN1007973,reminder,2026-05-26 01:29:39,1,2192.19,112.0,3,0,0,1.0
TXN1007973,escalation,2026-05-26 02:13:39,0,0.0,,3,1,0,15.0
TXN1007974,retry,2026-02-10 16:16:03,1,6757.07,309.0,2,0,0,2.0
TXN1007974,reminder,2026-02-10 16:36:03,1,6757.07,235.0,1,0,0,1.0
TXN1007974,escalation,2026-02-10 18:33:03,0,0.0,,1,1,0,15.0
TXN1007976,retry,2026-06-08 17:11:56,1,7229.64,148.0,2,0,0,2.0
TXN1007976,reminder,2026-06-08 17:24:56,0,0.0,,1,1,0,1.0
TXN1007976,escalation,2026-06-08 18:01:56,0,0.0,,1,1,0,15.0
TXN1007978,retry,2026-01-02 04:33:30,0,0.0,,2,1,0,2.0
TXN1007978,reminder,2026-01-02 04:58:30,0,0.0,,1,1,0,1.0
TXN1007978,escalation,2026-01-02 04:03:30,1,9893.96,186.0,1,0,0,15.0
TXN1007984,retry,2026-01-09 22:22:11,1,4292.16,156.0,2,0,0,2.0
TXN1007984,reminder,2026-01-09 20:54:11,1,4292.16,131.0,1,0,0,1.0
TXN1007984,escalation,2026-01-09 21:19:11,0,0.0,,1,1,0,15.0
TXN1007985,retry,2026-03-31 20:17:34,1,2985.01,324.0,2,0,0,2.0
TXN1007985,reminder,2026-03-31 18:41:34,1,2985.01,303.0,1,0,0,1.0
TXN1007985,escalation,2026-03-31 19:05:34,1,2985.01,195.0,1,0,0,15.0
TXN1007987,retry,2026-05-17 10:23:03,0,0.0,,3,1,0,2.0
TXN1007987,reminder,2026-05-17 11:31:03,1,6278.74,119.0,2,0,0,1.0
TXN1007987,escalation,2026-05-17 10:20:03,1,6278.74,37.0,2,0,0,15.0
TXN1007989,retry,2026-03-22 15:28:47,0,0.0,,2,1,0,2.0
TXN1007989,reminder,2026-03-22 13:55:47,0,0.0,,1,1,0,1.0
TXN1007989,escalation,2026-03-22 13:12:47,0,0.0,,1,1,0,15.0
TXN1007991,retry,2026-05-11 12:39:22,1,1859.32,318.0,2,0,0,2.0
TXN1007991,reminder,2026-05-11 12:17:22,1,1859.32,87.0,1,0,0,1.0
TXN1007991,escalation,2026-05-11 12:46:22,0,0.0,,1,1,0,15.0
TXN1007992,retry,2026-01-20 09:11:22,0,0.0,,2,1,0,2.0
TXN1007992,reminder,2026-01-20 09:58:22,0,0.0,,1,1,0,1.0
TXN1007992,escalation,2026-01-20 10:03:22,1,13703.79,283.0,1,0,0,15.0
TXN1007994,retry,2026-01-20 10:52:59,0,0.0,,3,1,0,2.0
TXN1007994,reminder,2026-01-20 10:01:59,0,0.0,,2,1,0,1.0
TXN1007994,escalation,2026-01-20 10:37:59,1,17470.22,240.0,2,0,0,15.0
TXN1007995,retry,2026-01-16 16:06:52,0,0.0,,2,1,0,2.0
TXN1007995,reminder,2026-01-16 18:41:52,1,36806.36,220.0,1,0,0,1.0
TXN1007995,escalation,2026-01-16 18:41:52,1,36806.36,85.0,1,0,0,15.0
TXN1007996,retry,2026-05-16 19:18:10,1,7720.13,188.0,2,0,0,2.0
TXN1007996,reminder,2026-05-16 19:45:10,1,7720.13,60.0,1,0,0,1.0
TXN1007996,escalation,2026-05-16 21:29:10,1,7720.13,116.0,1,0,0,15.0
TXN1007997,retry,2026-02-07 16:32:45,1,2646.07,212.0,4,0,1,2.0
TXN1007997,reminder,2026-02-07 16:13:45,1,2646.07,102.0,3,0,0,1.0
TXN1007997,escalation,2026-02-07 15:11:45,1,2646.07,250.0,3,0,0,15.0
TXN1008000,retry,2026-04-23 14:44:06,1,9977.21,85.0,4,0,1,2.0
TXN1008000,reminder,2026-04-23 15:57:06,0,0.0,,3,1,0,1.0
TXN1008000,escalation,2026-04-23 15:03:06,0,0.0,,3,1,0,15.0
TXN1008002,retry,2026-02-24 01:08:45,1,4743.99,128.0,3,0,0,2.0
TXN1008002,reminder,2026-02-24 00:40:45,1,4743.99,112.0,2,0,0,1.0
TXN1008002,escalation,2026-02-24 02:25:45,0,0.0,,2,1,0,15.0
TXN1008003,retry,2026-01-11 02:58:23,0,0.0,,3,1,0,2.0
TXN1008003,reminder,2026-01-11 02:12:23,1,3436.06,51.0,2,0,0,1.0
TXN1008003,escalation,2026-01-11 02:54:23,1,3436.06,309.0,2,0,0,15.0
TXN1008004,retry,2026-04-18 15:06:22,0,0.0,,2,1,0,2.0
TXN1008004,reminder,2026-04-18 17:13:22,1,14757.21,143.0,1,0,0,1.0
TXN1008004,escalation,2026-04-18 17:20:22,0,0.0,,1,1,0,15.0
TXN1008007,retry,2026-06-18 13:58:12,1,4883.29,126.0,2,0,0,2.0
TXN1008007,reminder,2026-06-18 14:07:12,1,4883.29,196.0,1,0,0,1.0
TXN1008007,escalation,2026-06-18 14:48:12,1,4883.29,295.0,1,0,0,15.0
TXN1008010,retry,2026-05-28 20:15:35,0,0.0,,2,1,0,2.0
TXN1008010,reminder,2026-05-28 18:58:35,0,0.0,,1,1,0,1.0
TXN1008010,escalation,2026-05-28 19:33:35,1,1421.15,320.0,1,0,0,15.0
TXN1008012,retry,2026-05-21 04:39:04,0,0.0,,2,1,0,2.0
TXN1008012,reminder,2026-05-21 04:59:04,0,0.0,,1,1,0,1.0
TXN1008012,escalation,2026-05-21 06:46:04,0,0.0,,1,1,0,15.0
TXN1008014,retry,2026-04-06 20:38:19,1,7823.39,219.0,3,0,0,2.0
TXN1008014,reminder,2026-04-06 21:40:19,0,0.0,,2,1,0,1.0
TXN1008014,escalation,2026-04-06 20:20:19,0,0.0,,2,1,0,15.0
TXN1008017,retry,2026-03-21 19:40:48,0,0.0,,3,1,0,2.0
TXN1008017,reminder,2026-03-21 20:19:48,1,3250.21,210.0,2,0,0,1.0
TXN1008017,escalation,2026-03-21 20:31:48,1,3250.21,73.0,2,0,0,15.0
TXN1008018,retry,2026-05-18 05:55:23,1,8408.57,205.0,3,0,0,2.0
TXN1008018,reminder,2026-05-18 05:18:23,1,8408.57,69.0,2,0,0,1.0
TXN1008018,escalation,2026-05-18 04:16:23,1,8408.57,58.0,2,0,0,15.0
TXN1008022,retry,2026-02-22 05:22:09,1,12532.74,199.0,3,0,0,2.0
TXN1008022,reminder,2026-02-22 06:04:09,1,12532.74,154.0,2,0,0,1.0
TXN1008022,escalation,2026-02-22 05:01:09,1,12532.74,215.0,2,0,0,15.0
TXN1008026,retry,2026-04-06 21:56:48,0,0.0,,2,1,0,2.0
TXN1008026,reminder,2026-04-06 19:39:48,0,0.0,,1,1,0,1.0
TXN1008026,escalation,2026-04-06 21:17:48,0,0.0,,1,1,0,15.0
TXN1008027,retry,2026-02-08 16:19:17,0,0.0,,2,1,0,2.0
TXN1008027,reminder,2026-02-08 15:28:17,1,5939.26,19.0,1,0,0,1.0
TXN1008027,escalation,2026-02-08 14:21:17,0,0.0,,1,1,0,15.0
TXN1008029,retry,2026-03-16 01:13:45,0,0.0,,3,1,0,2.0
TXN1008029,reminder,2026-03-16 02:58:45,0,0.0,,2,1,0,1.0
TXN1008029,escalation,2026-03-16 03:02:45,1,2638.05,284.0,2,0,0,15.0
TXN1008033,retry,2026-04-13 21:25:15,0,0.0,,4,1,1,2.0
TXN1008033,reminder,2026-04-13 20:00:15,1,1635.31,224.0,3,0,0,1.0
TXN1008033,escalation,2026-04-13 19:25:15,1,1635.31,4.0,3,0,0,15.0
TXN1008034,retry,2026-03-06 14:08:54,0,0.0,,2,1,0,2.0
TXN1008034,reminder,2026-03-06 12:08:54,1,29268.96,92.0,1,0,0,1.0
TXN1008034,escalation,2026-03-06 14:12:54,1,29268.96,233.0,1,0,0,15.0
TXN1008037,retry,2026-03-20 20:05:46,0,0.0,,3,1,0,2.0
TXN1008037,reminder,2026-03-20 19:13:46,0,0.0,,2,1,0,1.0
TXN1008037,escalation,2026-03-20 18:15:46,0,0.0,,2,1,0,15.0
TXN1008038,retry,2026-03-03 12:48:06,1,2350.29,68.0,4,0,1,2.0
TXN1008038,reminder,2026-03-03 11:29:06,0,0.0,,3,1,0,1.0
TXN1008038,escalation,2026-03-03 13:52:06,1,2350.29,149.0,3,0,0,15.0
TXN1008039,retry,2026-05-02 07:42:54,1,6814.99,80.0,3,0,0,2.0
TXN1008039,reminder,2026-05-02 07:44:54,1,6814.99,61.0,2,0,0,1.0
TXN1008039,escalation,2026-05-02 08:12:54,0,0.0,,2,1,0,15.0
TXN1008041,retry,2026-05-19 01:14:11,0,0.0,,2,1,0,2.0
TXN1008041,reminder,2026-05-19 00:26:11,1,19940.8,188.0,1,0,0,1.0
TXN1008041,escalation,2026-05-19 01:01:11,1,19940.8,310.0,1,0,0,15.0
TXN1008047,retry,2026-05-14 08:47:26,1,4180.48,17.0,5,0,1,2.0
TXN1008047,reminder,2026-05-14 08:40:26,0,0.0,,4,1,0,1.0
TXN1008047,escalation,2026-05-14 07:27:26,0,0.0,,4,1,0,15.0
TXN1008048,retry,2026-06-26 02:18:57,0,0.0,,3,1,0,2.0
TXN1008048,reminder,2026-06-26 02:16:57,0,0.0,,2,1,0,1.0
TXN1008048,escalation,2026-06-26 02:13:57,1,11068.03,266.0,2,0,0,15.0
TXN1008049,retry,2026-04-02 22:09:16,1,2283.51,53.0,2,0,0,2.0
TXN1008049,reminder,2026-04-02 22:57:16,0,0.0,,1,1,0,1.0
TXN1008049,escalation,2026-04-03 00:16:16,0,0.0,,1,1,0,15.0
TXN1008051,retry,2026-01-12 00:22:22,1,3242.21,149.0,2,0,0,2.0
TXN1008051,reminder,2026-01-12 00:16:22,1,3242.21,11.0,1,0,0,1.0
TXN1008051,escalation,2026-01-12 00:11:22,0,0.0,,1,1,0,15.0
TXN1008052,retry,2026-01-30 08:08:16,1,6788.52,332.0,2,0,0,2.0
TXN1008052,reminder,2026-01-30 09:40:16,0,0.0,,1,1,0,1.0
TXN1008052,escalation,2026-01-30 08:25:16,1,6788.52,356.0,1,0,0,15.0
TXN1008055,retry,2026-02-20 23:02:41,1,6165.58,355.0,2,0,0,2.0
TXN1008055,reminder,2026-02-20 21:08:41,1,6165.58,9.0,1,0,0,1.0
TXN1008055,escalation,2026-02-20 21:05:41,1,6165.58,70.0,1,0,0,15.0
TXN1008057,retry,2026-03-28 14:07:37,1,5247.94,302.0,3,0,0,2.0
TXN1008057,reminder,2026-03-28 12:53:37,1,5247.94,182.0,2,0,0,1.0
TXN1008057,escalation,2026-03-28 13:46:37,0,0.0,,2,1,0,15.0
TXN1008058,retry,2026-05-21 14:50:33,1,6608.91,200.0,2,0,0,2.0
TXN1008058,reminder,2026-05-21 13:32:33,1,6608.91,173.0,1,0,0,1.0
TXN1008058,escalation,2026-05-21 12:55:33,1,6608.91,246.0,1,0,0,15.0
TXN1008061,retry,2026-03-20 20:19:37,0,0.0,,2,1,0,2.0
TXN1008061,reminder,2026-03-20 21:40:37,1,13334.89,247.0,1,0,0,1.0
TXN1008061,escalation,2026-03-20 20:58:37,1,13334.89,72.0,1,0,0,15.0
TXN1008063,retry,2026-02-10 07:18:40,1,9835.97,340.0,2,0,0,2.0
TXN1008063,reminder,2026-02-10 08:08:40,0,0.0,,1,1,0,1.0
TXN1008063,escalation,2026-02-10 07:53:40,1,9835.97,236.0,1,0,0,15.0
TXN1008065,retry,2026-04-01 11:12:00,1,2904.8,203.0,2,0,0,2.0
TXN1008065,reminder,2026-04-01 11:46:00,0,0.0,,1,1,0,1.0
TXN1008065,escalation,2026-04-01 13:22:00,1,2904.8,219.0,1,0,0,15.0
TXN1008068,retry,2026-05-03 21:32:01,1,15772.08,11.0,2,0,0,2.0
TXN1008068,reminder,2026-05-03 21:41:01,1,15772.08,242.0,1,0,0,1.0
TXN1008068,escalation,2026-05-03 21:28:01,1,15772.08,53.0,1,0,0,15.0
TXN1008069,retry,2026-03-02 03:40:34,1,2692.45,156.0,2,0,0,2.0
TXN1008069,reminder,2026-03-02 02:40:34,1,2692.45,26.0,1,0,0,1.0
TXN1008069,escalation,2026-03-02 03:33:34,0,0.0,,1,1,0,15.0
TXN1008070,retry,2026-05-15 12:48:22,0,0.0,,4,1,1,2.0
TXN1008070,reminder,2026-05-15 15:08:22,0,0.0,,3,1,0,1.0
TXN1008070,escalation,2026-05-15 13:42:22,0,0.0,,3,1,0,15.0
TXN1008071,retry,2026-04-26 10:10:51,0,0.0,,2,1,0,2.0
TXN1008071,reminder,2026-04-26 11:43:51,1,3410.49,69.0,1,0,0,1.0
TXN1008071,escalation,2026-04-26 12:11:51,0,0.0,,1,1,0,15.0
TXN1008072,retry,2026-04-25 15:44:03,1,2417.36,282.0,4,0,1,2.0
TXN1008072,reminder,2026-04-25 17:55:03,1,2417.36,217.0,3,0,0,1.0
TXN1008072,escalation,2026-04-25 17:29:03,1,2417.36,56.0,3,0,0,15.0
TXN1008073,retry,2026-02-27 03:54:26,1,13580.4,28.0,2,0,0,2.0
TXN1008073,reminder,2026-02-27 02:59:26,0,0.0,,1,1,0,1.0
TXN1008073,escalation,2026-02-27 03:05:26,1,13580.4,197.0,1,0,0,15.0
TXN1008074,retry,2026-01-15 18:12:42,1,1846.09,318.0,2,0,0,2.0
TXN1008074,reminder,2026-01-15 20:28:42,0,0.0,,1,1,0,1.0
TXN1008074,escalation,2026-01-15 18:20:42,0,0.0,,1,1,0,15.0
TXN1008076,retry,2026-06-07 16:59:56,1,3849.42,162.0,2,0,0,2.0
TXN1008076,reminder,2026-06-07 18:26:56,0,0.0,,1,1,0,1.0
TXN1008076,escalation,2026-06-07 19:27:56,0,0.0,,1,1,0,15.0
TXN1008077,retry,2026-05-05 06:16:51,1,3149.32,215.0,2,0,0,2.0
TXN1008077,reminder,2026-05-05 06:13:51,1,3149.32,328.0,1,0,0,1.0
TXN1008077,escalation,2026-05-05 07:20:51,1,3149.32,334.0,1,0,0,15.0
TXN1008079,retry,2026-03-15 12:09:24,0,0.0,,3,1,0,2.0
TXN1008079,reminder,2026-03-15 12:18:24,0,0.0,,2,1,0,1.0
TXN1008079,escalation,2026-03-15 14:32:24,0,0.0,,2,1,0,15.0
TXN1008080,retry,2026-01-18 18:06:08,1,7489.17,88.0,3,0,0,2.0
TXN1008080,reminder,2026-01-18 17:03:08,0,0.0,,2,1,0,1.0
TXN1008080,escalation,2026-01-18 17:50:08,0,0.0,,2,1,0,15.0
TXN1008083,retry,2026-05-02 20:54:04,1,6403.62,301.0,3,0,0,2.0
TXN1008083,reminder,2026-05-02 18:17:04,0,0.0,,2,1,0,1.0
TXN1008083,escalation,2026-05-02 19:53:04,1,6403.62,128.0,2,0,0,15.0
TXN1008086,retry,2026-06-28 00:21:58,1,1417.3,205.0,2,0,0,2.0
TXN1008086,reminder,2026-06-28 00:21:58,1,1417.3,314.0,1,0,0,1.0
TXN1008086,escalation,2026-06-28 00:00:58,0,0.0,,1,1,0,15.0
TXN1008088,retry,2026-06-04 14:35:32,1,16125.32,172.0,3,0,0,2.0
TXN1008088,reminder,2026-06-04 14:04:32,0,0.0,,2,1,0,1.0
TXN1008088,escalation,2026-06-04 14:15:32,1,16125.32,163.0,2,0,0,15.0
TXN1008090,retry,2026-04-30 03:43:10,0,0.0,,2,1,0,2.0
TXN1008090,reminder,2026-04-30 03:42:10,0,0.0,,1,1,0,1.0
TXN1008090,escalation,2026-04-30 04:14:10,0,0.0,,1,1,0,15.0
TXN1008093,retry,2026-06-02 03:31:01,0,0.0,,4,1,1,2.0
TXN1008093,reminder,2026-06-02 06:10:01,0,0.0,,3,1,0,1.0
TXN1008093,escalation,2026-06-02 06:12:01,0,0.0,,3,1,0,15.0
TXN1008095,retry,2026-04-05 08:19:58,0,0.0,,3,1,0,2.0
TXN1008095,reminder,2026-04-05 10:19:58,1,12203.82,341.0,2,0,0,1.0
TXN1008095,escalation,2026-04-05 08:40:58,0,0.0,,2,1,0,15.0
TXN1008096,retry,2026-04-29 05:42:12,1,4827.19,266.0,2,0,0,2.0
TXN1008096,reminder,2026-04-29 04:03:12,0,0.0,,1,1,0,1.0
TXN1008096,escalation,2026-04-29 04:02:12,1,4827.19,116.0,1,0,0,15.0
TXN1008098,retry,2026-04-16 05:54:13,1,1468.98,277.0,2,0,0,2.0
TXN1008098,reminder,2026-04-16 06:59:13,0,0.0,,1,1,0,1.0
TXN1008098,escalation,2026-04-16 07:09:13,1,1468.98,117.0,1,0,0,15.0
TXN1008101,retry,2026-02-15 23:56:17,1,2675.65,314.0,2,0,0,2.0
TXN1008101,reminder,2026-02-15 22:29:17,1,2675.65,231.0,1,0,0,1.0
TXN1008101,escalation,2026-02-15 22:20:17,1,2675.65,336.0,1,0,0,15.0
TXN1008104,retry,2026-04-30 00:21:04,1,1098.36,337.0,2,0,0,2.0
TXN1008104,reminder,2026-04-30 00:07:04,1,1098.36,318.0,1,0,0,1.0
TXN1008104,escalation,2026-04-29 23:22:04,1,1098.36,156.0,1,0,0,15.0
TXN1008111,retry,2026-02-13 19:16:06,1,4803.51,351.0,2,0,0,2.0
TXN1008111,reminder,2026-02-13 19:30:06,0,0.0,,1,1,0,1.0
TXN1008111,escalation,2026-02-13 21:20:06,1,4803.51,122.0,1,0,0,15.0
TXN1008112,retry,2026-01-23 09:55:02,1,1272.33,216.0,2,0,0,2.0
TXN1008112,reminder,2026-01-23 09:58:02,1,1272.33,217.0,1,0,0,1.0
TXN1008112,escalation,2026-01-23 10:48:02,1,1272.33,339.0,1,0,0,15.0
TXN1008114,retry,2026-06-23 10:54:03,1,1886.44,300.0,3,0,0,2.0
TXN1008114,reminder,2026-06-23 10:58:03,1,1886.44,147.0,2,0,0,1.0
TXN1008114,escalation,2026-06-23 13:06:03,1,1886.44,198.0,2,0,0,15.0
TXN1008118,retry,2026-04-12 21:13:52,1,1279.8,251.0,2,0,0,2.0
TXN1008118,reminder,2026-04-12 21:10:52,1,1279.8,2.0,1,0,0,1.0
TXN1008118,escalation,2026-04-12 21:18:52,1,1279.8,350.0,1,0,0,15.0
TXN1008120,retry,2026-01-02 07:37:44,1,7024.86,248.0,2,0,0,2.0
TXN1008120,reminder,2026-01-02 06:33:44,1,7024.86,165.0,1,0,0,1.0
TXN1008120,escalation,2026-01-02 05:44:44,1,7024.86,359.0,1,0,0,15.0
TXN1008121,retry,2026-03-25 14:00:33,1,731.38,88.0,3,0,0,2.0
TXN1008121,reminder,2026-03-25 12:46:33,0,0.0,,2,1,0,1.0
TXN1008121,escalation,2026-03-25 12:14:33,1,731.38,151.0,2,0,0,15.0
TXN1008122,retry,2026-06-05 22:38:29,0,0.0,,2,1,0,2.0
TXN1008122,reminder,2026-06-05 23:12:29,0,0.0,,1,1,0,1.0
TXN1008122,escalation,2026-06-05 22:23:29,1,113916.04,53.0,1,0,0,15.0
TXN1008123,retry,2026-02-08 15:15:52,0,0.0,,5,1,1,2.0
TXN1008123,reminder,2026-02-08 14:21:52,0,0.0,,4,1,0,1.0
TXN1008123,escalation,2026-02-08 15:35:52,0,0.0,,4,1,0,15.0
TXN1008125,retry,2026-04-08 11:37:50,1,2516.93,51.0,2,0,0,2.0
TXN1008125,reminder,2026-04-08 11:51:50,0,0.0,,1,1,0,1.0
TXN1008125,escalation,2026-04-08 13:05:50,1,2516.93,107.0,1,0,0,15.0
TXN1008130,retry,2026-06-17 19:32:56,1,6811.94,120.0,3,0,0,2.0
TXN1008130,reminder,2026-06-17 17:43:56,0,0.0,,2,1,0,1.0
TXN1008130,escalation,2026-06-17 17:55:56,0,0.0,,2,1,0,15.0
TXN1008133,retry,2026-01-03 12:09:40,1,3637.27,119.0,2,0,0,2.0
TXN1008133,reminder,2026-01-03 10:40:40,0,0.0,,1,1,0,1.0
TXN1008133,escalation,2026-01-03 10:31:40,1,3637.27,238.0,1,0,0,15.0
TXN1008138,retry,2026-02-15 20:58:18,1,6066.19,35.0,3,0,0,2.0
TXN1008138,reminder,2026-02-15 20:20:18,1,6066.19,32.0,2,0,0,1.0
TXN1008138,escalation,2026-02-15 21:56:18,0,0.0,,2,1,0,15.0
TXN1008139,retry,2026-01-13 20:20:58,1,1389.21,134.0,2,0,0,2.0
TXN1008139,reminder,2026-01-13 18:46:58,0,0.0,,1,1,0,1.0
TXN1008139,escalation,2026-01-13 20:10:58,0,0.0,,1,1,0,15.0
TXN1008140,retry,2026-05-09 03:28:23,0,0.0,,3,1,0,2.0
TXN1008140,reminder,2026-05-09 04:18:23,0,0.0,,2,1,0,1.0
TXN1008140,escalation,2026-05-09 04:18:23,1,27708.39,62.0,2,0,0,15.0
TXN1008142,retry,2026-03-19 19:09:47,1,13563.83,144.0,2,0,0,2.0
TXN1008142,reminder,2026-03-19 18:00:47,1,13563.83,207.0,1,0,0,1.0
TXN1008142,escalation,2026-03-19 17:29:47,1,13563.83,11.0,1,0,0,15.0
TXN1008143,retry,2026-05-15 13:04:38,0,0.0,,2,1,0,2.0
TXN1008143,reminder,2026-05-15 11:17:38,0,0.0,,1,1,0,1.0
TXN1008143,escalation,2026-05-15 13:51:38,1,2525.39,16.0,1,0,0,15.0
TXN1008144,retry,2026-05-08 00:30:20,1,2642.57,137.0,2,0,0,2.0
TXN1008144,reminder,2026-05-08 01:08:20,1,2642.57,114.0,1,0,0,1.0
TXN1008144,escalation,2026-05-08 00:39:20,0,0.0,,1,1,0,15.0
TXN1008146,retry,2026-03-27 11:54:16,0,0.0,,2,1,0,2.0
TXN1008146,reminder,2026-03-27 11:30:16,0,0.0,,1,1,0,1.0
TXN1008146,escalation,2026-03-27 13:19:16,1,52679.22,66.0,1,0,0,15.0
TXN1008149,retry,2026-03-25 09:35:23,1,4382.84,10.0,2,0,0,2.0
TXN1008149,reminder,2026-03-25 10:30:23,0,0.0,,1,1,0,1.0
TXN1008149,escalation,2026-03-25 10:27:23,0,0.0,,1,1,0,15.0
TXN1008150,retry,2026-04-21 08:30:32,1,1394.75,34.0,3,0,0,2.0
TXN1008150,reminder,2026-04-21 06:49:32,1,1394.75,329.0,2,0,0,1.0
TXN1008150,escalation,2026-04-21 08:46:32,0,0.0,,2,1,0,15.0
TXN1008151,retry,2026-01-17 23:17:49,0,0.0,,4,1,1,2.0
TXN1008151,reminder,2026-01-17 20:56:49,0,0.0,,3,1,0,1.0
TXN1008151,escalation,2026-01-17 21:06:49,1,1477.29,158.0,3,0,0,15.0
TXN1008154,retry,2026-02-18 03:32:36,1,3037.97,147.0,3,0,0,2.0
TXN1008154,reminder,2026-02-18 05:42:36,1,3037.97,248.0,2,0,0,1.0
TXN1008154,escalation,2026-02-18 04:26:36,1,3037.97,355.0,2,0,0,15.0
TXN1008158,retry,2026-06-08 01:31:47,1,5026.79,335.0,3,0,0,2.0
TXN1008158,reminder,2026-06-08 01:55:47,1,5026.79,172.0,2,0,0,1.0
TXN1008158,escalation,2026-06-08 00:42:47,1,5026.79,328.0,2,0,0,15.0
TXN1008161,retry,2026-02-01 07:32:26,1,1773.66,42.0,3,0,0,2.0
TXN1008161,reminder,2026-02-01 08:02:26,0,0.0,,2,1,0,1.0
TXN1008161,escalation,2026-02-01 08:49:26,0,0.0,,2,1,0,15.0
TXN1008162,retry,2026-06-12 07:13:42,1,3487.43,158.0,2,0,0,2.0
TXN1008162,reminder,2026-06-12 07:10:42,0,0.0,,1,1,0,1.0
TXN1008162,escalation,2026-06-12 06:44:42,1,3487.43,25.0,1,0,0,15.0
TXN1008163,retry,2026-01-09 09:35:02,0,0.0,,2,1,0,2.0
TXN1008163,reminder,2026-01-09 08:14:02,1,2185.08,258.0,1,0,0,1.0
TXN1008163,escalation,2026-01-09 07:56:02,0,0.0,,1,1,0,15.0
TXN1008169,retry,2026-03-28 13:39:47,1,5995.09,9.0,2,0,0,2.0
TXN1008169,reminder,2026-03-28 13:06:47,1,5995.09,298.0,1,0,0,1.0
TXN1008169,escalation,2026-03-28 14:27:47,1,5995.09,327.0,1,0,0,15.0
TXN1008170,retry,2026-02-09 05:06:47,0,0.0,,2,1,0,2.0
TXN1008170,reminder,2026-02-09 04:52:47,0,0.0,,1,1,0,1.0
TXN1008170,escalation,2026-02-09 07:13:47,0,0.0,,1,1,0,15.0
TXN1008179,retry,2026-01-05 14:21:59,1,7513.8,218.0,2,0,0,2.0
TXN1008179,reminder,2026-01-05 14:43:59,1,7513.8,164.0,1,0,0,1.0
TXN1008179,escalation,2026-01-05 12:39:59,1,7513.8,125.0,1,0,0,15.0
TXN1008186,retry,2026-02-23 00:40:52,0,0.0,,4,1,1,2.0
TXN1008186,reminder,2026-02-23 01:46:52,0,0.0,,3,1,0,1.0
TXN1008186,escalation,2026-02-23 02:01:52,1,3798.78,43.0,3,0,0,15.0
TXN1008190,retry,2026-01-11 13:40:03,1,5407.08,16.0,2,0,0,2.0
TXN1008190,reminder,2026-01-11 12:04:03,0,0.0,,1,1,0,1.0
TXN1008190,escalation,2026-01-11 11:38:03,0,0.0,,1,1,0,15.0
TXN1008191,retry,2026-01-03 00:26:42,0,0.0,,2,1,0,2.0
TXN1008191,reminder,2026-01-03 00:28:42,0,0.0,,1,1,0,1.0
TXN1008191,escalation,2026-01-03 00:57:42,0,0.0,,1,1,0,15.0
TXN1008194,retry,2026-02-16 22:58:14,1,3131.16,206.0,2,0,0,2.0
TXN1008194,reminder,2026-02-17 00:01:14,1,3131.16,259.0,1,0,0,1.0
TXN1008194,escalation,2026-02-16 21:53:14,0,0.0,,1,1,0,15.0
TXN1008195,retry,2026-02-28 00:21:48,1,2171.07,145.0,4,0,1,2.0
TXN1008195,reminder,2026-02-27 23:41:48,0,0.0,,3,1,0,1.0
TXN1008195,escalation,2026-02-27 22:53:48,0,0.0,,3,1,0,15.0
TXN1008197,retry,2026-03-12 22:19:31,1,5770.14,63.0,5,0,1,2.0
TXN1008197,reminder,2026-03-12 23:13:31,0,0.0,,4,1,0,1.0
TXN1008197,escalation,2026-03-12 22:06:31,0,0.0,,4,1,0,15.0
TXN1008200,retry,2026-03-30 06:34:59,1,1701.89,125.0,4,0,1,2.0
TXN1008200,reminder,2026-03-30 06:49:59,0,0.0,,3,1,0,1.0
TXN1008200,escalation,2026-03-30 06:18:59,0,0.0,,3,1,0,15.0
TXN1008201,retry,2026-03-29 02:23:20,1,727.67,283.0,2,0,0,2.0
TXN1008201,reminder,2026-03-29 02:17:20,0,0.0,,1,1,0,1.0
TXN1008201,escalation,2026-03-29 03:13:20,1,727.67,157.0,1,0,0,15.0
TXN1008204,retry,2026-05-23 10:43:10,1,4051.15,345.0,2,0,0,2.0
TXN1008204,reminder,2026-05-23 10:33:10,0,0.0,,1,1,0,1.0
TXN1008204,escalation,2026-05-23 11:00:10,1,4051.15,180.0,1,0,0,15.0
TXN1008205,retry,2026-01-04 19:12:55,0,0.0,,4,1,1,2.0
TXN1008205,reminder,2026-01-04 19:09:55,1,1292.54,286.0,3,0,0,1.0
TXN1008205,escalation,2026-01-04 19:23:55,0,0.0,,3,1,0,15.0
TXN1008211,retry,2026-05-05 11:55:55,0,0.0,,2,1,0,2.0
TXN1008211,reminder,2026-05-05 12:39:55,1,2790.27,6.0,1,0,0,1.0
TXN1008211,escalation,2026-05-05 10:31:55,1,2790.27,80.0,1,0,0,15.0
TXN1008212,retry,2026-05-02 04:55:43,0,0.0,,5,1,1,2.0
TXN1008212,reminder,2026-05-02 04:19:43,0,0.0,,4,1,0,1.0
TXN1008212,escalation,2026-05-02 06:43:43,0,0.0,,4,1,0,15.0
TXN1008213,retry,2026-03-04 07:49:03,0,0.0,,4,1,1,2.0
TXN1008213,reminder,2026-03-04 09:11:03,0,0.0,,3,1,0,1.0
TXN1008213,escalation,2026-03-04 08:36:03,0,0.0,,3,1,0,15.0
TXN1008216,retry,2026-01-12 14:31:50,1,4497.72,264.0,4,0,1,2.0
TXN1008216,reminder,2026-01-12 14:54:50,0,0.0,,3,1,0,1.0
TXN1008216,escalation,2026-01-12 15:13:50,1,4497.72,329.0,3,0,0,15.0
TXN1008217,retry,2026-06-14 01:20:27,1,5923.15,161.0,2,0,0,2.0
TXN1008217,reminder,2026-06-14 03:04:27,1,5923.15,127.0,1,0,0,1.0
TXN1008217,escalation,2026-06-14 01:25:27,0,0.0,,1,1,0,15.0
TXN1008220,retry,2026-01-28 20:14:06,1,1594.74,81.0,2,0,0,2.0
TXN1008220,reminder,2026-01-28 18:56:06,1,1594.74,338.0,1,0,0,1.0
TXN1008220,escalation,2026-01-28 19:45:06,0,0.0,,1,1,0,15.0
TXN1008222,retry,2026-01-01 18:45:51,1,1318.99,106.0,2,0,0,2.0
TXN1008222,reminder,2026-01-01 16:57:51,1,1318.99,188.0,1,0,0,1.0
TXN1008222,escalation,2026-01-01 18:47:51,1,1318.99,241.0,1,0,0,15.0
TXN1008223,retry,2026-05-29 15:21:33,1,7369.32,282.0,2,0,0,2.0
TXN1008223,reminder,2026-05-29 14:29:33,0,0.0,,1,1,0,1.0
TXN1008223,escalation,2026-05-29 13:36:33,0,0.0,,1,1,0,15.0
TXN1008227,retry,2026-01-06 11:07:52,0,0.0,,3,1,0,2.0
TXN1008227,reminder,2026-01-06 12:22:52,0,0.0,,2,1,0,1.0
TXN1008227,escalation,2026-01-06 10:39:52,0,0.0,,2,1,0,15.0
TXN1008232,retry,2026-04-16 22:46:21,1,2342.44,98.0,4,0,1,2.0
TXN1008232,reminder,2026-04-16 23:42:21,0,0.0,,3,1,0,1.0
TXN1008232,escalation,2026-04-17 00:15:21,0,0.0,,3,1,0,15.0
TXN1008236,retry,2026-05-31 02:17:20,0,0.0,,2,1,0,2.0
TXN1008236,reminder,2026-05-31 02:16:20,1,12837.84,36.0,1,0,0,1.0
TXN1008236,escalation,2026-05-31 01:52:20,1,12837.84,265.0,1,0,0,15.0
TXN1008241,retry,2026-04-29 07:35:44,1,2036.79,84.0,2,0,0,2.0
TXN1008241,reminder,2026-04-29 09:16:44,1,2036.79,297.0,1,0,0,1.0
TXN1008241,escalation,2026-04-29 09:49:44,1,2036.79,215.0,1,0,0,15.0
TXN1008243,retry,2026-06-19 23:27:37,0,0.0,,4,1,1,2.0
TXN1008243,reminder,2026-06-19 23:13:37,0,0.0,,3,1,0,1.0
TXN1008243,escalation,2026-06-19 22:36:37,0,0.0,,3,1,0,15.0
TXN1008244,retry,2026-05-29 01:09:34,0,0.0,,2,1,0,2.0
TXN1008244,reminder,2026-05-29 01:37:34,1,1881.66,339.0,1,0,0,1.0
TXN1008244,escalation,2026-05-29 01:27:34,1,1881.66,48.0,1,0,0,15.0
TXN1008245,retry,2026-01-31 04:57:28,0,0.0,,3,1,0,2.0
TXN1008245,reminder,2026-01-31 06:39:28,0,0.0,,2,1,0,1.0
TXN1008245,escalation,2026-01-31 04:16:28,0,0.0,,2,1,0,15.0
TXN1008249,retry,2026-01-18 13:26:01,0,0.0,,2,1,0,2.0
TXN1008249,reminder,2026-01-18 15:10:01,0,0.0,,1,1,0,1.0
TXN1008249,escalation,2026-01-18 12:49:01,1,14781.67,170.0,1,0,0,15.0
TXN1008250,retry,2026-01-11 08:33:17,1,3597.88,33.0,3,0,0,2.0
TXN1008250,reminder,2026-01-11 09:46:17,1,3597.88,49.0,2,0,0,1.0
TXN1008250,escalation,2026-01-11 08:53:17,1,3597.88,115.0,2,0,0,15.0
TXN1008252,retry,2026-01-10 01:04:30,0,0.0,,2,1,0,2.0
TXN1008252,reminder,2026-01-10 01:44:30,1,6851.25,86.0,1,0,0,1.0
TXN1008252,escalation,2026-01-10 01:18:30,1,6851.25,90.0,1,0,0,15.0
TXN1008253,retry,2026-04-13 22:15:28,0,0.0,,3,1,0,2.0
TXN1008253,reminder,2026-04-13 21:20:28,1,4645.53,17.0,2,0,0,1.0
TXN1008253,escalation,2026-04-13 22:07:28,1,4645.53,346.0,2,0,0,15.0
TXN1008254,retry,2026-01-16 05:29:30,1,2318.72,342.0,3,0,0,2.0
TXN1008254,reminder,2026-01-16 05:40:30,0,0.0,,2,1,0,1.0
TXN1008254,escalation,2026-01-16 04:21:30,1,2318.72,51.0,2,0,0,15.0
TXN1008255,retry,2026-01-07 11:59:58,1,1503.07,187.0,2,0,0,2.0
TXN1008255,reminder,2026-01-07 12:36:58,0,0.0,,1,1,0,1.0
TXN1008255,escalation,2026-01-07 10:48:58,1,1503.07,190.0,1,0,0,15.0
TXN1008256,retry,2026-02-11 16:30:18,0,0.0,,2,1,0,2.0
TXN1008256,reminder,2026-02-11 17:13:18,0,0.0,,1,1,0,1.0
TXN1008256,escalation,2026-02-11 15:55:18,1,1271.47,333.0,1,0,0,15.0
TXN1008259,retry,2026-01-11 09:37:01,1,4883.61,301.0,2,0,0,2.0
TXN1008259,reminder,2026-01-11 10:25:01,0,0.0,,1,1,0,1.0
TXN1008259,escalation,2026-01-11 09:44:01,0,0.0,,1,1,0,15.0
TXN1008262,retry,2026-01-29 07:35:34,1,13027.24,327.0,2,0,0,2.0
TXN1008262,reminder,2026-01-29 06:48:34,0,0.0,,1,1,0,1.0
TXN1008262,escalation,2026-01-29 05:28:34,0,0.0,,1,1,0,15.0
TXN1008268,retry,2026-01-19 03:04:57,0,0.0,,2,1,0,2.0
TXN1008268,reminder,2026-01-19 02:57:57,1,2888.04,333.0,1,0,0,1.0
TXN1008268,escalation,2026-01-19 02:26:57,1,2888.04,214.0,1,0,0,15.0
TXN1008269,retry,2026-06-04 08:35:01,1,10913.05,252.0,3,0,0,2.0
TXN1008269,reminder,2026-06-04 11:21:01,0,0.0,,2,1,0,1.0
TXN1008269,escalation,2026-06-04 08:54:01,1,10913.05,245.0,2,0,0,15.0
TXN1008279,retry,2026-05-30 08:01:55,1,1304.52,358.0,2,0,0,2.0
TXN1008279,reminder,2026-05-30 06:50:55,1,1304.52,232.0,1,0,0,1.0
TXN1008279,escalation,2026-05-30 06:17:55,0,0.0,,1,1,0,15.0
TXN1008280,retry,2026-02-03 19:32:14,0,0.0,,2,1,0,2.0
TXN1008280,reminder,2026-02-03 18:56:14,1,693.03,44.0,1,0,0,1.0
TXN1008280,escalation,2026-02-03 19:46:14,0,0.0,,1,1,0,15.0
TXN1008282,retry,2026-01-11 18:26:12,0,0.0,,2,1,0,2.0
TXN1008282,reminder,2026-01-11 19:17:12,0,0.0,,1,1,0,1.0
TXN1008282,escalation,2026-01-11 18:29:12,1,5400.95,65.0,1,0,0,15.0
TXN1008284,retry,2026-02-02 11:23:26,0,0.0,,2,1,0,2.0
TXN1008284,reminder,2026-02-02 10:44:26,0,0.0,,1,1,0,1.0
TXN1008284,escalation,2026-02-02 13:08:26,1,21260.2,92.0,1,0,0,15.0
TXN1008285,retry,2026-02-09 08:22:08,1,758.89,283.0,2,0,0,2.0
TXN1008285,reminder,2026-02-09 08:57:08,1,758.89,88.0,1,0,0,1.0
TXN1008285,escalation,2026-02-09 08:07:08,1,758.89,106.0,1,0,0,15.0
TXN1008286,retry,2026-03-06 19:52:49,1,10910.51,24.0,2,0,0,2.0
TXN1008286,reminder,2026-03-06 19:29:49,0,0.0,,1,1,0,1.0
TXN1008286,escalation,2026-03-06 20:01:49,0,0.0,,1,1,0,15.0
TXN1008287,retry,2026-04-07 10:09:06,1,4488.53,124.0,2,0,0,2.0
TXN1008287,reminder,2026-04-07 11:06:06,0,0.0,,1,1,0,1.0
TXN1008287,escalation,2026-04-07 12:20:06,1,4488.53,313.0,1,0,0,15.0
TXN1008288,retry,2026-04-09 17:31:13,0,0.0,,2,1,0,2.0
TXN1008288,reminder,2026-04-09 18:51:13,1,4947.55,285.0,1,0,0,1.0
TXN1008288,escalation,2026-04-09 18:20:13,1,4947.55,316.0,1,0,0,15.0
TXN1008290,retry,2026-04-05 09:59:06,1,5113.3,118.0,2,0,0,2.0
TXN1008290,reminder,2026-04-05 09:58:06,1,5113.3,102.0,1,0,0,1.0
TXN1008290,escalation,2026-04-05 09:01:06,1,5113.3,27.0,1,0,0,15.0
TXN1008293,retry,2026-01-23 04:20:37,0,0.0,,2,1,0,2.0
TXN1008293,reminder,2026-01-23 05:47:37,1,14536.49,129.0,1,0,0,1.0
TXN1008293,escalation,2026-01-23 03:44:37,1,14536.49,314.0,1,0,0,15.0
TXN1008297,retry,2026-04-15 23:05:13,1,3083.06,65.0,3,0,0,2.0
TXN1008297,reminder,2026-04-15 22:58:13,0,0.0,,2,1,0,1.0
TXN1008297,escalation,2026-04-15 22:07:13,1,3083.06,52.0,2,0,0,15.0
TXN1008301,retry,2026-05-29 00:26:56,1,2975.72,149.0,2,0,0,2.0
TXN1008301,reminder,2026-05-28 23:31:56,1,2975.72,63.0,1,0,0,1.0
TXN1008301,escalation,2026-05-28 23:54:56,1,2975.72,302.0,1,0,0,15.0
TXN1008305,retry,2026-02-24 14:50:45,1,384.49,218.0,3,0,0,2.0
TXN1008305,reminder,2026-02-24 14:43:45,0,0.0,,2,1,0,1.0
TXN1008305,escalation,2026-02-24 15:34:45,1,384.49,125.0,2,0,1,15.0
TXN1008306,retry,2026-03-22 12:22:40,1,8609.05,118.0,2,0,0,2.0
TXN1008306,reminder,2026-03-22 12:55:40,0,0.0,,1,1,0,1.0
TXN1008306,escalation,2026-03-22 11:36:40,1,8609.05,24.0,1,0,0,15.0
TXN1008311,retry,2026-06-21 20:02:46,1,2437.6,148.0,2,0,0,2.0
TXN1008311,reminder,2026-06-21 21:04:46,1,2437.6,335.0,1,0,0,1.0
TXN1008311,escalation,2026-06-21 19:22:46,1,2437.6,200.0,1,0,0,15.0
TXN1008313,retry,2026-03-29 23:11:41,0,0.0,,3,1,0,2.0
TXN1008313,reminder,2026-03-30 00:24:41,0,0.0,,2,1,0,1.0
TXN1008313,escalation,2026-03-29 23:25:41,0,0.0,,2,1,0,15.0
TXN1008316,retry,2026-02-16 00:13:29,1,47961.57,242.0,2,0,0,2.0
TXN1008316,reminder,2026-02-16 00:57:29,0,0.0,,1,1,0,1.0
TXN1008316,escalation,2026-02-16 01:47:29,1,47961.57,14.0,1,0,0,15.0
TXN1008317,retry,2026-01-24 05:30:32,0,0.0,,2,1,0,2.0
TXN1008317,reminder,2026-01-24 04:46:32,0,0.0,,1,1,0,1.0
TXN1008317,escalation,2026-01-24 06:04:32,1,9834.92,87.0,1,0,0,15.0
TXN1008319,retry,2026-06-20 21:33:31,0,0.0,,4,1,1,2.0
TXN1008319,reminder,2026-06-20 20:24:31,0,0.0,,3,1,0,1.0
TXN1008319,escalation,2026-06-20 20:44:31,0,0.0,,3,1,0,15.0
TXN1008321,retry,2026-06-27 23:56:26,0,0.0,,2,1,0,2.0
TXN1008321,reminder,2026-06-28 00:56:26,1,1465.51,270.0,1,0,0,1.0
TXN1008321,escalation,2026-06-28 00:15:26,0,0.0,,1,1,0,15.0
TXN1008324,retry,2026-02-03 01:08:49,0,0.0,,2,1,0,2.0
TXN1008324,reminder,2026-02-03 01:05:49,1,2506.28,243.0,1,0,0,1.0
TXN1008324,escalation,2026-02-03 00:29:49,1,2506.28,142.0,1,0,0,15.0
TXN1008327,retry,2026-05-30 23:14:03,0,0.0,,3,1,0,2.0
TXN1008327,reminder,2026-05-30 22:51:03,0,0.0,,2,1,0,1.0
TXN1008327,escalation,2026-05-30 21:38:03,1,2566.93,41.0,2,0,0,15.0
TXN1008329,retry,2026-05-29 11:54:24,1,5288.41,118.0,4,0,1,2.0
TXN1008329,reminder,2026-05-29 14:13:24,1,5288.41,91.0,3,0,0,1.0
TXN1008329,escalation,2026-05-29 12:13:24,1,5288.41,190.0,3,0,0,15.0
TXN1008336,retry,2026-04-17 10:04:03,1,1991.26,146.0,5,0,1,2.0
TXN1008336,reminder,2026-04-17 10:00:03,1,1991.26,22.0,4,0,0,1.0
TXN1008336,escalation,2026-04-17 10:56:03,0,0.0,,4,1,0,15.0
TXN1008339,retry,2026-02-13 06:27:17,1,9160.59,205.0,2,0,0,2.0
TXN1008339,reminder,2026-02-13 05:51:17,0,0.0,,1,1,0,1.0
TXN1008339,escalation,2026-02-13 06:29:17,0,0.0,,1,1,0,15.0
TXN1008341,retry,2026-03-12 16:40:05,1,3279.49,314.0,3,0,0,2.0
TXN1008341,reminder,2026-03-12 17:36:05,0,0.0,,2,1,0,1.0
TXN1008341,escalation,2026-03-12 15:44:05,1,3279.49,10.0,2,0,0,15.0
TXN1008343,retry,2026-05-11 20:39:15,1,1121.11,227.0,2,0,0,2.0
TXN1008343,reminder,2026-05-11 20:44:15,1,1121.11,345.0,1,0,0,1.0
TXN1008343,escalation,2026-05-11 19:57:15,0,0.0,,1,1,0,15.0
TXN1008344,retry,2026-02-05 02:46:41,1,4107.63,233.0,2,0,0,2.0
TXN1008344,reminder,2026-02-05 02:30:41,0,0.0,,1,1,0,1.0
TXN1008344,escalation,2026-02-05 04:25:41,1,4107.63,9.0,1,0,0,15.0
TXN1008346,retry,2026-03-10 23:13:40,1,47025.31,257.0,3,0,0,2.0
TXN1008346,reminder,2026-03-10 22:46:40,0,0.0,,2,1,0,1.0
TXN1008346,escalation,2026-03-11 00:00:40,1,47025.31,152.0,2,0,0,15.0
TXN1008352,retry,2026-01-08 15:53:45,1,401.77,356.0,2,0,0,2.0
TXN1008352,reminder,2026-01-08 16:07:45,1,401.77,14.0,1,0,0,1.0
TXN1008352,escalation,2026-01-08 16:09:45,1,401.77,212.0,1,0,1,15.0
TXN1008354,retry,2026-02-27 03:15:43,1,10519.34,40.0,3,0,0,2.0
TXN1008354,reminder,2026-02-27 02:45:43,0,0.0,,2,1,0,1.0
TXN1008354,escalation,2026-02-27 03:46:43,1,10519.34,91.0,2,0,0,15.0
TXN1008355,retry,2026-03-27 07:52:58,0,0.0,,2,1,0,2.0
TXN1008355,reminder,2026-03-27 07:40:58,1,2300.33,316.0,1,0,0,1.0
TXN1008355,escalation,2026-03-27 06:52:58,1,2300.33,135.0,1,0,0,15.0
TXN1008359,retry,2026-02-21 15:03:11,1,9726.75,111.0,2,0,0,2.0
TXN1008359,reminder,2026-02-21 14:56:11,1,9726.75,131.0,1,0,0,1.0
TXN1008359,escalation,2026-02-21 14:00:11,0,0.0,,1,1,0,15.0
TXN1008360,retry,2026-04-03 09:22:43,1,13689.31,291.0,2,0,0,2.0
TXN1008360,reminder,2026-04-03 09:01:43,1,13689.31,309.0,1,0,0,1.0
TXN1008360,escalation,2026-04-03 08:50:43,1,13689.31,181.0,1,0,0,15.0
TXN1008362,retry,2026-04-07 02:31:54,1,14560.97,224.0,4,0,1,2.0
TXN1008362,reminder,2026-04-07 01:46:54,0,0.0,,3,1,0,1.0
TXN1008362,escalation,2026-04-07 00:55:54,0,0.0,,3,1,0,15.0
TXN1008366,retry,2026-03-08 18:10:33,1,1316.04,56.0,3,0,0,2.0
TXN1008366,reminder,2026-03-08 17:05:33,1,1316.04,117.0,2,0,0,1.0
TXN1008366,escalation,2026-03-08 16:51:33,0,0.0,,2,1,0,15.0
TXN1008368,retry,2026-06-07 09:31:49,1,1098.94,35.0,2,0,0,2.0
TXN1008368,reminder,2026-06-07 09:52:49,1,1098.94,114.0,1,0,0,1.0
TXN1008368,escalation,2026-06-07 10:13:49,1,1098.94,172.0,1,0,0,15.0
TXN1008371,retry,2026-04-17 12:43:39,0,0.0,,4,1,1,2.0
TXN1008371,reminder,2026-04-17 13:45:39,0,0.0,,3,1,0,1.0
TXN1008371,escalation,2026-04-17 13:14:39,0,0.0,,3,1,0,15.0
TXN1008372,retry,2026-06-05 02:31:13,1,974.04,267.0,3,0,0,2.0
TXN1008372,reminder,2026-06-05 03:24:13,0,0.0,,2,1,0,1.0
TXN1008372,escalation,2026-06-05 03:32:13,1,974.04,280.0,2,0,0,15.0
TXN1008374,retry,2026-04-24 12:12:59,1,35139.42,106.0,3,0,0,2.0
TXN1008374,reminder,2026-04-24 12:58:59,1,35139.42,177.0,2,0,0,1.0
TXN1008374,escalation,2026-04-24 11:45:59,1,35139.42,212.0,2,0,0,15.0
TXN1008378,retry,2026-06-11 20:22:56,0,0.0,,5,1,1,2.0
TXN1008378,reminder,2026-06-11 19:07:56,0,0.0,,4,1,0,1.0
TXN1008378,escalation,2026-06-11 19:14:56,0,0.0,,4,1,0,15.0
TXN1008381,retry,2026-05-06 09:34:45,1,6844.45,347.0,4,0,1,2.0
TXN1008381,reminder,2026-05-06 09:28:45,0,0.0,,3,1,0,1.0
TXN1008381,escalation,2026-05-06 09:02:45,0,0.0,,3,1,0,15.0
TXN1008385,retry,2026-02-03 06:35:12,0,0.0,,2,1,0,2.0
TXN1008385,reminder,2026-02-03 06:52:12,1,8824.87,48.0,1,0,0,1.0
TXN1008385,escalation,2026-02-03 07:14:12,1,8824.87,118.0,1,0,0,15.0
TXN1008393,retry,2026-03-01 11:44:59,0,0.0,,2,1,0,2.0
TXN1008393,reminder,2026-03-01 11:15:59,1,3764.87,210.0,1,0,0,1.0
TXN1008393,escalation,2026-03-01 11:00:59,0,0.0,,1,1,0,15.0
TXN1008397,retry,2026-04-26 14:25:16,1,8619.25,221.0,2,0,0,2.0
TXN1008397,reminder,2026-04-26 15:59:16,0,0.0,,1,1,0,1.0
TXN1008397,escalation,2026-04-26 16:21:16,0,0.0,,1,1,0,15.0
TXN1008398,retry,2026-06-09 02:39:18,1,7732.87,5.0,2,0,0,2.0
TXN1008398,reminder,2026-06-09 03:30:18,0,0.0,,1,1,0,1.0
TXN1008398,escalation,2026-06-09 03:36:18,1,7732.87,155.0,1,0,0,15.0
TXN1008400,retry,2026-03-23 12:16:42,1,3014.71,282.0,2,0,0,2.0
TXN1008400,reminder,2026-03-23 11:56:42,1,3014.71,169.0,1,0,0,1.0
TXN1008400,escalation,2026-03-23 11:30:42,0,0.0,,1,1,0,15.0
TXN1008402,retry,2026-03-04 18:05:28,0,0.0,,2,1,0,2.0
TXN1008402,reminder,2026-03-04 17:11:28,1,966.17,210.0,1,0,0,1.0
TXN1008402,escalation,2026-03-04 17:28:28,1,966.17,16.0,1,0,0,15.0
TXN1008403,retry,2026-05-06 21:42:10,1,2080.83,270.0,2,0,0,2.0
TXN1008403,reminder,2026-05-06 22:19:10,0,0.0,,1,1,0,1.0
TXN1008403,escalation,2026-05-06 23:09:10,1,2080.83,82.0,1,0,0,15.0
TXN1008410,retry,2026-01-16 16:37:48,0,0.0,,2,1,0,2.0
TXN1008410,reminder,2026-01-16 17:58:48,0,0.0,,1,1,0,1.0
TXN1008410,escalation,2026-01-16 17:18:48,1,9102.07,58.0,1,0,0,15.0
TXN1008419,retry,2026-05-20 15:52:30,0,0.0,,2,1,0,2.0
TXN1008419,reminder,2026-05-20 17:49:30,1,5280.77,39.0,1,0,0,1.0
TXN1008419,escalation,2026-05-20 16:40:30,1,5280.77,10.0,1,0,0,15.0
TXN1008424,retry,2026-01-13 11:15:23,1,4131.36,116.0,3,0,0,2.0
TXN1008424,reminder,2026-01-13 11:12:23,0,0.0,,2,1,0,1.0
TXN1008424,escalation,2026-01-13 10:29:23,1,4131.36,62.0,2,0,0,15.0
TXN1008425,retry,2026-03-01 13:14:50,0,0.0,,2,1,0,2.0
TXN1008425,reminder,2026-03-01 14:38:50,1,3187.98,104.0,1,0,0,1.0
TXN1008425,escalation,2026-03-01 13:22:50,0,0.0,,1,1,0,15.0
TXN1008430,retry,2026-03-07 17:54:21,0,0.0,,4,1,1,2.0
TXN1008430,reminder,2026-03-07 16:35:21,1,4691.28,220.0,3,0,0,1.0
TXN1008430,escalation,2026-03-07 16:30:21,0,0.0,,3,1,0,15.0
TXN1008432,retry,2026-01-10 21:58:03,0,0.0,,2,1,0,2.0
TXN1008432,reminder,2026-01-10 22:36:03,1,5041.3,190.0,1,0,0,1.0
TXN1008432,escalation,2026-01-10 22:05:03,1,5041.3,240.0,1,0,0,15.0
TXN1008436,retry,2026-06-02 15:56:52,0,0.0,,2,1,0,2.0
TXN1008436,reminder,2026-06-02 14:24:52,1,5208.19,276.0,1,0,0,1.0
TXN1008436,escalation,2026-06-02 14:58:52,0,0.0,,1,1,0,15.0
TXN1008438,retry,2026-02-14 23:06:38,0,0.0,,4,1,1,2.0
TXN1008438,reminder,2026-02-14 23:20:38,0,0.0,,3,1,0,1.0
TXN1008438,escalation,2026-02-15 01:07:38,1,3327.39,41.0,3,0,0,15.0
TXN1008443,retry,2026-03-12 00:20:05,1,12032.37,308.0,2,0,0,2.0
TXN1008443,reminder,2026-03-12 00:14:05,1,12032.37,57.0,1,0,0,1.0
TXN1008443,escalation,2026-03-12 00:32:05,0,0.0,,1,1,0,15.0
TXN1008447,retry,2026-03-09 12:48:00,0,0.0,,3,1,0,2.0
TXN1008447,reminder,2026-03-09 13:15:00,0,0.0,,2,1,0,1.0
TXN1008447,escalation,2026-03-09 14:23:00,0,0.0,,2,1,0,15.0
TXN1008450,retry,2026-05-24 12:07:34,1,531.23,239.0,2,0,0,2.0
TXN1008450,reminder,2026-05-24 10:48:34,1,531.23,107.0,1,0,0,1.0
TXN1008450,escalation,2026-05-24 12:52:34,1,531.23,267.0,1,0,0,15.0
TXN1008452,retry,2026-05-20 11:14:04,1,1065.3,344.0,2,0,0,2.0
TXN1008452,reminder,2026-05-20 10:58:04,0,0.0,,1,1,0,1.0
TXN1008452,escalation,2026-05-20 10:45:04,1,1065.3,338.0,1,0,0,15.0
TXN1008453,retry,2026-04-04 19:05:17,1,135461.18,84.0,2,0,0,2.0
TXN1008453,reminder,2026-04-04 18:05:17,1,135461.18,111.0,1,0,0,1.0
TXN1008453,escalation,2026-04-04 18:51:17,1,135461.18,64.0,1,0,0,15.0
TXN1008456,retry,2026-01-06 05:29:41,1,5652.36,249.0,3,0,0,2.0
TXN1008456,reminder,2026-01-06 05:54:41,1,5652.36,89.0,2,0,0,1.0
TXN1008456,escalation,2026-01-06 03:28:41,1,5652.36,327.0,2,0,0,15.0
TXN1008457,retry,2026-06-22 01:06:01,0,0.0,,4,1,1,2.0
TXN1008457,reminder,2026-06-22 01:08:01,0,0.0,,3,1,0,1.0
TXN1008457,escalation,2026-06-21 22:34:01,1,856.53,217.0,3,0,0,15.0
TXN1008459,retry,2026-01-08 21:41:33,1,3271.08,277.0,2,0,0,2.0
TXN1008459,reminder,2026-01-08 23:47:33,1,3271.08,31.0,1,0,0,1.0
TXN1008459,escalation,2026-01-08 21:20:33,0,0.0,,1,1,0,15.0
TXN1008462,retry,2026-01-09 20:41:36,1,3878.48,270.0,2,0,0,2.0
TXN1008462,reminder,2026-01-09 18:51:36,1,3878.48,71.0,1,0,0,1.0
TXN1008462,escalation,2026-01-09 18:59:36,1,3878.48,34.0,1,0,0,15.0
TXN1008464,retry,2026-06-25 16:17:33,0,0.0,,5,1,1,2.0
TXN1008464,reminder,2026-06-25 14:39:33,1,2128.17,222.0,4,0,0,1.0
TXN1008464,escalation,2026-06-25 16:20:33,0,0.0,,4,1,0,15.0
TXN1008467,retry,2026-03-04 07:44:51,1,2464.06,221.0,2,0,0,2.0
TXN1008467,reminder,2026-03-04 06:59:51,1,2464.06,226.0,1,0,0,1.0
TXN1008467,escalation,2026-03-04 07:42:51,0,0.0,,1,1,0,15.0
TXN1008469,retry,2026-06-06 07:47:31,1,3411.91,349.0,4,0,1,2.0
TXN1008469,reminder,2026-06-06 06:18:31,0,0.0,,3,1,0,1.0
TXN1008469,escalation,2026-06-06 06:31:31,0,0.0,,3,1,0,15.0
TXN1008470,retry,2026-05-16 03:46:23,1,6317.59,145.0,2,0,0,2.0
TXN1008470,reminder,2026-05-16 03:24:23,1,6317.59,229.0,1,0,0,1.0
TXN1008470,escalation,2026-05-16 03:01:23,1,6317.59,228.0,1,0,0,15.0
TXN1008471,retry,2026-01-18 23:39:55,0,0.0,,4,1,1,2.0
TXN1008471,reminder,2026-01-18 22:45:55,0,0.0,,3,1,0,1.0
TXN1008471,escalation,2026-01-18 23:48:55,0,0.0,,3,1,0,15.0
TXN1008472,retry,2026-02-09 18:51:59,1,1312.48,55.0,2,0,0,2.0
TXN1008472,reminder,2026-02-09 20:50:59,1,1312.48,258.0,1,0,0,1.0
TXN1008472,escalation,2026-02-09 19:35:59,1,1312.48,116.0,1,0,0,15.0
TXN1008473,retry,2026-01-30 17:48:00,1,2080.01,239.0,2,0,0,2.0
TXN1008473,reminder,2026-01-30 18:08:00,0,0.0,,1,1,0,1.0
TXN1008473,escalation,2026-01-30 17:00:00,1,2080.01,202.0,1,0,0,15.0
TXN1008475,retry,2026-02-28 18:01:51,1,1790.95,63.0,2,0,0,2.0
TXN1008475,reminder,2026-02-28 19:58:51,1,1790.95,142.0,1,0,0,1.0
TXN1008475,escalation,2026-02-28 19:23:51,0,0.0,,1,1,0,15.0
TXN1008477,retry,2026-05-10 19:07:40,0,0.0,,3,1,0,2.0
TXN1008477,reminder,2026-05-10 18:05:40,1,7006.7,276.0,2,0,0,1.0
TXN1008477,escalation,2026-05-10 17:30:40,0,0.0,,2,1,0,15.0
TXN1008478,retry,2026-05-14 04:43:21,1,3463.25,118.0,3,0,0,2.0
TXN1008478,reminder,2026-05-14 04:28:21,0,0.0,,2,1,0,1.0
TXN1008478,escalation,2026-05-14 07:01:21,1,3463.25,250.0,2,0,0,15.0
TXN1008480,retry,2026-06-23 10:31:00,1,7114.63,270.0,2,0,0,2.0
TXN1008480,reminder,2026-06-23 11:04:00,0,0.0,,1,1,0,1.0
TXN1008480,escalation,2026-06-23 10:41:00,1,7114.63,243.0,1,0,0,15.0
TXN1008482,retry,2026-04-12 00:39:58,1,6491.07,182.0,2,0,0,2.0
TXN1008482,reminder,2026-04-12 01:59:58,0,0.0,,1,1,0,1.0
TXN1008482,escalation,2026-04-12 00:04:58,1,6491.07,245.0,1,0,0,15.0
TXN1008485,retry,2026-01-12 17:51:01,1,5382.65,240.0,2,0,0,2.0
TXN1008485,reminder,2026-01-12 15:06:01,0,0.0,,1,1,0,1.0
TXN1008485,escalation,2026-01-12 15:57:01,1,5382.65,110.0,1,0,0,15.0
TXN1008487,retry,2026-06-01 10:12:00,0,0.0,,2,1,0,2.0
TXN1008487,reminder,2026-06-01 10:27:00,1,1179.65,340.0,1,0,0,1.0
TXN1008487,escalation,2026-06-01 09:55:00,0,0.0,,1,1,0,15.0
TXN1008488,retry,2026-03-13 00:35:01,1,2893.64,153.0,2,0,0,2.0
TXN1008488,reminder,2026-03-12 23:30:01,0,0.0,,1,1,0,1.0
TXN1008488,escalation,2026-03-12 23:33:01,1,2893.64,151.0,1,0,0,15.0
TXN1008489,retry,2026-03-11 01:42:46,1,355.04,177.0,2,0,0,2.0
TXN1008489,reminder,2026-03-11 03:08:46,0,0.0,,1,1,0,1.0
TXN1008489,escalation,2026-03-11 03:25:46,1,355.04,27.0,1,0,1,15.0
TXN1008490,retry,2026-06-19 08:57:31,0,0.0,,4,1,1,2.0
TXN1008490,reminder,2026-06-19 09:59:31,0,0.0,,3,1,0,1.0
TXN1008490,escalation,2026-06-19 07:54:31,0,0.0,,3,1,0,15.0
TXN1008491,retry,2026-04-01 17:34:55,1,710.02,248.0,2,0,0,2.0
TXN1008491,reminder,2026-04-01 18:09:55,0,0.0,,1,1,0,1.0
TXN1008491,escalation,2026-04-01 15:53:55,0,0.0,,1,1,0,15.0
TXN1008493,retry,2026-06-13 02:44:41,1,7285.94,95.0,2,0,0,2.0
TXN1008493,reminder,2026-06-13 01:57:41,0,0.0,,1,1,0,1.0
TXN1008493,escalation,2026-06-13 02:18:41,1,7285.94,302.0,1,0,0,15.0
TXN1008496,retry,2026-02-11 08:13:33,1,2639.15,40.0,2,0,0,2.0
TXN1008496,reminder,2026-02-11 07:16:33,1,2639.15,286.0,1,0,0,1.0
TXN1008496,escalation,2026-02-11 07:08:33,1,2639.15,327.0,1,0,0,15.0
TXN1008497,retry,2026-04-24 01:05:57,0,0.0,,2,1,0,2.0
TXN1008497,reminder,2026-04-24 02:06:57,1,27599.0,152.0,1,0,0,1.0
TXN1008497,escalation,2026-04-24 02:22:57,1,27599.0,116.0,1,0,0,15.0
TXN1008499,retry,2026-05-15 10:21:11,0,0.0,,3,1,0,2.0
TXN1008499,reminder,2026-05-15 08:51:11,1,14018.83,311.0,2,0,0,1.0
TXN1008499,escalation,2026-05-15 10:52:11,0,0.0,,2,1,0,15.0
TXN1008501,retry,2026-03-24 23:22:49,1,4380.26,125.0,2,0,0,2.0
TXN1008501,reminder,2026-03-25 00:25:49,1,4380.26,199.0,1,0,0,1.0
TXN1008501,escalation,2026-03-24 23:18:49,0,0.0,,1,1,0,15.0
TXN1008505,retry,2026-01-04 14:01:36,1,847.73,228.0,2,0,0,2.0
TXN1008505,reminder,2026-01-04 15:42:36,1,847.73,23.0,1,0,0,1.0
TXN1008505,escalation,2026-01-04 15:36:36,0,0.0,,1,1,0,15.0
TXN1008517,retry,2026-06-09 10:02:56,1,11908.06,32.0,2,0,0,2.0
TXN1008517,reminder,2026-06-09 11:36:56,0,0.0,,1,1,0,1.0
TXN1008517,escalation,2026-06-09 11:49:56,0,0.0,,1,1,0,15.0
TXN1008521,retry,2026-04-10 23:15:18,1,3994.18,56.0,2,0,0,2.0
TXN1008521,reminder,2026-04-11 00:33:18,0,0.0,,1,1,0,1.0
TXN1008521,escalation,2026-04-11 00:45:18,0,0.0,,1,1,0,15.0
TXN1008522,retry,2026-04-14 15:49:00,1,15524.88,279.0,2,0,0,2.0
TXN1008522,reminder,2026-04-14 16:14:00,1,15524.88,212.0,1,0,0,1.0
TXN1008522,escalation,2026-04-14 14:45:00,1,15524.88,308.0,1,0,0,15.0
TXN1008534,retry,2026-05-08 04:03:56,1,2115.81,144.0,2,0,0,2.0
TXN1008534,reminder,2026-05-08 03:39:56,0,0.0,,1,1,0,1.0
TXN1008534,escalation,2026-05-08 04:44:56,1,2115.81,248.0,1,0,0,15.0
TXN1008537,retry,2026-05-13 17:36:35,1,5834.0,43.0,2,0,0,2.0
TXN1008537,reminder,2026-05-13 16:18:35,1,5834.0,353.0,1,0,0,1.0
TXN1008537,escalation,2026-05-13 17:10:35,1,5834.0,146.0,1,0,0,15.0
TXN1008540,retry,2026-05-27 17:50:37,0,0.0,,2,1,0,2.0
TXN1008540,reminder,2026-05-27 17:23:37,1,29321.45,254.0,1,0,0,1.0
TXN1008540,escalation,2026-05-27 16:53:37,1,29321.45,308.0,1,0,0,15.0
TXN1008543,retry,2026-02-05 20:23:02,1,15689.34,62.0,3,0,0,2.0
TXN1008543,reminder,2026-02-05 21:48:02,1,15689.34,50.0,2,0,0,1.0
TXN1008543,escalation,2026-02-05 20:13:02,0,0.0,,2,1,0,15.0
TXN1008545,retry,2026-04-30 19:31:04,1,963.9,123.0,3,0,0,2.0
TXN1008545,reminder,2026-04-30 20:00:04,1,963.9,336.0,2,0,0,1.0
TXN1008545,escalation,2026-04-30 20:08:04,1,963.9,184.0,2,0,0,15.0
TXN1008550,retry,2026-03-20 14:43:32,1,15669.69,186.0,2,0,0,2.0
TXN1008550,reminder,2026-03-20 13:43:32,0,0.0,,1,1,0,1.0
TXN1008550,escalation,2026-03-20 12:58:32,0,0.0,,1,1,0,15.0
TXN1008551,retry,2026-01-01 15:33:41,1,1370.55,154.0,3,0,0,2.0
TXN1008551,reminder,2026-01-01 15:55:41,0,0.0,,2,1,0,1.0
TXN1008551,escalation,2026-01-01 15:39:41,0,0.0,,2,1,0,15.0
TXN1008553,retry,2026-02-27 05:01:18,0,0.0,,2,1,0,2.0
TXN1008553,reminder,2026-02-27 03:00:18,1,4618.04,72.0,1,0,0,1.0
TXN1008553,escalation,2026-02-27 03:14:18,1,4618.04,152.0,1,0,0,15.0
TXN1008555,retry,2026-01-06 08:11:15,0,0.0,,5,1,1,2.0
TXN1008555,reminder,2026-01-06 09:42:15,0,0.0,,4,1,0,1.0
TXN1008555,escalation,2026-01-06 10:00:15,0,0.0,,4,1,0,15.0
TXN1008557,retry,2026-06-05 20:28:53,0,0.0,,3,1,0,2.0
TXN1008557,reminder,2026-06-05 20:21:53,1,3629.89,217.0,2,0,0,1.0
TXN1008557,escalation,2026-06-05 21:05:53,0,0.0,,2,1,0,15.0
TXN1008558,retry,2026-06-25 01:54:31,0,0.0,,2,1,0,2.0
TXN1008558,reminder,2026-06-25 00:47:31,0,0.0,,1,1,0,1.0
TXN1008558,escalation,2026-06-25 01:26:31,1,8514.93,227.0,1,0,0,15.0
TXN1008560,retry,2026-06-23 08:19:49,1,3952.54,144.0,3,0,0,2.0
TXN1008560,reminder,2026-06-23 08:31:49,0,0.0,,2,1,0,1.0
TXN1008560,escalation,2026-06-23 10:40:49,0,0.0,,2,1,0,15.0
TXN1008562,retry,2026-03-07 18:27:59,0,0.0,,3,1,0,2.0
TXN1008562,reminder,2026-03-07 17:35:59,1,3997.66,332.0,2,0,0,1.0
TXN1008562,escalation,2026-03-07 17:11:59,1,3997.66,342.0,2,0,0,15.0
TXN1008563,retry,2026-05-06 14:47:23,1,3428.11,340.0,2,0,0,2.0
TXN1008563,reminder,2026-05-06 15:24:23,1,3428.11,321.0,1,0,0,1.0
TXN1008563,escalation,2026-05-06 13:03:23,0,0.0,,1,1,0,15.0
TXN1008566,retry,2026-03-17 10:05:37,1,2831.01,197.0,4,0,1,2.0
TXN1008566,reminder,2026-03-17 10:31:37,0,0.0,,3,1,0,1.0
TXN1008566,escalation,2026-03-17 10:10:37,1,2831.01,65.0,3,0,0,15.0
TXN1008571,retry,2026-05-09 10:02:31,1,37775.36,258.0,3,0,0,2.0
TXN1008571,reminder,2026-05-09 09:16:31,1,37775.36,341.0,2,0,0,1.0
TXN1008571,escalation,2026-05-09 09:56:31,0,0.0,,2,1,0,15.0
TXN1008572,retry,2026-04-05 19:29:57,1,7708.92,183.0,2,0,0,2.0
TXN1008572,reminder,2026-04-05 17:47:57,1,7708.92,275.0,1,0,0,1.0
TXN1008572,escalation,2026-04-05 17:57:57,1,7708.92,220.0,1,0,0,15.0
TXN1008576,retry,2026-05-07 23:31:51,1,58317.97,89.0,2,0,0,2.0
TXN1008576,reminder,2026-05-07 23:15:51,1,58317.97,321.0,1,0,0,1.0
TXN1008576,escalation,2026-05-07 22:28:51,1,58317.97,320.0,1,0,0,15.0
TXN1008577,retry,2026-04-08 11:31:12,1,29709.44,7.0,3,0,0,2.0
TXN1008577,reminder,2026-04-08 09:51:12,1,29709.44,94.0,2,0,0,1.0
TXN1008577,escalation,2026-04-08 12:25:12,1,29709.44,53.0,2,0,0,15.0
TXN1008580,retry,2026-06-03 13:51:07,1,5615.04,53.0,2,0,0,2.0
TXN1008580,reminder,2026-06-03 15:23:07,0,0.0,,1,1,0,1.0
TXN1008580,escalation,2026-06-03 13:19:07,1,5615.04,238.0,1,0,0,15.0
TXN1008585,retry,2026-06-26 15:11:44,1,855.11,299.0,2,0,0,2.0
TXN1008585,reminder,2026-06-26 14:59:44,0,0.0,,1,1,0,1.0
TXN1008585,escalation,2026-06-26 15:45:44,0,0.0,,1,1,0,15.0
TXN1008586,retry,2026-05-09 20:12:39,1,4155.78,181.0,2,0,0,2.0
TXN1008586,reminder,2026-05-09 18:39:39,0,0.0,,1,1,0,1.0
TXN1008586,escalation,2026-05-09 19:03:39,0,0.0,,1,1,0,15.0
TXN1008588,retry,2026-06-05 11:01:29,0,0.0,,2,1,0,2.0
TXN1008588,reminder,2026-06-05 10:14:29,1,3930.1,44.0,1,0,0,1.0
TXN1008588,escalation,2026-06-05 08:57:29,1,3930.1,98.0,1,0,0,15.0
TXN1008589,retry,2026-01-26 12:08:24,1,2764.98,43.0,2,0,0,2.0
TXN1008589,reminder,2026-01-26 10:04:24,1,2764.98,6.0,1,0,0,1.0
TXN1008589,escalation,2026-01-26 10:32:24,1,2764.98,164.0,1,0,0,15.0
TXN1008591,retry,2026-05-15 08:21:25,0,0.0,,2,1,0,2.0
TXN1008591,reminder,2026-05-15 06:57:25,1,6429.08,321.0,1,0,0,1.0
TXN1008591,escalation,2026-05-15 06:33:25,0,0.0,,1,1,0,15.0
TXN1008594,retry,2026-01-21 09:53:37,1,1216.83,237.0,2,0,0,2.0
TXN1008594,reminder,2026-01-21 10:45:37,1,1216.83,130.0,1,0,0,1.0
TXN1008594,escalation,2026-01-21 10:02:37,1,1216.83,33.0,1,0,0,15.0
TXN1008595,retry,2026-03-17 20:05:25,1,4516.71,136.0,2,0,0,2.0
TXN1008595,reminder,2026-03-17 19:56:25,1,4516.71,133.0,1,0,0,1.0
TXN1008595,escalation,2026-03-17 18:14:25,1,4516.71,9.0,1,0,0,15.0
TXN1008598,retry,2026-05-17 02:55:53,0,0.0,,4,1,1,2.0
TXN1008598,reminder,2026-05-17 03:23:53,0,0.0,,3,1,0,1.0
TXN1008598,escalation,2026-05-17 01:17:53,0,0.0,,3,1,0,15.0
TXN1008599,retry,2026-01-15 03:26:42,0,0.0,,2,1,0,2.0
TXN1008599,reminder,2026-01-15 01:20:42,1,7414.2,295.0,1,0,0,1.0
TXN1008599,escalation,2026-01-15 03:46:42,0,0.0,,1,1,0,15.0
TXN1008601,retry,2026-04-26 08:05:04,1,16557.54,128.0,3,0,0,2.0
TXN1008601,reminder,2026-04-26 08:40:04,1,16557.54,35.0,2,0,0,1.0
TXN1008601,escalation,2026-04-26 08:51:04,0,0.0,,2,1,0,15.0
TXN1008602,retry,2026-05-28 15:34:55,1,4562.15,72.0,3,0,0,2.0
TXN1008602,reminder,2026-05-28 13:52:55,0,0.0,,2,1,0,1.0
TXN1008602,escalation,2026-05-28 13:56:55,1,4562.15,269.0,2,0,0,15.0
TXN1008603,retry,2026-02-05 19:06:12,1,4384.28,81.0,2,0,0,2.0
TXN1008603,reminder,2026-02-05 20:12:12,1,4384.28,291.0,1,0,0,1.0
TXN1008603,escalation,2026-02-05 20:39:12,1,4384.28,47.0,1,0,0,15.0
TXN1008605,retry,2026-01-14 13:31:37,1,4155.57,73.0,2,0,0,2.0
TXN1008605,reminder,2026-01-14 12:08:37,0,0.0,,1,1,0,1.0
TXN1008605,escalation,2026-01-14 12:42:37,1,4155.57,272.0,1,0,0,15.0
TXN1008607,retry,2026-04-25 18:00:02,0,0.0,,3,1,0,2.0
TXN1008607,reminder,2026-04-25 17:42:02,0,0.0,,2,1,0,1.0
TXN1008607,escalation,2026-04-25 18:39:02,1,7317.19,203.0,2,0,0,15.0
TXN1008609,retry,2026-04-23 09:51:50,1,5721.54,136.0,2,0,0,2.0
TXN1008609,reminder,2026-04-23 09:47:50,1,5721.54,268.0,1,0,0,1.0
TXN1008609,escalation,2026-04-23 08:10:50,0,0.0,,1,1,0,15.0
TXN1008610,retry,2026-01-31 03:11:40,0,0.0,,2,1,0,2.0
TXN1008610,reminder,2026-01-31 03:35:40,0,0.0,,1,1,0,1.0
TXN1008610,escalation,2026-01-31 03:18:40,0,0.0,,1,1,0,15.0
TXN1008611,retry,2026-04-06 12:47:52,1,5780.6,153.0,2,0,0,2.0
TXN1008611,reminder,2026-04-06 11:51:52,1,5780.6,318.0,1,0,0,1.0
TXN1008611,escalation,2026-04-06 13:12:52,1,5780.6,207.0,1,0,0,15.0
TXN1008613,retry,2026-05-17 02:34:09,1,8180.36,323.0,3,0,0,2.0
TXN1008613,reminder,2026-05-17 04:18:09,1,8180.36,247.0,2,0,0,1.0
TXN1008613,escalation,2026-05-17 03:03:09,0,0.0,,2,1,0,15.0
TXN1008616,retry,2026-02-01 14:39:05,1,984.96,269.0,2,0,0,2.0
TXN1008616,reminder,2026-02-01 16:33:05,0,0.0,,1,1,0,1.0
TXN1008616,escalation,2026-02-01 16:39:05,1,984.96,219.0,1,0,0,15.0
TXN1008617,retry,2026-04-04 04:09:11,1,16250.55,93.0,3,0,0,2.0
TXN1008617,reminder,2026-04-04 03:33:11,1,16250.55,150.0,2,0,0,1.0
TXN1008617,escalation,2026-04-04 05:24:11,1,16250.55,328.0,2,0,0,15.0
TXN1008618,retry,2026-01-09 20:51:37,0,0.0,,2,1,0,2.0
TXN1008618,reminder,2026-01-09 20:39:37,0,0.0,,1,1,0,1.0
TXN1008618,escalation,2026-01-09 21:07:37,1,831.6,153.0,1,0,0,15.0
TXN1008623,retry,2026-01-23 16:27:01,1,6290.82,214.0,2,0,0,2.0
TXN1008623,reminder,2026-01-23 15:15:01,1,6290.82,212.0,1,0,0,1.0
TXN1008623,escalation,2026-01-23 15:39:01,0,0.0,,1,1,0,15.0
TXN1008629,retry,2026-05-25 23:44:43,0,0.0,,2,1,0,2.0
TXN1008629,reminder,2026-05-25 22:35:43,1,4781.41,336.0,1,0,0,1.0
TXN1008629,escalation,2026-05-26 00:35:43,1,4781.41,323.0,1,0,0,15.0
TXN1008633,retry,2026-04-29 14:51:54,1,1420.29,26.0,3,0,0,2.0
TXN1008633,reminder,2026-04-29 15:17:54,1,1420.29,340.0,2,0,0,1.0
TXN1008633,escalation,2026-04-29 13:31:54,1,1420.29,267.0,2,0,0,15.0
TXN1008636,retry,2026-04-22 16:21:20,1,8044.97,52.0,2,0,0,2.0
TXN1008636,reminder,2026-04-22 17:26:20,0,0.0,,1,1,0,1.0
TXN1008636,escalation,2026-04-22 16:06:20,0,0.0,,1,1,0,15.0
TXN1008639,retry,2026-05-24 17:56:45,1,8001.53,15.0,2,0,0,2.0
TXN1008639,reminder,2026-05-24 17:44:45,0,0.0,,1,1,0,1.0
TXN1008639,escalation,2026-05-24 19:24:45,1,8001.53,21.0,1,0,0,15.0
TXN1008641,retry,2026-01-22 10:57:35,1,9806.87,75.0,3,0,0,2.0
TXN1008641,reminder,2026-01-22 10:51:35,1,9806.87,142.0,2,0,0,1.0
TXN1008641,escalation,2026-01-22 09:11:35,1,9806.87,295.0,2,0,0,15.0
TXN1008653,retry,2026-02-22 07:19:31,0,0.0,,2,1,0,2.0
TXN1008653,reminder,2026-02-22 07:52:31,1,6138.93,122.0,1,0,0,1.0
TXN1008653,escalation,2026-02-22 05:55:31,1,6138.93,328.0,1,0,0,15.0
TXN1008654,retry,2026-03-23 12:04:19,0,0.0,,4,1,1,2.0
TXN1008654,reminder,2026-03-23 11:26:19,0,0.0,,3,1,0,1.0
TXN1008654,escalation,2026-03-23 13:33:19,0,0.0,,3,1,0,15.0
TXN1008660,retry,2026-06-27 04:27:42,1,4611.37,3.0,2,0,0,2.0
TXN1008660,reminder,2026-06-27 04:27:42,1,4611.37,10.0,1,0,0,1.0
TXN1008660,escalation,2026-06-27 04:58:42,1,4611.37,165.0,1,0,0,15.0
TXN1008661,retry,2026-04-02 11:58:50,0,0.0,,2,1,0,2.0
TXN1008661,reminder,2026-04-02 10:19:50,1,5843.8,281.0,1,0,0,1.0
TXN1008661,escalation,2026-04-02 09:55:50,0,0.0,,1,1,0,15.0
TXN1008665,retry,2026-01-12 03:58:37,0,0.0,,4,1,1,2.0
TXN1008665,reminder,2026-01-12 02:43:37,0,0.0,,3,1,0,1.0
TXN1008665,escalation,2026-01-12 04:50:37,0,0.0,,3,1,0,15.0
TXN1008666,retry,2026-04-19 12:13:56,1,40526.49,230.0,2,0,0,2.0
TXN1008666,reminder,2026-04-19 14:01:56,1,40526.49,211.0,1,0,0,1.0
TXN1008666,escalation,2026-04-19 14:02:56,1,40526.49,202.0,1,0,0,15.0
TXN1008669,retry,2026-03-04 12:36:31,0,0.0,,3,1,0,2.0
TXN1008669,reminder,2026-03-04 14:27:31,1,979.07,234.0,2,0,0,1.0
TXN1008669,escalation,2026-03-04 12:16:31,0,0.0,,2,1,0,15.0
TXN1008671,retry,2026-06-15 19:44:41,1,2056.78,239.0,3,0,0,2.0
TXN1008671,reminder,2026-06-15 19:24:41,1,2056.78,144.0,2,0,0,1.0
TXN1008671,escalation,2026-06-15 21:37:41,1,2056.78,231.0,2,0,0,15.0
TXN1008675,retry,2026-02-24 05:02:04,1,6378.4,30.0,4,0,1,2.0
TXN1008675,reminder,2026-02-24 04:40:04,0,0.0,,3,1,0,1.0
TXN1008675,escalation,2026-02-24 02:56:04,0,0.0,,3,1,0,15.0
TXN1008679,retry,2026-05-29 22:00:12,1,13976.75,206.0,2,0,0,2.0
TXN1008679,reminder,2026-05-29 21:17:12,0,0.0,,1,1,0,1.0
TXN1008679,escalation,2026-05-29 20:07:12,1,13976.75,271.0,1,0,0,15.0
TXN1008681,retry,2026-05-14 01:41:37,1,7024.02,290.0,2,0,0,2.0
TXN1008681,reminder,2026-05-14 02:01:37,0,0.0,,1,1,0,1.0
TXN1008681,escalation,2026-05-14 01:23:37,0,0.0,,1,1,0,15.0
TXN1008682,retry,2026-03-10 22:30:36,1,7607.64,251.0,2,0,0,2.0
TXN1008682,reminder,2026-03-10 22:59:36,0,0.0,,1,1,0,1.0
TXN1008682,escalation,2026-03-10 22:24:36,1,7607.64,337.0,1,0,0,15.0
TXN1008684,retry,2026-05-30 05:43:00,1,3366.12,337.0,2,0,0,2.0
TXN1008684,reminder,2026-05-30 07:42:00,1,3366.12,276.0,1,0,0,1.0
TXN1008684,escalation,2026-05-30 06:45:00,1,3366.12,176.0,1,0,0,15.0
TXN1008686,retry,2026-06-14 10:54:00,1,2323.87,207.0,2,0,0,2.0
TXN1008686,reminder,2026-06-14 12:05:00,0,0.0,,1,1,0,1.0
TXN1008686,escalation,2026-06-14 13:11:00,0,0.0,,1,1,0,15.0
TXN1008688,retry,2026-01-16 03:45:32,1,1365.24,94.0,4,0,1,2.0
TXN1008688,reminder,2026-01-16 02:57:32,0,0.0,,3,1,0,1.0
TXN1008688,escalation,2026-01-16 03:10:32,0,0.0,,3,1,0,15.0
TXN1008689,retry,2026-06-02 22:10:12,0,0.0,,2,1,0,2.0
TXN1008689,reminder,2026-06-02 22:27:12,1,5331.55,30.0,1,0,0,1.0
TXN1008689,escalation,2026-06-02 22:29:12,1,5331.55,7.0,1,0,0,15.0
TXN1008695,retry,2026-06-03 21:36:13,0,0.0,,3,1,0,2.0
TXN1008695,reminder,2026-06-03 23:28:13,1,4793.39,229.0,2,0,0,1.0
TXN1008695,escalation,2026-06-03 22:15:13,1,4793.39,45.0,2,0,0,15.0
TXN1008698,retry,2026-04-27 06:03:50,1,5293.28,194.0,3,0,0,2.0
TXN1008698,reminder,2026-04-27 06:39:50,0,0.0,,2,1,0,1.0
TXN1008698,escalation,2026-04-27 05:11:50,1,5293.28,2.0,2,0,0,15.0
TXN1008700,retry,2026-03-12 17:46:17,0,0.0,,4,1,1,2.0
TXN1008700,reminder,2026-03-12 19:49:17,0,0.0,,3,1,0,1.0
TXN1008700,escalation,2026-03-12 20:29:17,0,0.0,,3,1,0,15.0
TXN1008702,retry,2026-06-29 06:32:29,1,3976.32,40.0,2,0,0,2.0
TXN1008702,reminder,2026-06-29 06:27:29,0,0.0,,1,1,0,1.0
TXN1008702,escalation,2026-06-29 06:03:29,1,3976.32,157.0,1,0,0,15.0
TXN1008703,retry,2026-06-09 01:57:56,0,0.0,,5,1,1,2.0
TXN1008703,reminder,2026-06-09 00:00:56,1,3221.22,51.0,4,0,0,1.0
TXN1008703,escalation,2026-06-09 01:32:56,1,3221.22,263.0,4,0,0,15.0
TXN1008708,retry,2026-02-01 10:30:50,0,0.0,,3,1,0,2.0
TXN1008708,reminder,2026-02-01 08:48:50,0,0.0,,2,1,0,1.0
TXN1008708,escalation,2026-02-01 09:44:50,0,0.0,,2,1,0,15.0
TXN1008709,retry,2026-06-22 20:52:37,1,3971.12,21.0,3,0,0,2.0
TXN1008709,reminder,2026-06-22 20:43:37,1,3971.12,138.0,2,0,0,1.0
TXN1008709,escalation,2026-06-22 20:19:37,0,0.0,,2,1,0,15.0
TXN1008717,retry,2026-02-10 12:28:38,1,5025.41,45.0,2,0,0,2.0
TXN1008717,reminder,2026-02-10 13:23:38,1,5025.41,97.0,1,0,0,1.0
TXN1008717,escalation,2026-02-10 12:09:38,0,0.0,,1,1,0,15.0
TXN1008721,retry,2026-04-15 09:15:59,0,0.0,,4,1,1,2.0
TXN1008721,reminder,2026-04-15 09:24:59,1,20515.43,276.0,3,0,0,1.0
TXN1008721,escalation,2026-04-15 07:12:59,1,20515.43,186.0,3,0,0,15.0
TXN1008722,retry,2026-05-25 09:24:23,0,0.0,,3,1,0,2.0
TXN1008722,reminder,2026-05-25 09:45:23,1,6051.02,157.0,2,0,0,1.0
TXN1008722,escalation,2026-05-25 10:52:23,1,6051.02,128.0,2,0,0,15.0
TXN1008723,retry,2026-06-18 11:03:52,1,4929.12,92.0,4,0,1,2.0
TXN1008723,reminder,2026-06-18 11:40:52,1,4929.12,102.0,3,0,0,1.0
TXN1008723,escalation,2026-06-18 10:12:52,0,0.0,,3,1,0,15.0
TXN1008726,retry,2026-04-29 22:33:30,1,7027.37,266.0,2,0,0,2.0
TXN1008726,reminder,2026-04-29 22:05:30,0,0.0,,1,1,0,1.0
TXN1008726,escalation,2026-04-29 23:41:30,1,7027.37,174.0,1,0,0,15.0
TXN1008727,retry,2026-02-10 07:01:43,0,0.0,,2,1,0,2.0
TXN1008727,reminder,2026-02-10 07:24:43,0,0.0,,1,1,0,1.0
TXN1008727,escalation,2026-02-10 06:53:43,1,2585.66,325.0,1,0,0,15.0
TXN1008728,retry,2026-01-19 07:34:08,1,1869.66,286.0,2,0,0,2.0
TXN1008728,reminder,2026-01-19 08:32:08,1,1869.66,320.0,1,0,0,1.0
TXN1008728,escalation,2026-01-19 09:16:08,1,1869.66,359.0,1,0,0,15.0
TXN1008729,retry,2026-01-26 00:00:53,1,893.12,235.0,2,0,0,2.0
TXN1008729,reminder,2026-01-25 22:27:53,1,893.12,12.0,1,0,0,1.0
TXN1008729,escalation,2026-01-26 00:52:53,1,893.12,276.0,1,0,0,15.0
TXN1008732,retry,2026-05-21 12:43:41,0,0.0,,3,1,0,2.0
TXN1008732,reminder,2026-05-21 12:28:41,1,23110.21,326.0,2,0,0,1.0
TXN1008732,escalation,2026-05-21 12:58:41,0,0.0,,2,1,0,15.0
TXN1008733,retry,2026-02-25 10:43:40,0,0.0,,3,1,0,2.0
TXN1008733,reminder,2026-02-25 11:18:40,0,0.0,,2,1,0,1.0
TXN1008733,escalation,2026-02-25 12:37:40,0,0.0,,2,1,0,15.0
TXN1008735,retry,2026-04-08 07:28:01,1,543.61,192.0,3,0,0,2.0
TXN1008735,reminder,2026-04-08 07:54:01,0,0.0,,2,1,0,1.0
TXN1008735,escalation,2026-04-08 06:29:01,0,0.0,,2,1,0,15.0
TXN1008736,retry,2026-02-05 22:56:33,0,0.0,,3,1,0,2.0
TXN1008736,reminder,2026-02-05 21:59:33,1,21318.74,190.0,2,0,0,1.0
TXN1008736,escalation,2026-02-05 22:11:33,1,21318.74,159.0,2,0,0,15.0
TXN1008741,retry,2026-01-09 20:50:54,1,3940.72,194.0,2,0,0,2.0
TXN1008741,reminder,2026-01-09 20:34:54,0,0.0,,1,1,0,1.0
TXN1008741,escalation,2026-01-09 20:42:54,0,0.0,,1,1,0,15.0
TXN1008742,retry,2026-05-16 22:28:06,1,1157.3,290.0,2,0,0,2.0
TXN1008742,reminder,2026-05-16 22:14:06,1,1157.3,2.0,1,0,0,1.0
TXN1008742,escalation,2026-05-16 21:24:06,1,1157.3,129.0,1,0,0,15.0
TXN1008744,retry,2026-03-09 05:56:09,1,933.37,303.0,2,0,0,2.0
TXN1008744,reminder,2026-03-09 05:33:09,1,933.37,222.0,1,0,0,1.0
TXN1008744,escalation,2026-03-09 08:05:09,1,933.37,66.0,1,0,0,15.0
TXN1008747,retry,2026-05-22 16:58:53,1,23916.8,303.0,2,0,0,2.0
TXN1008747,reminder,2026-05-22 16:31:53,1,23916.8,214.0,1,0,0,1.0
TXN1008747,escalation,2026-05-22 16:18:53,1,23916.8,118.0,1,0,0,15.0
TXN1008748,retry,2026-05-24 07:24:57,1,6407.03,266.0,2,0,0,2.0
TXN1008748,reminder,2026-05-24 07:15:57,1,6407.03,315.0,1,0,0,1.0
TXN1008748,escalation,2026-05-24 07:20:57,1,6407.03,354.0,1,0,0,15.0
TXN1008751,retry,2026-03-25 07:53:27,1,6595.62,204.0,2,0,0,2.0
TXN1008751,reminder,2026-03-25 08:45:27,0,0.0,,1,1,0,1.0
TXN1008751,escalation,2026-03-25 08:19:27,0,0.0,,1,1,0,15.0
TXN1008752,retry,2026-01-27 07:22:45,1,22565.05,107.0,2,0,0,2.0
TXN1008752,reminder,2026-01-27 07:20:45,1,22565.05,301.0,1,0,0,1.0
TXN1008752,escalation,2026-01-27 08:39:45,1,22565.05,315.0,1,0,0,15.0
TXN1008753,retry,2026-06-18 07:38:43,1,5818.44,159.0,2,0,0,2.0
TXN1008753,reminder,2026-06-18 09:35:43,0,0.0,,1,1,0,1.0
TXN1008753,escalation,2026-06-18 08:29:43,1,5818.44,217.0,1,0,0,15.0
TXN1008754,retry,2026-03-01 22:38:27,1,5811.97,146.0,2,0,0,2.0
TXN1008754,reminder,2026-03-01 22:14:27,1,5811.97,343.0,1,0,0,1.0
TXN1008754,escalation,2026-03-01 23:40:27,1,5811.97,76.0,1,0,0,15.0
TXN1008759,retry,2026-06-08 02:35:20,1,2611.59,209.0,3,0,0,2.0
TXN1008759,reminder,2026-06-08 02:04:20,0,0.0,,2,1,0,1.0
TXN1008759,escalation,2026-06-08 01:59:20,1,2611.59,352.0,2,0,0,15.0
TXN1008762,retry,2026-05-14 09:55:57,1,32706.71,245.0,2,0,0,2.0
TXN1008762,reminder,2026-05-14 12:24:57,0,0.0,,1,1,0,1.0
TXN1008762,escalation,2026-05-14 10:01:57,0,0.0,,1,1,0,15.0
TXN1008765,retry,2026-06-13 20:32:23,1,3487.07,33.0,2,0,0,2.0
TXN1008765,reminder,2026-06-13 22:15:23,0,0.0,,1,1,0,1.0
TXN1008765,escalation,2026-06-13 22:51:23,1,3487.07,115.0,1,0,0,15.0
TXN1008766,retry,2026-04-04 10:29:05,0,0.0,,2,1,0,2.0
TXN1008766,reminder,2026-04-04 08:44:05,1,10958.93,160.0,1,0,0,1.0
TXN1008766,escalation,2026-04-04 11:04:05,1,10958.93,337.0,1,0,0,15.0
TXN1008773,retry,2026-05-04 09:38:15,0,0.0,,3,1,0,2.0
TXN1008773,reminder,2026-05-04 10:58:15,0,0.0,,2,1,0,1.0
TXN1008773,escalation,2026-05-04 09:24:15,1,5176.75,86.0,2,0,0,15.0
TXN1008774,retry,2026-01-06 11:46:17,1,527.44,87.0,4,0,1,2.0
TXN1008774,reminder,2026-01-06 13:26:17,0,0.0,,3,1,0,1.0
TXN1008774,escalation,2026-01-06 12:20:17,0,0.0,,3,1,0,15.0
TXN1008778,retry,2026-06-16 00:02:30,1,10302.54,142.0,3,0,0,2.0
TXN1008778,reminder,2026-06-15 23:38:30,1,10302.54,2.0,2,0,0,1.0
TXN1008778,escalation,2026-06-16 00:45:30,1,10302.54,8.0,2,0,0,15.0
TXN1008779,retry,2026-01-21 01:53:18,0,0.0,,3,1,0,2.0
TXN1008779,reminder,2026-01-21 01:50:18,0,0.0,,2,1,0,1.0
TXN1008779,escalation,2026-01-21 02:43:18,1,8032.86,243.0,2,0,0,15.0
TXN1008780,retry,2026-01-09 11:03:03,1,1959.51,42.0,4,0,1,2.0
TXN1008780,reminder,2026-01-09 11:15:03,0,0.0,,3,1,0,1.0
TXN1008780,escalation,2026-01-09 10:01:03,0,0.0,,3,1,0,15.0
TXN1008782,retry,2026-06-11 19:25:39,0,0.0,,3,1,0,2.0
TXN1008782,reminder,2026-06-11 20:59:39,1,2312.4,278.0,2,0,0,1.0
TXN1008782,escalation,2026-06-11 20:06:39,1,2312.4,4.0,2,0,0,15.0
TXN1008793,retry,2026-03-18 12:33:31,1,549.23,330.0,3,0,0,2.0
TXN1008793,reminder,2026-03-18 10:43:31,1,549.23,126.0,2,0,0,1.0
TXN1008793,escalation,2026-03-18 11:02:31,0,0.0,,2,1,0,15.0
TXN1008796,retry,2026-01-26 18:02:04,1,1916.89,11.0,2,0,0,2.0
TXN1008796,reminder,2026-01-26 19:34:04,1,1916.89,315.0,1,0,0,1.0
TXN1008796,escalation,2026-01-26 18:16:04,0,0.0,,1,1,0,15.0
TXN1008802,retry,2026-02-16 12:25:09,1,1939.84,258.0,2,0,0,2.0
TXN1008802,reminder,2026-02-16 14:58:09,1,1939.84,176.0,1,0,0,1.0
TXN1008802,escalation,2026-02-16 14:51:09,0,0.0,,1,1,0,15.0
TXN1008803,retry,2026-05-29 21:58:39,0,0.0,,2,1,0,2.0
TXN1008803,reminder,2026-05-29 23:10:39,1,35403.83,73.0,1,0,0,1.0
TXN1008803,escalation,2026-05-29 22:41:39,0,0.0,,1,1,0,15.0
TXN1008807,retry,2026-01-20 13:18:40,1,781.07,254.0,2,0,0,2.0
TXN1008807,reminder,2026-01-20 12:44:40,0,0.0,,1,1,0,1.0
TXN1008807,escalation,2026-01-20 13:36:40,0,0.0,,1,1,0,15.0
TXN1008808,retry,2026-06-19 03:04:30,0,0.0,,2,1,0,2.0
TXN1008808,reminder,2026-06-19 02:50:30,1,11110.86,186.0,1,0,0,1.0
TXN1008808,escalation,2026-06-19 01:36:30,0,0.0,,1,1,0,15.0
TXN1008810,retry,2026-01-11 03:47:45,0,0.0,,2,1,0,2.0
TXN1008810,reminder,2026-01-11 03:26:45,1,9320.44,148.0,1,0,0,1.0
TXN1008810,escalation,2026-01-11 05:26:45,0,0.0,,1,1,0,15.0
TXN1008812,retry,2026-05-20 23:06:48,1,3317.68,290.0,3,0,0,2.0
TXN1008812,reminder,2026-05-21 01:43:48,0,0.0,,2,1,0,1.0
TXN1008812,escalation,2026-05-21 00:29:48,1,3317.68,82.0,2,0,0,15.0
TXN1008815,retry,2026-05-22 20:27:28,1,17024.71,166.0,4,0,1,2.0
TXN1008815,reminder,2026-05-22 19:41:28,1,17024.71,50.0,3,0,0,1.0
TXN1008815,escalation,2026-05-22 20:53:28,0,0.0,,3,1,0,15.0
TXN1008816,retry,2026-03-01 13:58:39,1,5155.83,29.0,2,0,0,2.0
TXN1008816,reminder,2026-03-01 11:47:39,1,5155.83,158.0,1,0,0,1.0
TXN1008816,escalation,2026-03-01 11:48:39,1,5155.83,242.0,1,0,0,15.0
TXN1008817,retry,2026-03-21 20:59:14,0,0.0,,2,1,0,2.0
TXN1008817,reminder,2026-03-21 22:56:14,1,3048.3,321.0,1,0,0,1.0
TXN1008817,escalation,2026-03-21 22:09:14,0,0.0,,1,1,0,15.0
TXN1008820,retry,2026-05-29 22:56:38,1,1532.2,164.0,2,0,0,2.0
TXN1008820,reminder,2026-05-29 22:24:38,0,0.0,,1,1,0,1.0
TXN1008820,escalation,2026-05-29 22:47:38,0,0.0,,1,1,0,15.0
TXN1008822,retry,2026-03-12 21:19:35,1,1332.51,270.0,2,0,0,2.0
TXN1008822,reminder,2026-03-12 20:04:35,0,0.0,,1,1,0,1.0
TXN1008822,escalation,2026-03-12 19:25:35,1,1332.51,128.0,1,0,0,15.0
TXN1008823,retry,2026-05-18 04:18:05,0,0.0,,4,1,1,2.0
TXN1008823,reminder,2026-05-18 03:57:05,0,0.0,,3,1,0,1.0
TXN1008823,escalation,2026-05-18 04:03:05,0,0.0,,3,1,0,15.0
TXN1008826,retry,2026-06-13 09:04:39,1,6776.54,270.0,3,0,0,2.0
TXN1008826,reminder,2026-06-13 11:20:39,0,0.0,,2,1,0,1.0
TXN1008826,escalation,2026-06-13 10:50:39,1,6776.54,298.0,2,0,0,15.0
TXN1008831,retry,2026-03-13 12:32:00,0,0.0,,2,1,0,2.0
TXN1008831,reminder,2026-03-13 12:28:00,0,0.0,,1,1,0,1.0
TXN1008831,escalation,2026-03-13 14:45:00,0,0.0,,1,1,0,15.0
TXN1008833,retry,2026-06-25 08:26:10,1,3968.31,229.0,2,0,0,2.0
TXN1008833,reminder,2026-06-25 06:56:10,0,0.0,,1,1,0,1.0
TXN1008833,escalation,2026-06-25 09:06:10,1,3968.31,211.0,1,0,0,15.0
TXN1008834,retry,2026-06-08 05:53:03,1,4707.29,254.0,2,0,0,2.0
TXN1008834,reminder,2026-06-08 03:44:03,0,0.0,,1,1,0,1.0
TXN1008834,escalation,2026-06-08 04:33:03,0,0.0,,1,1,0,15.0
TXN1008835,retry,2026-06-29 14:12:31,1,79875.95,265.0,2,0,0,2.0
TXN1008835,reminder,2026-06-29 13:25:31,0,0.0,,1,1,0,1.0
TXN1008835,escalation,2026-06-29 12:22:31,1,79875.95,66.0,1,0,0,15.0
TXN1008836,retry,2026-06-28 12:53:05,1,20575.9,112.0,3,0,0,2.0
TXN1008836,reminder,2026-06-28 11:54:05,1,20575.9,272.0,2,0,0,1.0
TXN1008836,escalation,2026-06-28 13:45:05,0,0.0,,2,1,0,15.0
TXN1008839,retry,2026-03-26 17:29:59,0,0.0,,2,1,0,2.0
TXN1008839,reminder,2026-03-26 16:06:59,1,3158.12,273.0,1,0,0,1.0
TXN1008839,escalation,2026-03-26 17:12:59,1,3158.12,73.0,1,0,0,15.0
TXN1008842,retry,2026-03-13 14:13:45,1,1793.9,137.0,2,0,0,2.0
TXN1008842,reminder,2026-03-13 14:21:45,1,1793.9,4.0,1,0,0,1.0
TXN1008842,escalation,2026-03-13 15:21:45,0,0.0,,1,1,0,15.0
TXN1008843,retry,2026-01-07 19:41:29,1,5708.88,64.0,3,0,0,2.0
TXN1008843,reminder,2026-01-07 19:35:29,0,0.0,,2,1,0,1.0
TXN1008843,escalation,2026-01-07 20:42:29,0,0.0,,2,1,0,15.0
TXN1008845,retry,2026-04-27 07:35:04,0,0.0,,3,1,0,2.0
TXN1008845,reminder,2026-04-27 10:02:04,0,0.0,,2,1,0,1.0
TXN1008845,escalation,2026-04-27 08:23:04,0,0.0,,2,1,0,15.0
TXN1008846,retry,2026-04-17 05:00:00,1,3773.92,3.0,3,0,0,2.0
TXN1008846,reminder,2026-04-17 07:40:00,0,0.0,,2,1,0,1.0
TXN1008846,escalation,2026-04-17 07:24:00,0,0.0,,2,1,0,15.0
TXN1008847,retry,2026-06-26 01:37:07,1,5317.72,295.0,2,0,0,2.0
TXN1008847,reminder,2026-06-26 02:44:07,1,5317.72,189.0,1,0,0,1.0
TXN1008847,escalation,2026-06-26 00:13:07,0,0.0,,1,1,0,15.0
TXN1008848,retry,2026-06-23 17:14:04,1,74639.6,353.0,2,0,0,2.0
TXN1008848,reminder,2026-06-23 17:00:04,0,0.0,,1,1,0,1.0
TXN1008848,escalation,2026-06-23 19:24:04,1,74639.6,68.0,1,0,0,15.0
TXN1008850,retry,2026-05-28 02:48:35,0,0.0,,3,1,0,2.0
TXN1008850,reminder,2026-05-28 03:59:35,0,0.0,,2,1,0,1.0
TXN1008850,escalation,2026-05-28 05:16:35,0,0.0,,2,1,0,15.0
TXN1008851,retry,2026-05-17 23:51:49,0,0.0,,2,1,0,2.0
TXN1008851,reminder,2026-05-18 01:53:49,1,3165.85,203.0,1,0,0,1.0
TXN1008851,escalation,2026-05-18 02:03:49,1,3165.85,22.0,1,0,0,15.0
TXN1008853,retry,2026-04-17 21:08:24,1,2670.21,269.0,2,0,0,2.0
TXN1008853,reminder,2026-04-17 21:10:24,0,0.0,,1,1,0,1.0
TXN1008853,escalation,2026-04-17 23:29:24,0,0.0,,1,1,0,15.0
TXN1008855,retry,2026-01-13 07:50:20,0,0.0,,2,1,0,2.0
TXN1008855,reminder,2026-01-13 09:31:20,1,658.91,350.0,1,0,0,1.0
TXN1008855,escalation,2026-01-13 08:29:20,0,0.0,,1,1,0,15.0
TXN1008856,retry,2026-04-06 22:30:34,1,25186.91,123.0,2,0,0,2.0
TXN1008856,reminder,2026-04-06 21:12:34,1,25186.91,32.0,1,0,0,1.0
TXN1008856,escalation,2026-04-06 21:04:34,0,0.0,,1,1,0,15.0
TXN1008864,retry,2026-06-24 00:31:36,0,0.0,,2,1,0,2.0
TXN1008864,reminder,2026-06-24 01:06:36,1,4053.16,356.0,1,0,0,1.0
TXN1008864,escalation,2026-06-24 01:26:36,1,4053.16,280.0,1,0,0,15.0
TXN1008870,retry,2026-04-22 04:20:24,1,2793.68,106.0,2,0,0,2.0
TXN1008870,reminder,2026-04-22 04:31:24,1,2793.68,272.0,1,0,0,1.0
TXN1008870,escalation,2026-04-22 05:40:24,0,0.0,,1,1,0,15.0
TXN1008872,retry,2026-06-03 04:16:21,1,8058.18,91.0,2,0,0,2.0
TXN1008872,reminder,2026-06-03 04:48:21,1,8058.18,95.0,1,0,0,1.0
TXN1008872,escalation,2026-06-03 04:45:21,1,8058.18,237.0,1,0,0,15.0
TXN1008875,retry,2026-03-18 05:37:00,1,1714.19,318.0,3,0,0,2.0
TXN1008875,reminder,2026-03-18 05:49:00,0,0.0,,2,1,0,1.0
TXN1008875,escalation,2026-03-18 04:44:00,1,1714.19,298.0,2,0,0,15.0
TXN1008879,retry,2026-06-02 12:32:56,1,1069.33,4.0,2,0,0,2.0
TXN1008879,reminder,2026-06-02 12:31:56,1,1069.33,150.0,1,0,0,1.0
TXN1008879,escalation,2026-06-02 12:24:56,0,0.0,,1,1,0,15.0
TXN1008882,retry,2026-05-10 18:22:49,1,5999.07,121.0,2,0,0,2.0
TXN1008882,reminder,2026-05-10 16:27:49,1,5999.07,165.0,1,0,0,1.0
TXN1008882,escalation,2026-05-10 16:09:49,1,5999.07,154.0,1,0,0,15.0
TXN1008883,retry,2026-05-23 22:33:04,1,1387.87,231.0,2,0,0,2.0
TXN1008883,reminder,2026-05-24 00:09:04,1,1387.87,312.0,1,0,0,1.0
TXN1008883,escalation,2026-05-23 23:04:04,1,1387.87,122.0,1,0,0,15.0
TXN1008884,retry,2026-03-31 04:12:08,1,2465.26,348.0,3,0,0,2.0
TXN1008884,reminder,2026-03-31 06:13:08,0,0.0,,2,1,0,1.0
TXN1008884,escalation,2026-03-31 05:24:08,1,2465.26,227.0,2,0,0,15.0
TXN1008886,retry,2026-06-09 19:57:34,1,4821.77,356.0,2,0,0,2.0
TXN1008886,reminder,2026-06-09 20:25:34,0,0.0,,1,1,0,1.0
TXN1008886,escalation,2026-06-09 20:19:34,0,0.0,,1,1,0,15.0
TXN1008890,retry,2026-02-07 11:05:59,1,4332.49,196.0,2,0,0,2.0
TXN1008890,reminder,2026-02-07 11:04:59,1,4332.49,325.0,1,0,0,1.0
TXN1008890,escalation,2026-02-07 10:50:59,1,4332.49,144.0,1,0,0,15.0
TXN1008894,retry,2026-01-22 19:42:13,1,44148.6,135.0,2,0,0,2.0
TXN1008894,reminder,2026-01-22 18:10:13,1,44148.6,330.0,1,0,0,1.0
TXN1008894,escalation,2026-01-22 17:56:13,0,0.0,,1,1,0,15.0
TXN1008895,retry,2026-02-13 12:52:53,0,0.0,,4,1,1,2.0
TXN1008895,reminder,2026-02-13 12:46:53,0,0.0,,3,1,0,1.0
TXN1008895,escalation,2026-02-13 10:49:53,0,0.0,,3,1,0,15.0
TXN1008900,retry,2026-01-15 23:55:26,1,4275.01,303.0,2,0,0,2.0
TXN1008900,reminder,2026-01-16 00:25:26,0,0.0,,1,1,0,1.0
TXN1008900,escalation,2026-01-15 22:26:26,0,0.0,,1,1,0,15.0
TXN1008905,retry,2026-03-28 21:02:39,0,0.0,,2,1,0,2.0
TXN1008905,reminder,2026-03-28 21:11:39,0,0.0,,1,1,0,1.0
TXN1008905,escalation,2026-03-28 22:43:39,0,0.0,,1,1,0,15.0
TXN1008906,retry,2026-03-27 14:00:40,1,14265.95,285.0,4,0,1,2.0
TXN1008906,reminder,2026-03-27 12:31:40,1,14265.95,13.0,3,0,0,1.0
TXN1008906,escalation,2026-03-27 12:11:40,0,0.0,,3,1,0,15.0
TXN1008907,retry,2026-03-22 01:47:41,1,1710.72,134.0,4,0,1,2.0
TXN1008907,reminder,2026-03-22 03:37:41,0,0.0,,3,1,0,1.0
TXN1008907,escalation,2026-03-22 02:45:41,1,1710.72,244.0,3,0,0,15.0
TXN1008909,retry,2026-04-28 23:08:17,1,1720.57,90.0,4,0,1,2.0
TXN1008909,reminder,2026-04-28 21:14:17,1,1720.57,197.0,3,0,0,1.0
TXN1008909,escalation,2026-04-28 21:45:17,0,0.0,,3,1,0,15.0
TXN1008912,retry,2026-06-02 08:21:15,1,3821.99,132.0,3,0,0,2.0
TXN1008912,reminder,2026-06-02 07:19:15,0,0.0,,2,1,0,1.0
TXN1008912,escalation,2026-06-02 07:36:15,1,3821.99,143.0,2,0,0,15.0
TXN1008916,retry,2026-04-15 22:06:29,1,42048.39,318.0,3,0,0,2.0
TXN1008916,reminder,2026-04-15 20:54:29,0,0.0,,2,1,0,1.0
TXN1008916,escalation,2026-04-15 22:50:29,0,0.0,,2,1,0,15.0
TXN1008918,retry,2026-04-22 18:15:55,1,6619.26,158.0,3,0,0,2.0
TXN1008918,reminder,2026-04-22 16:09:55,1,6619.26,13.0,2,0,0,1.0
TXN1008918,escalation,2026-04-22 18:59:55,1,6619.26,92.0,2,0,0,15.0
TXN1008922,retry,2026-01-01 09:12:54,0,0.0,,3,1,0,2.0
TXN1008922,reminder,2026-01-01 08:38:54,1,17267.53,80.0,2,0,0,1.0
TXN1008922,escalation,2026-01-01 07:24:54,1,17267.53,57.0,2,0,0,15.0
TXN1008923,retry,2026-02-12 16:34:50,0,0.0,,2,1,0,2.0
TXN1008923,reminder,2026-02-12 15:44:50,1,9635.25,217.0,1,0,0,1.0
TXN1008923,escalation,2026-02-12 16:27:50,0,0.0,,1,1,0,15.0
TXN1008925,retry,2026-04-14 05:36:31,0,0.0,,5,1,1,2.0
TXN1008925,reminder,2026-04-14 04:15:31,1,8992.6,101.0,4,0,0,1.0
TXN1008925,escalation,2026-04-14 04:55:31,1,8992.6,116.0,4,0,0,15.0
TXN1008927,retry,2026-04-08 01:39:56,0,0.0,,2,1,0,2.0
TXN1008927,reminder,2026-04-08 02:32:56,0,0.0,,1,1,0,1.0
TXN1008927,escalation,2026-04-08 01:24:56,1,1164.08,167.0,1,0,0,15.0
TXN1008930,retry,2026-03-01 03:48:28,1,2142.37,285.0,3,0,0,2.0
TXN1008930,reminder,2026-03-01 02:54:28,0,0.0,,2,1,0,1.0
TXN1008930,escalation,2026-03-01 01:09:28,0,0.0,,2,1,0,15.0
TXN1008932,retry,2026-01-23 16:34:27,1,24149.94,61.0,4,0,1,2.0
TXN1008932,reminder,2026-01-23 17:34:27,1,24149.94,217.0,3,0,0,1.0
TXN1008932,escalation,2026-01-23 15:01:27,0,0.0,,3,1,0,15.0
TXN1008939,retry,2026-03-14 20:50:32,1,1477.18,111.0,3,0,0,2.0
TXN1008939,reminder,2026-03-14 20:42:32,0,0.0,,2,1,0,1.0
TXN1008939,escalation,2026-03-14 19:45:32,1,1477.18,283.0,2,0,0,15.0
TXN1008942,retry,2026-04-29 21:37:13,0,0.0,,4,1,1,2.0
TXN1008942,reminder,2026-04-29 22:21:13,0,0.0,,3,1,0,1.0
TXN1008942,escalation,2026-04-29 21:54:13,1,6485.99,283.0,3,0,0,15.0
TXN1008944,retry,2026-05-28 00:47:17,1,6523.22,286.0,3,0,0,2.0
TXN1008944,reminder,2026-05-27 23:28:17,0,0.0,,2,1,0,1.0
TXN1008944,escalation,2026-05-28 00:33:17,0,0.0,,2,1,0,15.0
TXN1008946,retry,2026-04-18 18:40:56,1,7526.82,205.0,2,0,0,2.0
TXN1008946,reminder,2026-04-18 18:27:56,1,7526.82,146.0,1,0,0,1.0
TXN1008946,escalation,2026-04-18 19:13:56,1,7526.82,95.0,1,0,0,15.0
TXN1008947,retry,2026-04-14 23:20:27,1,14813.38,119.0,3,0,0,2.0
TXN1008947,reminder,2026-04-15 00:36:27,1,14813.38,176.0,2,0,0,1.0
TXN1008947,escalation,2026-04-15 01:41:27,1,14813.38,71.0,2,0,0,15.0
TXN1008953,retry,2026-03-11 06:40:42,0,0.0,,4,1,1,2.0
TXN1008953,reminder,2026-03-11 08:26:42,0,0.0,,3,1,0,1.0
TXN1008953,escalation,2026-03-11 06:45:42,0,0.0,,3,1,0,15.0
TXN1008954,retry,2026-04-09 23:19:02,0,0.0,,4,1,1,2.0
TXN1008954,reminder,2026-04-09 22:22:02,0,0.0,,3,1,0,1.0
TXN1008954,escalation,2026-04-09 22:36:02,1,7735.34,18.0,3,0,0,15.0
TXN1008956,retry,2026-03-02 19:46:40,0,0.0,,3,1,0,2.0
TXN1008956,reminder,2026-03-02 20:42:40,1,4100.68,213.0,2,0,0,1.0
TXN1008956,escalation,2026-03-02 19:24:40,1,4100.68,123.0,2,0,0,15.0
TXN1008964,retry,2026-03-01 05:59:46,1,3295.63,175.0,2,0,0,2.0
TXN1008964,reminder,2026-03-01 08:37:46,0,0.0,,1,1,0,1.0
TXN1008964,escalation,2026-03-01 07:25:46,0,0.0,,1,1,0,15.0
TXN1008965,retry,2026-05-04 03:30:01,0,0.0,,2,1,0,2.0
TXN1008965,reminder,2026-05-04 03:27:01,1,3093.21,149.0,1,0,0,1.0
TXN1008965,escalation,2026-05-04 04:46:01,0,0.0,,1,1,0,15.0
TXN1008966,retry,2026-01-24 09:56:36,0,0.0,,2,1,0,2.0
TXN1008966,reminder,2026-01-24 10:36:36,1,412.4,72.0,1,0,0,1.0
TXN1008966,escalation,2026-01-24 10:30:36,0,0.0,,1,1,1,15.0
TXN1008968,retry,2026-06-25 13:33:33,1,4320.6,148.0,2,0,0,2.0
TXN1008968,reminder,2026-06-25 12:56:33,1,4320.6,336.0,1,0,0,1.0
TXN1008968,escalation,2026-06-25 13:33:33,1,4320.6,208.0,1,0,0,15.0
TXN1008974,retry,2026-02-04 21:49:43,0,0.0,,3,1,0,2.0
TXN1008974,reminder,2026-02-04 21:51:43,0,0.0,,2,1,0,1.0
TXN1008974,escalation,2026-02-04 21:09:43,1,9940.43,56.0,2,0,0,15.0
TXN1008975,retry,2026-02-22 17:42:02,1,2697.6,345.0,2,0,0,2.0
TXN1008975,reminder,2026-02-22 17:18:02,1,2697.6,213.0,1,0,0,1.0
TXN1008975,escalation,2026-02-22 18:34:02,0,0.0,,1,1,0,15.0
TXN1008977,retry,2026-05-01 03:52:10,0,0.0,,3,1,0,2.0
TXN1008977,reminder,2026-05-01 04:13:10,0,0.0,,2,1,0,1.0
TXN1008977,escalation,2026-05-01 03:21:10,0,0.0,,2,1,0,15.0
TXN1008985,retry,2026-03-02 09:47:34,1,2613.28,163.0,2,0,0,2.0
TXN1008985,reminder,2026-03-02 09:14:34,0,0.0,,1,1,0,1.0
TXN1008985,escalation,2026-03-02 09:05:34,0,0.0,,1,1,0,15.0
TXN1008986,retry,2026-04-08 21:54:13,1,10390.72,183.0,2,0,0,2.0
TXN1008986,reminder,2026-04-08 20:10:13,0,0.0,,1,1,0,1.0
TXN1008986,escalation,2026-04-08 21:32:13,0,0.0,,1,1,0,15.0
TXN1008987,retry,2026-06-25 21:06:04,1,1933.92,102.0,3,0,0,2.0
TXN1008987,reminder,2026-06-25 20:34:04,0,0.0,,2,1,0,1.0
TXN1008987,escalation,2026-06-25 20:33:04,1,1933.92,184.0,2,0,0,15.0
TXN1008991,retry,2026-02-26 15:23:08,0,0.0,,3,1,0,2.0
TXN1008991,reminder,2026-02-26 14:41:08,1,1739.75,61.0,2,0,0,1.0
TXN1008991,escalation,2026-02-26 15:33:08,1,1739.75,322.0,2,0,0,15.0
TXN1008993,retry,2026-05-01 12:02:08,0,0.0,,4,1,1,2.0
TXN1008993,reminder,2026-05-01 12:28:08,0,0.0,,3,1,0,1.0
TXN1008993,escalation,2026-05-01 11:03:08,0,0.0,,3,1,0,15.0
TXN1008994,retry,2026-03-28 04:31:20,1,2422.41,130.0,3,0,0,2.0
TXN1008994,reminder,2026-03-28 04:30:20,1,2422.41,183.0,2,0,0,1.0
TXN1008994,escalation,2026-03-28 04:50:20,1,2422.41,271.0,2,0,0,15.0
TXN1008996,retry,2026-06-28 02:01:26,0,0.0,,2,1,0,2.0
TXN1008996,reminder,2026-06-28 02:22:26,1,7059.74,262.0,1,0,0,1.0
TXN1008996,escalation,2026-06-28 02:23:26,1,7059.74,280.0,1,0,0,15.0
TXN1009005,retry,2026-06-16 14:38:47,0,0.0,,5,1,1,2.0
TXN1009005,reminder,2026-06-16 13:22:47,1,2147.42,95.0,4,0,0,1.0
TXN1009005,escalation,2026-06-16 13:23:47,1,2147.42,78.0,4,0,0,15.0
TXN1009008,retry,2026-04-09 21:18:44,1,9720.21,301.0,2,0,0,2.0
TXN1009008,reminder,2026-04-09 19:53:44,0,0.0,,1,1,0,1.0
TXN1009008,escalation,2026-04-09 21:17:44,1,9720.21,17.0,1,0,0,15.0
TXN1009009,retry,2026-01-24 23:23:09,1,1637.9,285.0,2,0,0,2.0
TXN1009009,reminder,2026-01-24 22:23:09,1,1637.9,337.0,1,0,0,1.0
TXN1009009,escalation,2026-01-24 23:15:09,0,0.0,,1,1,0,15.0
TXN1009010,retry,2026-02-22 23:16:40,0,0.0,,3,1,0,2.0
TXN1009010,reminder,2026-02-22 20:45:40,0,0.0,,2,1,0,1.0
TXN1009010,escalation,2026-02-22 21:17:40,1,2632.56,186.0,2,0,0,15.0
TXN1009013,retry,2026-05-11 11:02:22,1,2070.61,343.0,2,0,0,2.0
TXN1009013,reminder,2026-05-11 11:00:22,0,0.0,,1,1,0,1.0
TXN1009013,escalation,2026-05-11 11:08:22,1,2070.61,247.0,1,0,0,15.0
TXN1009014,retry,2026-03-27 19:16:49,1,9026.19,147.0,2,0,0,2.0
TXN1009014,reminder,2026-03-27 19:55:49,0,0.0,,1,1,0,1.0
TXN1009014,escalation,2026-03-27 21:54:49,0,0.0,,1,1,0,15.0
TXN1009016,retry,2026-03-15 08:36:44,0,0.0,,2,1,0,2.0
TXN1009016,reminder,2026-03-15 08:36:44,0,0.0,,1,1,0,1.0
TXN1009016,escalation,2026-03-15 09:04:44,1,2562.09,84.0,1,0,0,15.0
TXN1009018,retry,2026-05-27 20:32:27,1,10416.71,16.0,3,0,0,2.0
TXN1009018,reminder,2026-05-27 20:43:27,1,10416.71,357.0,2,0,0,1.0
TXN1009018,escalation,2026-05-27 19:30:27,0,0.0,,2,1,0,15.0
TXN1009023,retry,2026-02-17 18:55:20,1,5030.77,100.0,2,0,0,2.0
TXN1009023,reminder,2026-02-17 20:31:20,0,0.0,,1,1,0,1.0
TXN1009023,escalation,2026-02-17 20:49:20,0,0.0,,1,1,0,15.0
TXN1009026,retry,2026-05-07 20:48:50,1,2288.28,269.0,5,0,1,2.0
TXN1009026,reminder,2026-05-07 21:45:50,0,0.0,,4,1,0,1.0
TXN1009026,escalation,2026-05-07 18:55:50,1,2288.28,24.0,4,0,0,15.0
TXN1009032,retry,2026-04-30 18:41:08,0,0.0,,2,1,0,2.0
TXN1009032,reminder,2026-04-30 17:27:08,1,1227.15,318.0,1,0,0,1.0
TXN1009032,escalation,2026-04-30 17:41:08,1,1227.15,262.0,1,0,0,15.0
TXN1009033,retry,2026-01-06 16:14:34,0,0.0,,2,1,0,2.0
TXN1009033,reminder,2026-01-06 14:58:34,1,1376.51,53.0,1,0,0,1.0
TXN1009033,escalation,2026-01-06 14:57:34,1,1376.51,327.0,1,0,0,15.0
TXN1009036,retry,2026-01-11 13:14:39,1,11150.37,26.0,2,0,0,2.0
TXN1009036,reminder,2026-01-11 12:43:39,1,11150.37,29.0,1,0,0,1.0
TXN1009036,escalation,2026-01-11 10:56:39,0,0.0,,1,1,0,15.0
TXN1009039,retry,2026-02-19 02:30:56,1,3456.66,24.0,4,0,1,2.0
TXN1009039,reminder,2026-02-19 02:40:56,0,0.0,,3,1,0,1.0
TXN1009039,escalation,2026-02-19 02:17:56,1,3456.66,247.0,3,0,0,15.0
TXN1009040,retry,2026-04-17 21:46:40,0,0.0,,2,1,0,2.0
TXN1009040,reminder,2026-04-17 21:46:40,0,0.0,,1,1,0,1.0
TXN1009040,escalation,2026-04-17 19:48:40,0,0.0,,1,1,0,15.0
TXN1009041,retry,2026-06-09 06:32:30,1,1555.51,217.0,2,0,0,2.0
TXN1009041,reminder,2026-06-09 07:15:30,1,1555.51,17.0,1,0,0,1.0
TXN1009041,escalation,2026-06-09 07:54:30,0,0.0,,1,1,0,15.0
TXN1009044,retry,2026-04-15 00:39:57,1,4287.61,73.0,3,0,0,2.0
TXN1009044,reminder,2026-04-15 03:10:57,0,0.0,,2,1,0,1.0
TXN1009044,escalation,2026-04-15 00:46:57,1,4287.61,103.0,2,0,0,15.0
TXN1009046,retry,2026-04-27 05:05:54,1,2849.2,331.0,3,0,0,2.0
TXN1009046,reminder,2026-04-27 06:18:54,1,2849.2,295.0,2,0,0,1.0
TXN1009046,escalation,2026-04-27 05:04:54,1,2849.2,326.0,2,0,0,15.0
TXN1009048,retry,2026-06-17 03:38:02,1,4265.07,277.0,2,0,0,2.0
TXN1009048,reminder,2026-06-17 04:28:02,0,0.0,,1,1,0,1.0
TXN1009048,escalation,2026-06-17 04:14:02,0,0.0,,1,1,0,15.0
TXN1009051,retry,2026-04-05 10:55:37,1,11009.47,296.0,2,0,0,2.0
TXN1009051,reminder,2026-04-05 10:10:37,0,0.0,,1,1,0,1.0
TXN1009051,escalation,2026-04-05 10:03:37,1,11009.47,292.0,1,0,0,15.0
TXN1009052,retry,2026-05-29 11:01:50,0,0.0,,3,1,0,2.0
TXN1009052,reminder,2026-05-29 10:02:50,1,25186.47,13.0,2,0,0,1.0
TXN1009052,escalation,2026-05-29 10:50:50,0,0.0,,2,1,0,15.0
TXN1009054,retry,2026-06-23 16:56:17,1,18958.06,235.0,4,0,1,2.0
TXN1009054,reminder,2026-06-23 17:14:17,0,0.0,,3,1,0,1.0
TXN1009054,escalation,2026-06-23 19:20:17,0,0.0,,3,1,0,15.0
TXN1009055,retry,2026-02-24 19:28:49,0,0.0,,3,1,0,2.0
TXN1009055,reminder,2026-02-24 19:12:49,0,0.0,,2,1,0,1.0
TXN1009055,escalation,2026-02-24 20:17:49,1,8439.64,214.0,2,0,0,15.0
TXN1009058,retry,2026-03-30 18:46:26,1,4593.64,166.0,3,0,0,2.0
TXN1009058,reminder,2026-03-30 20:56:26,1,4593.64,185.0,2,0,0,1.0
TXN1009058,escalation,2026-03-30 18:51:26,1,4593.64,23.0,2,0,0,15.0
TXN1009060,retry,2026-06-15 01:55:04,0,0.0,,5,1,1,2.0
TXN1009060,reminder,2026-06-15 02:24:04,0,0.0,,4,1,0,1.0
TXN1009060,escalation,2026-06-15 02:17:04,1,1784.01,177.0,4,0,0,15.0
TXN1009061,retry,2026-01-30 23:46:07,0,0.0,,2,1,0,2.0
TXN1009061,reminder,2026-01-31 00:57:07,1,10529.83,134.0,1,0,0,1.0
TXN1009061,escalation,2026-01-31 00:46:07,1,10529.83,234.0,1,0,0,15.0
TXN1009063,retry,2026-04-22 04:26:11,1,2104.94,173.0,2,0,0,2.0
TXN1009063,reminder,2026-04-22 06:59:11,0,0.0,,1,1,0,1.0
TXN1009063,escalation,2026-04-22 05:02:11,0,0.0,,1,1,0,15.0
TXN1009064,retry,2026-02-07 05:46:03,1,3997.67,357.0,3,0,0,2.0
TXN1009064,reminder,2026-02-07 06:27:03,1,3997.67,21.0,2,0,0,1.0
TXN1009064,escalation,2026-02-07 04:13:03,1,3997.67,163.0,2,0,0,15.0
TXN1009066,retry,2026-04-23 03:07:40,0,0.0,,3,1,0,2.0
TXN1009066,reminder,2026-04-23 04:50:40,0,0.0,,2,1,0,1.0
TXN1009066,escalation,2026-04-23 04:27:40,0,0.0,,2,1,0,15.0
TXN1009067,retry,2026-01-03 14:06:35,0,0.0,,2,1,0,2.0
TXN1009067,reminder,2026-01-03 12:27:35,1,4615.22,141.0,1,0,0,1.0
TXN1009067,escalation,2026-01-03 14:05:35,1,4615.22,190.0,1,0,0,15.0
TXN1009073,retry,2026-04-30 16:00:12,1,2017.48,225.0,2,0,0,2.0
TXN1009073,reminder,2026-04-30 15:27:12,0,0.0,,1,1,0,1.0
TXN1009073,escalation,2026-04-30 15:34:12,0,0.0,,1,1,0,15.0
TXN1009077,retry,2026-05-05 11:08:08,0,0.0,,3,1,0,2.0
TXN1009077,reminder,2026-05-05 10:30:08,0,0.0,,2,1,0,1.0
TXN1009077,escalation,2026-05-05 10:46:08,1,6192.86,205.0,2,0,0,15.0
TXN1009078,retry,2026-01-17 00:29:45,1,3681.64,224.0,2,0,0,2.0
TXN1009078,reminder,2026-01-17 00:19:45,0,0.0,,1,1,0,1.0
TXN1009078,escalation,2026-01-16 22:33:45,1,3681.64,138.0,1,0,0,15.0
TXN1009079,retry,2026-03-21 05:18:04,1,1712.23,302.0,5,0,1,2.0
TXN1009079,reminder,2026-03-21 05:28:04,1,1712.23,103.0,4,0,0,1.0
TXN1009079,escalation,2026-03-21 05:14:04,0,0.0,,4,1,0,15.0
TXN1009080,retry,2026-05-15 13:07:23,1,7102.85,48.0,2,0,0,2.0
TXN1009080,reminder,2026-05-15 11:12:23,0,0.0,,1,1,0,1.0
TXN1009080,escalation,2026-05-15 12:57:23,0,0.0,,1,1,0,15.0
TXN1009082,retry,2026-01-10 14:37:05,1,2369.99,227.0,2,0,0,2.0
TXN1009082,reminder,2026-01-10 14:27:05,1,2369.99,4.0,1,0,0,1.0
TXN1009082,escalation,2026-01-10 13:43:05,1,2369.99,230.0,1,0,0,15.0
TXN1009083,retry,2026-03-17 02:24:53,0,0.0,,2,1,0,2.0
TXN1009083,reminder,2026-03-17 03:01:53,0,0.0,,1,1,0,1.0
TXN1009083,escalation,2026-03-17 02:00:53,0,0.0,,1,1,0,15.0
TXN1009084,retry,2026-05-29 15:18:55,0,0.0,,2,1,0,2.0
TXN1009084,reminder,2026-05-29 15:26:55,1,5410.64,85.0,1,0,0,1.0
TXN1009084,escalation,2026-05-29 15:29:55,1,5410.64,173.0,1,0,0,15.0
TXN1009085,retry,2026-05-12 14:17:56,1,840.65,296.0,2,0,0,2.0
TXN1009085,reminder,2026-05-12 14:17:56,1,840.65,287.0,1,0,0,1.0
TXN1009085,escalation,2026-05-12 16:05:56,0,0.0,,1,1,0,15.0
TXN1009091,retry,2026-04-18 08:48:36,1,1606.72,124.0,2,0,0,2.0
TXN1009091,reminder,2026-04-18 10:44:36,1,1606.72,74.0,1,0,0,1.0
TXN1009091,escalation,2026-04-18 11:06:36,1,1606.72,33.0,1,0,0,15.0
TXN1009094,retry,2026-02-04 23:36:08,1,367.44,92.0,3,0,0,2.0
TXN1009094,reminder,2026-02-04 22:24:08,0,0.0,,2,1,0,1.0
TXN1009094,escalation,2026-02-04 23:07:08,0,0.0,,2,1,1,15.0
TXN1009097,retry,2026-01-04 04:08:31,1,2486.14,342.0,3,0,0,2.0
TXN1009097,reminder,2026-01-04 01:55:31,1,2486.14,245.0,2,0,0,1.0
TXN1009097,escalation,2026-01-04 03:03:31,0,0.0,,2,1,0,15.0
TXN1009104,retry,2026-03-24 08:23:33,1,2932.34,243.0,2,0,0,2.0
TXN1009104,reminder,2026-03-24 09:24:33,1,2932.34,194.0,1,0,0,1.0
TXN1009104,escalation,2026-03-24 09:22:33,0,0.0,,1,1,0,15.0
TXN1009108,retry,2026-06-26 00:09:20,0,0.0,,3,1,0,2.0
TXN1009108,reminder,2026-06-25 23:13:20,0,0.0,,2,1,0,1.0
TXN1009108,escalation,2026-06-25 22:50:20,1,3714.35,138.0,2,0,0,15.0
TXN1009110,retry,2026-03-25 08:20:09,1,2321.4,261.0,3,0,0,2.0
TXN1009110,reminder,2026-03-25 09:20:09,0,0.0,,2,1,0,1.0
TXN1009110,escalation,2026-03-25 10:22:09,1,2321.4,170.0,2,0,0,15.0
TXN1009111,retry,2026-04-06 04:25:15,1,3350.74,99.0,2,0,0,2.0
TXN1009111,reminder,2026-04-06 02:39:15,1,3350.74,269.0,1,0,0,1.0
TXN1009111,escalation,2026-04-06 04:06:15,1,3350.74,236.0,1,0,0,15.0
TXN1009113,retry,2026-06-26 13:19:29,1,13088.04,148.0,2,0,0,2.0
TXN1009113,reminder,2026-06-26 15:35:29,1,13088.04,131.0,1,0,0,1.0
TXN1009113,escalation,2026-06-26 16:04:29,0,0.0,,1,1,0,15.0
TXN1009115,retry,2026-01-25 11:42:41,0,0.0,,3,1,0,2.0
TXN1009115,reminder,2026-01-25 11:17:41,0,0.0,,2,1,0,1.0
TXN1009115,escalation,2026-01-25 09:36:41,1,10841.73,37.0,2,0,0,15.0
TXN1009116,retry,2026-01-25 07:51:30,1,16482.84,31.0,3,0,0,2.0
TXN1009116,reminder,2026-01-25 08:04:30,0,0.0,,2,1,0,1.0
TXN1009116,escalation,2026-01-25 05:47:30,1,16482.84,187.0,2,0,0,15.0
TXN1009122,retry,2026-05-17 07:51:52,0,0.0,,3,1,0,2.0
TXN1009122,reminder,2026-05-17 08:00:52,0,0.0,,2,1,0,1.0
TXN1009122,escalation,2026-05-17 07:57:52,0,0.0,,2,1,0,15.0
TXN1009126,retry,2026-05-22 07:50:22,1,6838.92,303.0,2,0,0,2.0
TXN1009126,reminder,2026-05-22 08:24:22,0,0.0,,1,1,0,1.0
TXN1009126,escalation,2026-05-22 09:38:22,0,0.0,,1,1,0,15.0
TXN1009129,retry,2026-02-08 22:54:40,0,0.0,,2,1,0,2.0
TXN1009129,reminder,2026-02-08 21:31:40,0,0.0,,1,1,0,1.0
TXN1009129,escalation,2026-02-08 21:30:40,1,3592.13,41.0,1,0,0,15.0
TXN1009132,retry,2026-02-01 20:39:37,1,495.02,223.0,2,0,0,2.0
TXN1009132,reminder,2026-02-01 20:48:37,0,0.0,,1,1,0,1.0
TXN1009132,escalation,2026-02-01 22:24:37,0,0.0,,1,1,1,15.0
TXN1009133,retry,2026-01-23 07:15:51,1,37281.71,278.0,3,0,0,2.0
TXN1009133,reminder,2026-01-23 07:40:51,0,0.0,,2,1,0,1.0
TXN1009133,escalation,2026-01-23 09:40:51,0,0.0,,2,1,0,15.0
TXN1009137,retry,2026-05-27 07:27:46,1,1276.8,6.0,4,0,1,2.0
TXN1009137,reminder,2026-05-27 08:31:46,0,0.0,,3,1,0,1.0
TXN1009137,escalation,2026-05-27 07:09:46,0,0.0,,3,1,0,15.0
TXN1009139,retry,2026-05-16 12:51:15,1,6336.64,76.0,3,0,0,2.0
TXN1009139,reminder,2026-05-16 13:41:15,1,6336.64,57.0,2,0,0,1.0
TXN1009139,escalation,2026-05-16 11:21:15,0,0.0,,2,1,0,15.0
TXN1009144,retry,2026-06-09 05:12:53,1,13225.63,312.0,2,0,0,2.0
TXN1009144,reminder,2026-06-09 04:11:53,0,0.0,,1,1,0,1.0
TXN1009144,escalation,2026-06-09 04:24:53,1,13225.63,258.0,1,0,0,15.0
TXN1009146,retry,2026-03-08 21:55:02,1,4755.31,202.0,4,0,1,2.0
TXN1009146,reminder,2026-03-08 23:58:02,0,0.0,,3,1,0,1.0
TXN1009146,escalation,2026-03-08 23:55:02,1,4755.31,210.0,3,0,0,15.0
TXN1009151,retry,2026-04-28 20:28:43,1,213.15,69.0,2,0,0,2.0
TXN1009151,reminder,2026-04-28 19:25:43,0,0.0,,1,1,0,1.0
TXN1009151,escalation,2026-04-28 18:59:43,0,0.0,,1,1,1,15.0
TXN1009157,retry,2026-01-15 03:48:00,1,1521.77,3.0,2,0,0,2.0
TXN1009157,reminder,2026-01-15 02:39:00,1,1521.77,6.0,1,0,0,1.0
TXN1009157,escalation,2026-01-15 03:15:00,1,1521.77,107.0,1,0,0,15.0
TXN1009158,retry,2026-01-16 15:05:55,1,2773.63,103.0,2,0,0,2.0
TXN1009158,reminder,2026-01-16 14:17:55,1,2773.63,14.0,1,0,0,1.0
TXN1009158,escalation,2026-01-16 14:33:55,0,0.0,,1,1,0,15.0
TXN1009159,retry,2026-04-20 03:35:59,1,5155.05,345.0,2,0,0,2.0
TXN1009159,reminder,2026-04-20 03:40:59,0,0.0,,1,1,0,1.0
TXN1009159,escalation,2026-04-20 02:45:59,1,5155.05,197.0,1,0,0,15.0
TXN1009162,retry,2026-01-05 09:08:58,1,5583.13,222.0,2,0,0,2.0
TXN1009162,reminder,2026-01-05 08:56:58,1,5583.13,282.0,1,0,0,1.0
TXN1009162,escalation,2026-01-05 09:06:58,1,5583.13,6.0,1,0,0,15.0
TXN1009164,retry,2026-05-28 04:31:53,0,0.0,,3,1,0,2.0
TXN1009164,reminder,2026-05-28 03:58:53,0,0.0,,2,1,0,1.0
TXN1009164,escalation,2026-05-28 03:47:53,1,12239.84,95.0,2,0,0,15.0
TXN1009165,retry,2026-04-22 11:17:17,1,4478.72,98.0,2,0,0,2.0
TXN1009165,reminder,2026-04-22 11:11:17,1,4478.72,293.0,1,0,0,1.0
TXN1009165,escalation,2026-04-22 11:22:17,1,4478.72,100.0,1,0,0,15.0
TXN1009166,retry,2026-06-09 14:03:31,0,0.0,,2,1,0,2.0
TXN1009166,reminder,2026-06-09 11:39:31,0,0.0,,1,1,0,1.0
TXN1009166,escalation,2026-06-09 12:48:31,1,2565.64,75.0,1,0,0,15.0
TXN1009168,retry,2026-06-17 16:27:33,0,0.0,,2,1,0,2.0
TXN1009168,reminder,2026-06-17 14:42:33,0,0.0,,1,1,0,1.0
TXN1009168,escalation,2026-06-17 16:33:33,1,4145.16,310.0,1,0,0,15.0
TXN1009171,retry,2026-03-13 04:45:22,1,34479.38,172.0,2,0,0,2.0
TXN1009171,reminder,2026-03-13 06:15:22,0,0.0,,1,1,0,1.0
TXN1009171,escalation,2026-03-13 06:06:22,0,0.0,,1,1,0,15.0
TXN1009181,retry,2026-01-23 16:25:43,1,3309.24,79.0,4,0,1,2.0
TXN1009181,reminder,2026-01-23 15:07:43,0,0.0,,3,1,0,1.0
TXN1009181,escalation,2026-01-23 13:57:43,1,3309.24,339.0,3,0,0,15.0
TXN1009184,retry,2026-03-06 03:06:53,1,2433.3,235.0,2,0,0,2.0
TXN1009184,reminder,2026-03-06 05:22:53,0,0.0,,1,1,0,1.0
TXN1009184,escalation,2026-03-06 04:24:53,1,2433.3,4.0,1,0,0,15.0
TXN1009185,retry,2026-06-08 17:21:56,1,2698.27,329.0,2,0,0,2.0
TXN1009185,reminder,2026-06-08 18:25:56,0,0.0,,1,1,0,1.0
TXN1009185,escalation,2026-06-08 16:49:56,1,2698.27,206.0,1,0,0,15.0
TXN1009192,retry,2026-03-02 09:09:52,1,1243.68,303.0,2,0,0,2.0
TXN1009192,reminder,2026-03-02 10:48:52,1,1243.68,264.0,1,0,0,1.0
TXN1009192,escalation,2026-03-02 11:46:52,0,0.0,,1,1,0,15.0
TXN1009200,retry,2026-01-14 20:40:38,1,7243.67,321.0,2,0,0,2.0
TXN1009200,reminder,2026-01-14 21:31:38,1,7243.67,66.0,1,0,0,1.0
TXN1009200,escalation,2026-01-14 21:30:38,0,0.0,,1,1,0,15.0
TXN1009201,retry,2026-04-29 09:59:53,0,0.0,,4,1,1,2.0
TXN1009201,reminder,2026-04-29 10:00:53,0,0.0,,3,1,0,1.0
TXN1009201,escalation,2026-04-29 11:32:53,0,0.0,,3,1,0,15.0
TXN1009202,retry,2026-03-12 14:08:53,0,0.0,,2,1,0,2.0
TXN1009202,reminder,2026-03-12 13:33:53,0,0.0,,1,1,0,1.0
TXN1009202,escalation,2026-03-12 14:01:53,0,0.0,,1,1,0,15.0
TXN1009205,retry,2026-06-19 01:59:07,0,0.0,,5,1,1,2.0
TXN1009205,reminder,2026-06-19 00:57:07,0,0.0,,4,1,0,1.0
TXN1009205,escalation,2026-06-19 01:22:07,0,0.0,,4,1,0,15.0
TXN1009207,retry,2026-04-03 08:22:20,1,7695.65,284.0,2,0,0,2.0
TXN1009207,reminder,2026-04-03 09:12:20,1,7695.65,21.0,1,0,0,1.0
TXN1009207,escalation,2026-04-03 07:37:20,1,7695.65,295.0,1,0,0,15.0
TXN1009212,retry,2026-04-06 19:32:36,1,5742.75,345.0,2,0,0,2.0
TXN1009212,reminder,2026-04-06 18:21:36,1,5742.75,230.0,1,0,0,1.0
TXN1009212,escalation,2026-04-06 19:41:36,1,5742.75,209.0,1,0,0,15.0
TXN1009213,retry,2026-05-09 21:38:11,0,0.0,,3,1,0,2.0
TXN1009213,reminder,2026-05-09 20:29:11,1,37662.22,107.0,2,0,0,1.0
TXN1009213,escalation,2026-05-09 21:05:11,1,37662.22,268.0,2,0,0,15.0
TXN1009214,retry,2026-04-11 16:02:38,1,3839.88,118.0,2,0,0,2.0
TXN1009214,reminder,2026-04-11 15:20:38,1,3839.88,83.0,1,0,0,1.0
TXN1009214,escalation,2026-04-11 13:44:38,1,3839.88,119.0,1,0,0,15.0
TXN1009215,retry,2026-04-30 02:36:39,1,5973.02,129.0,2,0,0,2.0
TXN1009215,reminder,2026-04-30 02:21:39,1,5973.02,326.0,1,0,0,1.0
TXN1009215,escalation,2026-04-30 00:06:39,0,0.0,,1,1,0,15.0
TXN1009216,retry,2026-05-11 13:41:02,0,0.0,,5,1,1,2.0
TXN1009216,reminder,2026-05-11 13:51:02,0,0.0,,4,1,0,1.0
TXN1009216,escalation,2026-05-11 13:58:02,1,4861.78,53.0,4,0,0,15.0
TXN1009217,retry,2026-02-11 07:49:31,0,0.0,,3,1,0,2.0
TXN1009217,reminder,2026-02-11 05:46:31,0,0.0,,2,1,0,1.0
TXN1009217,escalation,2026-02-11 06:09:31,1,547.76,34.0,2,0,0,15.0
TXN1009218,retry,2026-03-24 16:38:44,1,10749.6,95.0,4,0,1,2.0
TXN1009218,reminder,2026-03-24 15:31:44,0,0.0,,3,1,0,1.0
TXN1009218,escalation,2026-03-24 15:06:44,0,0.0,,3,1,0,15.0
TXN1009219,retry,2026-05-17 10:00:34,1,829.49,342.0,2,0,0,2.0
TXN1009219,reminder,2026-05-17 10:49:34,0,0.0,,1,1,0,1.0
TXN1009219,escalation,2026-05-17 11:10:34,1,829.49,136.0,1,0,0,15.0
TXN1009221,retry,2026-02-13 12:35:20,1,14065.21,231.0,2,0,0,2.0
TXN1009221,reminder,2026-02-13 12:39:20,0,0.0,,1,1,0,1.0
TXN1009221,escalation,2026-02-13 11:31:20,1,14065.21,277.0,1,0,0,15.0
TXN1009225,retry,2026-03-08 20:12:29,1,17849.25,253.0,2,0,0,2.0
TXN1009225,reminder,2026-03-08 20:40:29,1,17849.25,269.0,1,0,0,1.0
TXN1009225,escalation,2026-03-08 19:56:29,1,17849.25,112.0,1,0,0,15.0
TXN1009226,retry,2026-03-25 19:34:12,0,0.0,,2,1,0,2.0
TXN1009226,reminder,2026-03-25 20:09:12,0,0.0,,1,1,0,1.0
TXN1009226,escalation,2026-03-25 19:12:12,0,0.0,,1,1,0,15.0
TXN1009229,retry,2026-05-04 01:59:21,1,36710.45,236.0,2,0,0,2.0
TXN1009229,reminder,2026-05-04 01:39:21,1,36710.45,92.0,1,0,0,1.0
TXN1009229,escalation,2026-05-04 00:21:21,1,36710.45,111.0,1,0,0,15.0
TXN1009230,retry,2026-06-03 16:57:37,1,1344.03,266.0,3,0,0,2.0
TXN1009230,reminder,2026-06-03 15:10:37,0,0.0,,2,1,0,1.0
TXN1009230,escalation,2026-06-03 17:12:37,1,1344.03,124.0,2,0,0,15.0
TXN1009232,retry,2026-02-17 11:28:39,1,4633.69,73.0,2,0,0,2.0
TXN1009232,reminder,2026-02-17 12:10:39,0,0.0,,1,1,0,1.0
TXN1009232,escalation,2026-02-17 13:40:39,0,0.0,,1,1,0,15.0
TXN1009233,retry,2026-02-20 15:25:49,1,10172.16,68.0,2,0,0,2.0
TXN1009233,reminder,2026-02-20 15:40:49,1,10172.16,342.0,1,0,0,1.0
TXN1009233,escalation,2026-02-20 16:03:49,0,0.0,,1,1,0,15.0
TXN1009237,retry,2026-02-10 18:33:25,1,1090.91,233.0,3,0,0,2.0
TXN1009237,reminder,2026-02-10 18:09:25,1,1090.91,258.0,2,0,0,1.0
TXN1009237,escalation,2026-02-10 17:48:25,0,0.0,,2,1,0,15.0
TXN1009238,retry,2026-02-07 03:38:54,1,10196.58,193.0,3,0,0,2.0
TXN1009238,reminder,2026-02-07 05:04:54,0,0.0,,2,1,0,1.0
TXN1009238,escalation,2026-02-07 04:00:54,1,10196.58,181.0,2,0,0,15.0
TXN1009239,retry,2026-04-05 22:09:44,1,2967.58,274.0,3,0,0,2.0
TXN1009239,reminder,2026-04-05 21:45:44,1,2967.58,324.0,2,0,0,1.0
TXN1009239,escalation,2026-04-05 20:27:44,0,0.0,,2,1,0,15.0
TXN1009240,retry,2026-05-06 14:59:23,0,0.0,,3,1,0,2.0
TXN1009240,reminder,2026-05-06 13:30:23,0,0.0,,2,1,0,1.0
TXN1009240,escalation,2026-05-06 12:41:23,0,0.0,,2,1,0,15.0
TXN1009245,retry,2026-03-03 04:21:04,1,42378.63,279.0,2,0,0,2.0
TXN1009245,reminder,2026-03-03 03:19:04,0,0.0,,1,1,0,1.0
TXN1009245,escalation,2026-03-03 03:40:04,0,0.0,,1,1,0,15.0
TXN1009246,retry,2026-06-06 19:06:42,0,0.0,,2,1,0,2.0
TXN1009246,reminder,2026-06-06 19:49:42,1,2047.89,328.0,1,0,0,1.0
TXN1009246,escalation,2026-06-06 17:54:42,1,2047.89,110.0,1,0,0,15.0
TXN1009255,retry,2026-06-18 16:40:43,0,0.0,,3,1,0,2.0
TXN1009255,reminder,2026-06-18 14:17:43,1,6268.14,81.0,2,0,0,1.0
TXN1009255,escalation,2026-06-18 15:40:43,1,6268.14,294.0,2,0,0,15.0
TXN1009258,retry,2026-05-14 23:43:43,1,2756.67,281.0,3,0,0,2.0
TXN1009258,reminder,2026-05-14 23:15:43,1,2756.67,333.0,2,0,0,1.0
TXN1009258,escalation,2026-05-14 23:33:43,1,2756.67,63.0,2,0,0,15.0
TXN1009261,retry,2026-02-28 21:07:53,0,0.0,,4,1,1,2.0
TXN1009261,reminder,2026-02-28 22:57:53,0,0.0,,3,1,0,1.0
TXN1009261,escalation,2026-02-28 23:02:53,0,0.0,,3,1,0,15.0
TXN1009262,retry,2026-03-03 16:00:18,1,1237.57,247.0,3,0,0,2.0
TXN1009262,reminder,2026-03-03 15:45:18,0,0.0,,2,1,0,1.0
TXN1009262,escalation,2026-03-03 14:56:18,1,1237.57,334.0,2,0,0,15.0
TXN1009264,retry,2026-01-11 14:13:40,1,1475.41,35.0,3,0,0,2.0
TXN1009264,reminder,2026-01-11 15:44:40,1,1475.41,136.0,2,0,0,1.0
TXN1009264,escalation,2026-01-11 14:08:40,1,1475.41,275.0,2,0,0,15.0
TXN1009266,retry,2026-03-23 10:32:37,1,2239.0,134.0,2,0,0,2.0
TXN1009266,reminder,2026-03-23 08:18:37,1,2239.0,278.0,1,0,0,1.0
TXN1009266,escalation,2026-03-23 10:08:37,0,0.0,,1,1,0,15.0
TXN1009268,retry,2026-06-27 23:41:22,0,0.0,,3,1,0,2.0
TXN1009268,reminder,2026-06-28 00:07:22,1,6456.07,65.0,2,0,0,1.0
TXN1009268,escalation,2026-06-27 23:50:22,1,6456.07,321.0,2,0,0,15.0
TXN1009278,retry,2026-04-15 07:12:29,1,435.87,37.0,2,0,0,2.0
TXN1009278,reminder,2026-04-15 04:58:29,0,0.0,,1,1,0,1.0
TXN1009278,escalation,2026-04-15 06:38:29,0,0.0,,1,1,1,15.0
TXN1009279,retry,2026-06-08 16:39:38,0,0.0,,5,1,1,2.0
TXN1009279,reminder,2026-06-08 18:40:38,0,0.0,,4,1,0,1.0
TXN1009279,escalation,2026-06-08 18:27:38,0,0.0,,4,1,0,15.0
TXN1009281,retry,2026-03-15 02:36:07,1,2187.85,23.0,2,0,0,2.0
TXN1009281,reminder,2026-03-15 04:15:07,1,2187.85,255.0,1,0,0,1.0
TXN1009281,escalation,2026-03-15 03:16:07,0,0.0,,1,1,0,15.0
TXN1009282,retry,2026-04-25 23:19:55,0,0.0,,4,1,1,2.0
TXN1009282,reminder,2026-04-25 23:21:55,1,2188.55,334.0,3,0,0,1.0
TXN1009282,escalation,2026-04-26 00:16:55,0,0.0,,3,1,0,15.0
TXN1009289,retry,2026-03-16 21:56:54,1,2577.31,283.0,2,0,0,2.0
TXN1009289,reminder,2026-03-16 21:32:54,0,0.0,,1,1,0,1.0
TXN1009289,escalation,2026-03-16 22:15:54,1,2577.31,179.0,1,0,0,15.0
TXN1009300,retry,2026-05-30 17:18:28,0,0.0,,4,1,1,2.0
TXN1009300,reminder,2026-05-30 18:20:28,0,0.0,,3,1,0,1.0
TXN1009300,escalation,2026-05-30 17:09:28,1,6452.39,57.0,3,0,0,15.0
TXN1009301,retry,2026-05-11 10:00:07,0,0.0,,2,1,0,2.0
TXN1009301,reminder,2026-05-11 11:48:07,0,0.0,,1,1,0,1.0
TXN1009301,escalation,2026-05-11 11:34:07,0,0.0,,1,1,0,15.0
TXN1009303,retry,2026-01-18 04:29:47,1,1354.12,344.0,2,0,0,2.0
TXN1009303,reminder,2026-01-18 04:59:47,1,1354.12,295.0,1,0,0,1.0
TXN1009303,escalation,2026-01-18 03:48:47,1,1354.12,341.0,1,0,0,15.0
TXN1009304,retry,2026-01-13 00:08:57,1,9265.5,9.0,2,0,0,2.0
TXN1009304,reminder,2026-01-12 22:56:57,1,9265.5,265.0,1,0,0,1.0
TXN1009304,escalation,2026-01-12 23:11:57,1,9265.5,192.0,1,0,0,15.0
TXN1009306,retry,2026-01-20 09:43:49,1,3775.33,73.0,2,0,0,2.0
TXN1009306,reminder,2026-01-20 08:12:49,0,0.0,,1,1,0,1.0
TXN1009306,escalation,2026-01-20 09:55:49,1,3775.33,311.0,1,0,0,15.0
TXN1009307,retry,2026-03-07 03:25:59,1,6406.02,208.0,3,0,0,2.0
TXN1009307,reminder,2026-03-07 01:44:59,1,6406.02,148.0,2,0,0,1.0
TXN1009307,escalation,2026-03-07 02:34:59,0,0.0,,2,1,0,15.0
TXN1009310,retry,2026-05-03 17:26:49,1,6867.31,173.0,2,0,0,2.0
TXN1009310,reminder,2026-05-03 17:49:49,1,6867.31,241.0,1,0,0,1.0
TXN1009310,escalation,2026-05-03 18:43:49,0,0.0,,1,1,0,15.0
TXN1009317,retry,2026-05-28 07:44:17,0,0.0,,4,1,1,2.0
TXN1009317,reminder,2026-05-28 07:36:17,1,5317.21,220.0,3,0,0,1.0
TXN1009317,escalation,2026-05-28 07:34:17,0,0.0,,3,1,0,15.0
TXN1009319,retry,2026-01-06 14:18:17,0,0.0,,2,1,0,2.0
TXN1009319,reminder,2026-01-06 15:10:17,0,0.0,,1,1,0,1.0
TXN1009319,escalation,2026-01-06 14:24:17,0,0.0,,1,1,0,15.0
TXN1009320,retry,2026-01-07 02:09:27,1,2324.15,288.0,2,0,0,2.0
TXN1009320,reminder,2026-01-07 02:19:27,0,0.0,,1,1,0,1.0
TXN1009320,escalation,2026-01-07 01:19:27,1,2324.15,92.0,1,0,0,15.0
TXN1009322,retry,2026-01-11 07:37:43,0,0.0,,2,1,0,2.0
TXN1009322,reminder,2026-01-11 08:55:43,0,0.0,,1,1,0,1.0
TXN1009322,escalation,2026-01-11 06:48:43,0,0.0,,1,1,0,15.0
TXN1009327,retry,2026-06-10 13:26:34,1,6881.36,24.0,2,0,0,2.0
TXN1009327,reminder,2026-06-10 11:35:34,0,0.0,,1,1,0,1.0
TXN1009327,escalation,2026-06-10 11:20:34,0,0.0,,1,1,0,15.0
TXN1009330,retry,2026-04-18 08:22:40,0,0.0,,2,1,0,2.0
TXN1009330,reminder,2026-04-18 07:56:40,0,0.0,,1,1,0,1.0
TXN1009330,escalation,2026-04-18 07:20:40,0,0.0,,1,1,0,15.0
TXN1009331,retry,2026-02-13 14:45:05,1,7157.78,262.0,2,0,0,2.0
TXN1009331,reminder,2026-02-13 14:53:05,0,0.0,,1,1,0,1.0
TXN1009331,escalation,2026-02-13 16:54:05,0,0.0,,1,1,0,15.0
TXN1009332,retry,2026-05-20 19:40:32,1,3131.05,221.0,2,0,0,2.0
TXN1009332,reminder,2026-05-20 20:02:32,0,0.0,,1,1,0,1.0
TXN1009332,escalation,2026-05-20 19:33:32,1,3131.05,325.0,1,0,0,15.0
TXN1009337,retry,2026-02-25 22:13:11,0,0.0,,2,1,0,2.0
TXN1009337,reminder,2026-02-26 00:23:11,1,11010.14,346.0,1,0,0,1.0
TXN1009337,escalation,2026-02-25 22:31:11,0,0.0,,1,1,0,15.0
TXN1009338,retry,2026-03-12 16:32:44,1,5730.03,245.0,3,0,0,2.0
TXN1009338,reminder,2026-03-12 15:56:44,0,0.0,,2,1,0,1.0
TXN1009338,escalation,2026-03-12 15:38:44,0,0.0,,2,1,0,15.0
TXN1009339,retry,2026-04-01 10:55:17,1,4416.97,171.0,2,0,0,2.0
TXN1009339,reminder,2026-04-01 11:13:17,1,4416.97,67.0,1,0,0,1.0
TXN1009339,escalation,2026-04-01 10:50:17,1,4416.97,163.0,1,0,0,15.0
TXN1009344,retry,2026-02-12 02:16:18,1,9107.15,135.0,2,0,0,2.0
TXN1009344,reminder,2026-02-12 03:59:18,1,9107.15,96.0,1,0,0,1.0
TXN1009344,escalation,2026-02-12 03:25:18,0,0.0,,1,1,0,15.0
TXN1009345,retry,2026-03-31 21:06:21,1,3721.07,283.0,2,0,0,2.0
TXN1009345,reminder,2026-03-31 23:21:21,0,0.0,,1,1,0,1.0
TXN1009345,escalation,2026-03-31 22:58:21,0,0.0,,1,1,0,15.0
TXN1009346,retry,2026-04-05 16:55:31,0,0.0,,2,1,0,2.0
TXN1009346,reminder,2026-04-05 14:38:31,1,4496.18,42.0,1,0,0,1.0
TXN1009346,escalation,2026-04-05 16:37:31,1,4496.18,34.0,1,0,0,15.0
TXN1009347,retry,2026-04-11 12:40:21,1,1214.18,317.0,2,0,0,2.0
TXN1009347,reminder,2026-04-11 12:27:21,0,0.0,,1,1,0,1.0
TXN1009347,escalation,2026-04-11 13:05:21,1,1214.18,147.0,1,0,0,15.0
TXN1009350,retry,2026-02-23 23:57:57,0,0.0,,3,1,0,2.0
TXN1009350,reminder,2026-02-23 23:54:57,0,0.0,,2,1,0,1.0
TXN1009350,escalation,2026-02-24 01:51:57,0,0.0,,2,1,0,15.0
TXN1009354,retry,2026-01-24 07:59:44,1,4277.42,238.0,2,0,0,2.0
TXN1009354,reminder,2026-01-24 09:44:44,0,0.0,,1,1,0,1.0
TXN1009354,escalation,2026-01-24 08:27:44,0,0.0,,1,1,0,15.0
TXN1009355,retry,2026-03-14 11:16:12,1,2516.83,214.0,3,0,0,2.0
TXN1009355,reminder,2026-03-14 11:33:12,0,0.0,,2,1,0,1.0
TXN1009355,escalation,2026-03-14 09:58:12,0,0.0,,2,1,0,15.0
TXN1009357,retry,2026-03-26 08:36:36,1,8872.41,58.0,4,0,1,2.0
TXN1009357,reminder,2026-03-26 08:59:36,1,8872.41,126.0,3,0,0,1.0
TXN1009357,escalation,2026-03-26 08:47:36,0,0.0,,3,1,0,15.0
TXN1009362,retry,2026-02-19 23:53:34,1,9588.8,356.0,3,0,0,2.0
TXN1009362,reminder,2026-02-20 02:19:34,1,9588.8,287.0,2,0,0,1.0
TXN1009362,escalation,2026-02-20 01:52:34,1,9588.8,116.0,2,0,0,15.0
TXN1009365,retry,2026-03-16 11:22:43,0,0.0,,2,1,0,2.0
TXN1009365,reminder,2026-03-16 10:57:43,1,3369.43,191.0,1,0,0,1.0
TXN1009365,escalation,2026-03-16 11:53:43,1,3369.43,297.0,1,0,0,15.0
TXN1009371,retry,2026-05-11 14:17:39,0,0.0,,2,1,0,2.0
TXN1009371,reminder,2026-05-11 13:11:39,1,2782.23,157.0,1,0,0,1.0
TXN1009371,escalation,2026-05-11 13:31:39,1,2782.23,254.0,1,0,0,15.0
TXN1009375,retry,2026-01-29 16:26:41,1,2859.7,53.0,4,0,1,2.0
TXN1009375,reminder,2026-01-29 14:03:41,0,0.0,,3,1,0,1.0
TXN1009375,escalation,2026-01-29 15:41:41,0,0.0,,3,1,0,15.0
TXN1009376,retry,2026-02-25 18:48:26,0,0.0,,3,1,0,2.0
TXN1009376,reminder,2026-02-25 18:57:26,0,0.0,,2,1,0,1.0
TXN1009376,escalation,2026-02-25 18:42:26,1,9570.75,209.0,2,0,0,15.0
TXN1009377,retry,2026-03-30 13:38:10,0,0.0,,2,1,0,2.0
TXN1009377,reminder,2026-03-30 13:38:10,1,23966.33,8.0,1,0,0,1.0
TXN1009377,escalation,2026-03-30 13:12:10,1,23966.33,61.0,1,0,0,15.0
TXN1009378,retry,2026-04-03 19:50:05,1,4587.97,55.0,3,0,0,2.0
TXN1009378,reminder,2026-04-03 18:43:05,1,4587.97,292.0,2,0,0,1.0
TXN1009378,escalation,2026-04-03 21:00:05,1,4587.97,351.0,2,0,0,15.0
TXN1009384,retry,2026-05-20 14:56:05,1,9962.48,117.0,4,0,1,2.0
TXN1009384,reminder,2026-05-20 15:18:05,1,9962.48,359.0,3,0,0,1.0
TXN1009384,escalation,2026-05-20 17:08:05,0,0.0,,3,1,0,15.0
TXN1009386,retry,2026-03-11 19:14:03,0,0.0,,3,1,0,2.0
TXN1009386,reminder,2026-03-11 18:55:03,0,0.0,,2,1,0,1.0
TXN1009386,escalation,2026-03-11 20:22:03,1,1077.54,36.0,2,0,0,15.0
TXN1009388,retry,2026-02-12 06:18:55,1,564.71,4.0,3,0,0,2.0
TXN1009388,reminder,2026-02-12 05:44:55,0,0.0,,2,1,0,1.0
TXN1009388,escalation,2026-02-12 08:11:55,0,0.0,,2,1,0,15.0
TXN1009390,retry,2026-04-28 00:44:52,1,5277.91,345.0,2,0,0,2.0
TXN1009390,reminder,2026-04-28 01:44:52,1,5277.91,37.0,1,0,0,1.0
TXN1009390,escalation,2026-04-28 02:08:52,1,5277.91,225.0,1,0,0,15.0
TXN1009391,retry,2026-02-20 10:01:16,1,8776.78,340.0,2,0,0,2.0
TXN1009391,reminder,2026-02-20 08:48:16,1,8776.78,357.0,1,0,0,1.0
TXN1009391,escalation,2026-02-20 09:32:16,1,8776.78,259.0,1,0,0,15.0
TXN1009394,retry,2026-02-25 12:44:11,0,0.0,,4,1,1,2.0
TXN1009394,reminder,2026-02-25 13:07:11,0,0.0,,3,1,0,1.0
TXN1009394,escalation,2026-02-25 11:43:11,1,2792.44,48.0,3,0,0,15.0
TXN1009395,retry,2026-01-08 01:45:11,1,1919.39,205.0,2,0,0,2.0
TXN1009395,reminder,2026-01-08 02:27:11,0,0.0,,1,1,0,1.0
TXN1009395,escalation,2026-01-07 23:59:11,1,1919.39,350.0,1,0,0,15.0
TXN1009396,retry,2026-04-28 15:48:08,0,0.0,,3,1,0,2.0
TXN1009396,reminder,2026-04-28 14:54:08,1,2923.02,315.0,2,0,0,1.0
TXN1009396,escalation,2026-04-28 15:37:08,0,0.0,,2,1,0,15.0
TXN1009398,retry,2026-03-14 23:50:30,0,0.0,,2,1,0,2.0
TXN1009398,reminder,2026-03-14 23:17:30,0,0.0,,1,1,0,1.0
TXN1009398,escalation,2026-03-14 22:53:30,0,0.0,,1,1,0,15.0
TXN1009399,retry,2026-04-21 02:33:20,1,8320.92,76.0,4,0,1,2.0
TXN1009399,reminder,2026-04-21 02:44:20,0,0.0,,3,1,0,1.0
TXN1009399,escalation,2026-04-21 01:12:20,1,8320.92,263.0,3,0,0,15.0
TXN1009401,retry,2026-01-10 09:44:09,0,0.0,,2,1,0,2.0
TXN1009401,reminder,2026-01-10 08:38:09,1,4629.74,234.0,1,0,0,1.0
TXN1009401,escalation,2026-01-10 08:57:09,0,0.0,,1,1,0,15.0
TXN1009405,retry,2026-02-08 18:50:04,1,7687.09,179.0,2,0,0,2.0
TXN1009405,reminder,2026-02-08 17:03:04,0,0.0,,1,1,0,1.0
TXN1009405,escalation,2026-02-08 18:24:04,0,0.0,,1,1,0,15.0
TXN1009408,retry,2026-04-07 02:44:43,0,0.0,,3,1,0,2.0
TXN1009408,reminder,2026-04-07 01:15:43,0,0.0,,2,1,0,1.0
TXN1009408,escalation,2026-04-07 01:42:43,1,531.99,6.0,2,0,0,15.0
TXN1009411,retry,2026-01-03 03:34:31,1,572.3,115.0,2,0,0,2.0
TXN1009411,reminder,2026-01-03 02:41:31,0,0.0,,1,1,0,1.0
TXN1009411,escalation,2026-01-03 02:24:31,1,572.3,232.0,1,0,0,15.0
TXN1009416,retry,2026-05-22 01:00:31,1,5265.83,331.0,3,0,0,2.0
TXN1009416,reminder,2026-05-21 22:17:31,1,5265.83,308.0,2,0,0,1.0
TXN1009416,escalation,2026-05-21 22:45:31,0,0.0,,2,1,0,15.0
TXN1009419,retry,2026-06-12 08:15:47,1,1431.32,275.0,2,0,0,2.0
TXN1009419,reminder,2026-06-12 07:58:47,1,1431.32,75.0,1,0,0,1.0
TXN1009419,escalation,2026-06-12 05:51:47,1,1431.32,178.0,1,0,0,15.0
TXN1009420,retry,2026-01-30 07:02:50,1,1921.09,137.0,2,0,0,2.0
TXN1009420,reminder,2026-01-30 05:54:50,1,1921.09,127.0,1,0,0,1.0
TXN1009420,escalation,2026-01-30 06:10:50,1,1921.09,114.0,1,0,0,15.0
TXN1009421,retry,2026-01-08 07:19:24,1,27593.2,108.0,4,0,1,2.0
TXN1009421,reminder,2026-01-08 07:41:24,1,27593.2,81.0,3,0,0,1.0
TXN1009421,escalation,2026-01-08 08:34:24,1,27593.2,80.0,3,0,0,15.0
TXN1009422,retry,2026-02-24 16:42:32,0,0.0,,3,1,0,2.0
TXN1009422,reminder,2026-02-24 17:08:32,0,0.0,,2,1,0,1.0
TXN1009422,escalation,2026-02-24 16:29:32,0,0.0,,2,1,0,15.0
TXN1009423,retry,2026-05-30 11:01:02,1,10102.09,223.0,2,0,0,2.0
TXN1009423,reminder,2026-05-30 09:45:02,0,0.0,,1,1,0,1.0
TXN1009423,escalation,2026-05-30 08:53:02,0,0.0,,1,1,0,15.0
TXN1009428,retry,2026-04-27 23:07:55,1,2088.17,175.0,2,0,0,2.0
TXN1009428,reminder,2026-04-27 23:20:55,0,0.0,,1,1,0,1.0
TXN1009428,escalation,2026-04-27 22:54:55,1,2088.17,312.0,1,0,0,15.0
TXN1009429,retry,2026-02-11 19:09:15,1,1701.04,151.0,2,0,0,2.0
TXN1009429,reminder,2026-02-11 18:17:15,1,1701.04,340.0,1,0,0,1.0
TXN1009429,escalation,2026-02-11 18:20:15,0,0.0,,1,1,0,15.0
TXN1009432,retry,2026-03-23 00:10:36,1,7445.25,169.0,2,0,0,2.0
TXN1009432,reminder,2026-03-23 00:05:36,1,7445.25,109.0,1,0,0,1.0
TXN1009432,escalation,2026-03-22 22:43:36,1,7445.25,78.0,1,0,0,15.0
TXN1009434,retry,2026-01-25 10:40:11,1,1544.23,239.0,2,0,0,2.0
TXN1009434,reminder,2026-01-25 09:59:11,1,1544.23,287.0,1,0,0,1.0
TXN1009434,escalation,2026-01-25 10:04:11,1,1544.23,90.0,1,0,0,15.0
TXN1009435,retry,2026-01-21 19:33:15,0,0.0,,2,1,0,2.0
TXN1009435,reminder,2026-01-21 19:34:15,0,0.0,,1,1,0,1.0
TXN1009435,escalation,2026-01-21 17:35:15,0,0.0,,1,1,0,15.0
TXN1009436,retry,2026-05-05 03:44:45,1,1234.71,19.0,3,0,0,2.0
TXN1009436,reminder,2026-05-05 02:22:45,1,1234.71,16.0,2,0,0,1.0
TXN1009436,escalation,2026-05-05 04:35:45,1,1234.71,213.0,2,0,0,15.0
TXN1009438,retry,2026-04-12 00:31:20,0,0.0,,3,1,0,2.0
TXN1009438,reminder,2026-04-11 21:39:20,1,3716.39,256.0,2,0,0,1.0
TXN1009438,escalation,2026-04-11 22:04:20,0,0.0,,2,1,0,15.0
TXN1009440,retry,2026-01-17 01:36:04,1,29672.37,322.0,2,0,0,2.0
TXN1009440,reminder,2026-01-16 23:28:04,0,0.0,,1,1,0,1.0
TXN1009440,escalation,2026-01-16 23:49:04,0,0.0,,1,1,0,15.0
TXN1009442,retry,2026-01-12 17:28:43,0,0.0,,2,1,0,2.0
TXN1009442,reminder,2026-01-12 17:07:43,1,10252.99,251.0,1,0,0,1.0
TXN1009442,escalation,2026-01-12 15:21:43,1,10252.99,101.0,1,0,0,15.0
TXN1009447,retry,2026-05-05 05:44:03,0,0.0,,3,1,0,2.0
TXN1009447,reminder,2026-05-05 04:49:03,1,3515.47,135.0,2,0,0,1.0
TXN1009447,escalation,2026-05-05 06:07:03,0,0.0,,2,1,0,15.0
TXN1009452,retry,2026-02-23 02:36:53,1,3280.47,356.0,2,0,0,2.0
TXN1009452,reminder,2026-02-23 03:40:53,1,3280.47,246.0,1,0,0,1.0
TXN1009452,escalation,2026-02-23 01:49:53,1,3280.47,239.0,1,0,0,15.0
TXN1009458,retry,2026-05-13 05:12:07,1,697.52,146.0,2,0,0,2.0
TXN1009458,reminder,2026-05-13 06:55:07,1,697.52,151.0,1,0,0,1.0
TXN1009458,escalation,2026-05-13 07:30:07,1,697.52,323.0,1,0,0,15.0
TXN1009464,retry,2026-06-22 02:31:45,1,5880.2,123.0,2,0,0,2.0
TXN1009464,reminder,2026-06-22 01:50:45,1,5880.2,132.0,1,0,0,1.0
TXN1009464,escalation,2026-06-22 01:53:45,1,5880.2,178.0,1,0,0,15.0
TXN1009467,retry,2026-05-06 18:09:20,1,6341.75,201.0,2,0,0,2.0
TXN1009467,reminder,2026-05-06 18:53:20,1,6341.75,193.0,1,0,0,1.0
TXN1009467,escalation,2026-05-06 20:12:20,1,6341.75,356.0,1,0,0,15.0
TXN1009468,retry,2026-06-12 06:39:40,0,0.0,,4,1,1,2.0
TXN1009468,reminder,2026-06-12 06:44:40,0,0.0,,3,1,0,1.0
TXN1009468,escalation,2026-06-12 08:00:40,0,0.0,,3,1,0,15.0
TXN1009470,retry,2026-06-03 07:55:38,1,16549.11,334.0,3,0,0,2.0
TXN1009470,reminder,2026-06-03 07:44:38,1,16549.11,297.0,2,0,0,1.0
TXN1009470,escalation,2026-06-03 09:00:38,0,0.0,,2,1,0,15.0
TXN1009471,retry,2026-06-21 16:54:16,0,0.0,,2,1,0,2.0
TXN1009471,reminder,2026-06-21 16:32:16,0,0.0,,1,1,0,1.0
TXN1009471,escalation,2026-06-21 17:19:16,1,7746.67,144.0,1,0,0,15.0
TXN1009472,retry,2026-01-29 06:27:50,1,7395.32,260.0,2,0,0,2.0
TXN1009472,reminder,2026-01-29 07:08:50,1,7395.32,342.0,1,0,0,1.0
TXN1009472,escalation,2026-01-29 07:46:50,1,7395.32,71.0,1,0,0,15.0
TXN1009475,retry,2026-06-13 11:39:56,0,0.0,,3,1,0,2.0
TXN1009475,reminder,2026-06-13 13:01:56,0,0.0,,2,1,0,1.0
TXN1009475,escalation,2026-06-13 11:49:56,1,20390.74,277.0,2,0,0,15.0
TXN1009476,retry,2026-05-11 16:19:40,0,0.0,,5,1,1,2.0
TXN1009476,reminder,2026-05-11 15:25:40,0,0.0,,4,1,0,1.0
TXN1009476,escalation,2026-05-11 15:38:40,1,6861.17,31.0,4,0,0,15.0
TXN1009477,retry,2026-01-16 05:32:05,0,0.0,,4,1,1,2.0
TXN1009477,reminder,2026-01-16 07:38:05,1,3932.62,82.0,3,0,0,1.0
TXN1009477,escalation,2026-01-16 08:22:05,0,0.0,,3,1,0,15.0
TXN1009479,retry,2026-02-25 13:12:06,1,3208.23,23.0,2,0,0,2.0
TXN1009479,reminder,2026-02-25 13:27:06,1,3208.23,47.0,1,0,0,1.0
TXN1009479,escalation,2026-02-25 11:38:06,1,3208.23,58.0,1,0,0,15.0
TXN1009483,retry,2026-04-17 08:30:01,1,984.97,295.0,3,0,0,2.0
TXN1009483,reminder,2026-04-17 07:21:01,0,0.0,,2,1,0,1.0
TXN1009483,escalation,2026-04-17 06:53:01,1,984.97,307.0,2,0,0,15.0
TXN1009485,retry,2026-05-25 10:09:31,1,1534.54,255.0,2,0,0,2.0
TXN1009485,reminder,2026-05-25 11:42:31,0,0.0,,1,1,0,1.0
TXN1009485,escalation,2026-05-25 12:21:31,1,1534.54,28.0,1,0,0,15.0
TXN1009488,retry,2026-04-10 05:08:07,1,11912.53,297.0,3,0,0,2.0
TXN1009488,reminder,2026-04-10 07:12:07,1,11912.53,279.0,2,0,0,1.0
TXN1009488,escalation,2026-04-10 05:21:07,1,11912.53,95.0,2,0,0,15.0
TXN1009491,retry,2026-04-10 12:19:55,0,0.0,,2,1,0,2.0
TXN1009491,reminder,2026-04-10 12:38:55,0,0.0,,1,1,0,1.0
TXN1009491,escalation,2026-04-10 12:54:55,1,2438.49,333.0,1,0,0,15.0
TXN1009492,retry,2026-05-25 03:59:06,1,5462.8,90.0,2,0,0,2.0
TXN1009492,reminder,2026-05-25 03:15:06,1,5462.8,79.0,1,0,0,1.0
TXN1009492,escalation,2026-05-25 04:30:06,1,5462.8,299.0,1,0,0,15.0
TXN1009493,retry,2026-06-22 15:53:21,1,4321.22,36.0,2,0,0,2.0
TXN1009493,reminder,2026-06-22 14:49:21,0,0.0,,1,1,0,1.0
TXN1009493,escalation,2026-06-22 15:46:21,1,4321.22,22.0,1,0,0,15.0
TXN1009495,retry,2026-05-25 22:27:53,1,5080.71,130.0,2,0,0,2.0
TXN1009495,reminder,2026-05-25 21:22:53,0,0.0,,1,1,0,1.0
TXN1009495,escalation,2026-05-25 22:34:53,0,0.0,,1,1,0,15.0
TXN1009503,retry,2026-04-04 07:14:48,1,3473.02,159.0,2,0,0,2.0
TXN1009503,reminder,2026-04-04 07:29:48,0,0.0,,1,1,0,1.0
TXN1009503,escalation,2026-04-04 06:23:48,0,0.0,,1,1,0,15.0
TXN1009504,retry,2026-05-18 02:37:32,0,0.0,,2,1,0,2.0
TXN1009504,reminder,2026-05-18 04:46:32,0,0.0,,1,1,0,1.0
TXN1009504,escalation,2026-05-18 03:56:32,0,0.0,,1,1,0,15.0
TXN1009506,retry,2026-04-05 06:59:57,0,0.0,,2,1,0,2.0
TXN1009506,reminder,2026-04-05 09:00:57,0,0.0,,1,1,0,1.0
TXN1009506,escalation,2026-04-05 07:10:57,0,0.0,,1,1,0,15.0
TXN1009507,retry,2026-01-18 22:02:23,1,4643.06,51.0,2,0,0,2.0
TXN1009507,reminder,2026-01-18 22:33:23,1,4643.06,199.0,1,0,0,1.0
TXN1009507,escalation,2026-01-18 23:40:23,0,0.0,,1,1,0,15.0
TXN1009508,retry,2026-06-02 21:04:13,1,11562.2,76.0,2,0,0,2.0
TXN1009508,reminder,2026-06-02 22:22:13,1,11562.2,50.0,1,0,0,1.0
TXN1009508,escalation,2026-06-02 22:01:13,1,11562.2,200.0,1,0,0,15.0
TXN1009509,retry,2026-04-16 17:24:30,1,4583.17,190.0,2,0,0,2.0
TXN1009509,reminder,2026-04-16 14:32:30,1,4583.17,46.0,1,0,0,1.0
TXN1009509,escalation,2026-04-16 16:50:30,1,4583.17,2.0,1,0,0,15.0
TXN1009511,retry,2026-06-29 09:51:40,1,5997.08,143.0,3,0,0,2.0
TXN1009511,reminder,2026-06-29 11:38:40,0,0.0,,2,1,0,1.0
TXN1009511,escalation,2026-06-29 09:32:40,0,0.0,,2,1,0,15.0
TXN1009513,retry,2026-01-05 13:43:07,0,0.0,,4,1,1,2.0
TXN1009513,reminder,2026-01-05 13:35:07,0,0.0,,3,1,0,1.0
TXN1009513,escalation,2026-01-05 13:39:07,1,83391.8,286.0,3,0,0,15.0
TXN1009515,retry,2026-01-10 20:13:09,1,4210.9,46.0,5,0,1,2.0
TXN1009515,reminder,2026-01-10 20:35:09,0,0.0,,4,1,0,1.0
TXN1009515,escalation,2026-01-10 20:27:09,0,0.0,,4,1,0,15.0
TXN1009522,retry,2026-02-13 02:56:11,1,427.99,303.0,2,0,0,2.0
TXN1009522,reminder,2026-02-13 02:27:11,1,427.99,74.0,1,0,0,1.0
TXN1009522,escalation,2026-02-13 03:44:11,0,0.0,,1,1,1,15.0
TXN1009523,retry,2026-04-29 15:27:36,0,0.0,,3,1,0,2.0
TXN1009523,reminder,2026-04-29 17:20:36,0,0.0,,2,1,0,1.0
TXN1009523,escalation,2026-04-29 18:07:36,0,0.0,,2,1,0,15.0
TXN1009525,retry,2026-04-01 15:45:20,0,0.0,,2,1,0,2.0
TXN1009525,reminder,2026-04-01 14:50:20,1,698.67,191.0,1,0,0,1.0
TXN1009525,escalation,2026-04-01 14:14:20,1,698.67,8.0,1,0,0,15.0
TXN1009527,retry,2026-01-16 14:46:43,0,0.0,,2,1,0,2.0
TXN1009527,reminder,2026-01-16 14:18:43,0,0.0,,1,1,0,1.0
TXN1009527,escalation,2026-01-16 14:08:43,0,0.0,,1,1,0,15.0
TXN1009528,retry,2026-06-17 02:12:43,1,11163.27,271.0,3,0,0,2.0
TXN1009528,reminder,2026-06-17 02:14:43,0,0.0,,2,1,0,1.0
TXN1009528,escalation,2026-06-17 01:20:43,1,11163.27,18.0,2,0,0,15.0
TXN1009529,retry,2026-03-06 02:54:05,1,7704.19,135.0,2,0,0,2.0
TXN1009529,reminder,2026-03-06 02:28:05,0,0.0,,1,1,0,1.0
TXN1009529,escalation,2026-03-06 02:11:05,1,7704.19,45.0,1,0,0,15.0
TXN1009531,retry,2026-03-15 01:39:07,1,1292.73,49.0,3,0,0,2.0
TXN1009531,reminder,2026-03-15 02:08:07,0,0.0,,2,1,0,1.0
TXN1009531,escalation,2026-03-15 03:36:07,1,1292.73,321.0,2,0,0,15.0
TXN1009532,retry,2026-02-05 23:43:17,1,7569.33,294.0,2,0,0,2.0
TXN1009532,reminder,2026-02-06 01:14:17,1,7569.33,93.0,1,0,0,1.0
TXN1009532,escalation,2026-02-06 01:16:17,0,0.0,,1,1,0,15.0
TXN1009535,retry,2026-02-17 01:57:53,1,2548.55,190.0,2,0,0,2.0
TXN1009535,reminder,2026-02-17 00:33:53,1,2548.55,9.0,1,0,0,1.0
TXN1009535,escalation,2026-02-17 00:10:53,0,0.0,,1,1,0,15.0
TXN1009536,retry,2026-03-26 14:38:55,1,8329.44,324.0,2,0,0,2.0
TXN1009536,reminder,2026-03-26 14:37:55,1,8329.44,270.0,1,0,0,1.0
TXN1009536,escalation,2026-03-26 15:58:55,0,0.0,,1,1,0,15.0
TXN1009537,retry,2026-01-01 23:13:30,1,865.6,301.0,2,0,0,2.0
TXN1009537,reminder,2026-01-01 21:20:30,1,865.6,208.0,1,0,0,1.0
TXN1009537,escalation,2026-01-01 22:57:30,0,0.0,,1,1,0,15.0
TXN1009541,retry,2026-01-10 02:52:09,0,0.0,,2,1,0,2.0
TXN1009541,reminder,2026-01-10 03:18:09,0,0.0,,1,1,0,1.0
TXN1009541,escalation,2026-01-10 01:40:09,1,21441.71,155.0,1,0,0,15.0
TXN1009545,retry,2026-01-04 03:41:02,1,1129.08,314.0,2,0,0,2.0
TXN1009545,reminder,2026-01-04 05:21:02,1,1129.08,135.0,1,0,0,1.0
TXN1009545,escalation,2026-01-04 04:43:02,1,1129.08,260.0,1,0,0,15.0
TXN1009546,retry,2026-01-04 12:58:23,1,3508.66,194.0,2,0,0,2.0
TXN1009546,reminder,2026-01-04 11:47:23,1,3508.66,343.0,1,0,0,1.0
TXN1009546,escalation,2026-01-04 13:01:23,0,0.0,,1,1,0,15.0
TXN1009550,retry,2026-05-02 16:12:18,1,15470.9,165.0,2,0,0,2.0
TXN1009550,reminder,2026-05-02 16:13:18,0,0.0,,1,1,0,1.0
TXN1009550,escalation,2026-05-02 17:52:18,0,0.0,,1,1,0,15.0
TXN1009552,retry,2026-04-05 08:26:22,1,3076.21,338.0,3,0,0,2.0
TXN1009552,reminder,2026-04-05 08:09:22,0,0.0,,2,1,0,1.0
TXN1009552,escalation,2026-04-05 09:01:22,0,0.0,,2,1,0,15.0
TXN1009556,retry,2026-02-11 05:15:23,1,4872.65,344.0,2,0,0,2.0
TXN1009556,reminder,2026-02-11 05:12:23,1,4872.65,177.0,1,0,0,1.0
TXN1009556,escalation,2026-02-11 03:43:23,1,4872.65,186.0,1,0,0,15.0
TXN1009557,retry,2026-04-27 09:23:51,1,2795.74,84.0,3,0,0,2.0
TXN1009557,reminder,2026-04-27 08:57:51,0,0.0,,2,1,0,1.0
TXN1009557,escalation,2026-04-27 07:15:51,0,0.0,,2,1,0,15.0
TXN1009562,retry,2026-04-29 20:51:48,1,3548.49,200.0,2,0,0,2.0
TXN1009562,reminder,2026-04-29 23:11:48,1,3548.49,36.0,1,0,0,1.0
TXN1009562,escalation,2026-04-29 20:57:48,1,3548.49,134.0,1,0,0,15.0
TXN1009565,retry,2026-03-31 14:17:48,1,22775.19,174.0,2,0,0,2.0
TXN1009565,reminder,2026-03-31 12:53:48,1,22775.19,235.0,1,0,0,1.0
TXN1009565,escalation,2026-03-31 14:24:48,0,0.0,,1,1,0,15.0
TXN1009570,retry,2026-02-23 16:06:50,0,0.0,,3,1,0,2.0
TXN1009570,reminder,2026-02-23 18:14:50,0,0.0,,2,1,0,1.0
TXN1009570,escalation,2026-02-23 15:53:50,0,0.0,,2,1,0,15.0
TXN1009571,retry,2026-06-26 08:02:53,0,0.0,,2,1,0,2.0
TXN1009571,reminder,2026-06-26 06:20:53,0,0.0,,1,1,0,1.0
TXN1009571,escalation,2026-06-26 07:09:53,0,0.0,,1,1,0,15.0
TXN1009576,retry,2026-05-31 04:11:12,1,10374.48,99.0,3,0,0,2.0
TXN1009576,reminder,2026-05-31 04:14:12,0,0.0,,2,1,0,1.0
TXN1009576,escalation,2026-05-31 02:34:12,0,0.0,,2,1,0,15.0
TXN1009578,retry,2026-02-19 11:54:38,1,1381.93,121.0,2,0,0,2.0
TXN1009578,reminder,2026-02-19 11:03:38,0,0.0,,1,1,0,1.0
TXN1009578,escalation,2026-02-19 11:44:38,0,0.0,,1,1,0,15.0
TXN1009580,retry,2026-03-20 21:48:25,0,0.0,,2,1,0,2.0
TXN1009580,reminder,2026-03-20 19:24:25,1,1924.13,231.0,1,0,0,1.0
TXN1009580,escalation,2026-03-20 21:18:25,1,1924.13,20.0,1,0,0,15.0
TXN1009581,retry,2026-02-28 03:24:29,1,1930.46,88.0,2,0,0,2.0
TXN1009581,reminder,2026-02-28 04:33:29,1,1930.46,287.0,1,0,0,1.0
TXN1009581,escalation,2026-02-28 05:09:29,1,1930.46,285.0,1,0,0,15.0
TXN1009583,retry,2026-05-09 14:16:31,1,2973.58,104.0,2,0,0,2.0
TXN1009583,reminder,2026-05-09 14:26:31,0,0.0,,1,1,0,1.0
TXN1009583,escalation,2026-05-09 13:45:31,0,0.0,,1,1,0,15.0
TXN1009584,retry,2026-01-01 21:11:31,1,2291.65,33.0,2,0,0,2.0
TXN1009584,reminder,2026-01-01 21:09:31,0,0.0,,1,1,0,1.0
TXN1009584,escalation,2026-01-01 20:31:31,1,2291.65,175.0,1,0,0,15.0
TXN1009585,retry,2026-03-02 19:26:05,0,0.0,,2,1,0,2.0
TXN1009585,reminder,2026-03-02 17:09:05,1,3208.54,84.0,1,0,0,1.0
TXN1009585,escalation,2026-03-02 17:26:05,0,0.0,,1,1,0,15.0
TXN1009587,retry,2026-04-18 11:40:40,1,1319.94,86.0,3,0,0,2.0
TXN1009587,reminder,2026-04-18 11:48:40,1,1319.94,31.0,2,0,0,1.0
TXN1009587,escalation,2026-04-18 10:30:40,0,0.0,,2,1,0,15.0
TXN1009589,retry,2026-03-19 10:11:49,1,2561.68,284.0,2,0,0,2.0
TXN1009589,reminder,2026-03-19 10:05:49,1,2561.68,221.0,1,0,0,1.0
TXN1009589,escalation,2026-03-19 11:09:49,1,2561.68,327.0,1,0,0,15.0
TXN1009590,retry,2026-01-15 10:48:17,1,1680.64,113.0,2,0,0,2.0
TXN1009590,reminder,2026-01-15 10:39:17,1,1680.64,270.0,1,0,0,1.0
TXN1009590,escalation,2026-01-15 08:49:17,0,0.0,,1,1,0,15.0
TXN1009591,retry,2026-03-26 02:58:15,0,0.0,,4,1,1,2.0
TXN1009591,reminder,2026-03-26 02:57:15,0,0.0,,3,1,0,1.0
TXN1009591,escalation,2026-03-26 01:39:15,0,0.0,,3,1,0,15.0
TXN1009592,retry,2026-01-05 00:02:08,1,7064.95,142.0,3,0,0,2.0
TXN1009592,reminder,2026-01-04 23:09:08,1,7064.95,324.0,2,0,0,1.0
TXN1009592,escalation,2026-01-04 23:55:08,1,7064.95,45.0,2,0,0,15.0
TXN1009593,retry,2026-03-15 18:20:29,1,5036.54,189.0,2,0,0,2.0
TXN1009593,reminder,2026-03-15 19:37:29,1,5036.54,319.0,1,0,0,1.0
TXN1009593,escalation,2026-03-15 18:47:29,0,0.0,,1,1,0,15.0
TXN1009595,retry,2026-05-23 05:50:03,0,0.0,,4,1,1,2.0
TXN1009595,reminder,2026-05-23 05:34:03,0,0.0,,3,1,0,1.0
TXN1009595,escalation,2026-05-23 07:54:03,0,0.0,,3,1,0,15.0
TXN1009596,retry,2026-05-17 17:16:06,1,17594.35,349.0,2,0,0,2.0
TXN1009596,reminder,2026-05-17 16:28:06,0,0.0,,1,1,0,1.0
TXN1009596,escalation,2026-05-17 15:21:06,1,17594.35,80.0,1,0,0,15.0
TXN1009600,retry,2026-06-17 03:58:26,1,2047.85,251.0,2,0,0,2.0
TXN1009600,reminder,2026-06-17 03:00:26,1,2047.85,13.0,1,0,0,1.0
TXN1009600,escalation,2026-06-17 02:49:26,1,2047.85,326.0,1,0,0,15.0
TXN1009601,retry,2026-03-31 00:14:01,1,8052.08,161.0,4,0,1,2.0
TXN1009601,reminder,2026-03-31 00:58:01,0,0.0,,3,1,0,1.0
TXN1009601,escalation,2026-03-31 00:39:01,0,0.0,,3,1,0,15.0
TXN1009602,retry,2026-01-08 12:20:08,1,12711.49,15.0,2,0,0,2.0
TXN1009602,reminder,2026-01-08 14:29:08,0,0.0,,1,1,0,1.0
TXN1009602,escalation,2026-01-08 12:05:08,0,0.0,,1,1,0,15.0
TXN1009604,retry,2026-01-18 05:42:39,1,7398.65,293.0,2,0,0,2.0
TXN1009604,reminder,2026-01-18 07:05:39,0,0.0,,1,1,0,1.0
TXN1009604,escalation,2026-01-18 04:55:39,1,7398.65,238.0,1,0,0,15.0
TXN1009606,retry,2026-04-10 12:22:31,1,2286.91,34.0,2,0,0,2.0
TXN1009606,reminder,2026-04-10 11:24:31,1,2286.91,14.0,1,0,0,1.0
TXN1009606,escalation,2026-04-10 11:41:31,1,2286.91,327.0,1,0,0,15.0
TXN1009607,retry,2026-03-31 19:15:11,0,0.0,,2,1,0,2.0
TXN1009607,reminder,2026-03-31 20:11:11,1,8306.45,194.0,1,0,0,1.0
TXN1009607,escalation,2026-03-31 20:47:11,1,8306.45,191.0,1,0,0,15.0
TXN1009610,retry,2026-06-27 19:01:28,0,0.0,,2,1,0,2.0
TXN1009610,reminder,2026-06-27 17:17:28,1,3745.02,203.0,1,0,0,1.0
TXN1009610,escalation,2026-06-27 17:24:28,0,0.0,,1,1,0,15.0
TXN1009611,retry,2026-01-25 04:04:15,1,8122.73,83.0,2,0,0,2.0
TXN1009611,reminder,2026-01-25 04:45:15,1,8122.73,357.0,1,0,0,1.0
TXN1009611,escalation,2026-01-25 03:31:15,1,8122.73,207.0,1,0,0,15.0
TXN1009612,retry,2026-02-18 10:58:45,0,0.0,,3,1,0,2.0
TXN1009612,reminder,2026-02-18 09:32:45,0,0.0,,2,1,0,1.0
TXN1009612,escalation,2026-02-18 11:17:45,1,17793.96,289.0,2,0,0,15.0
TXN1009617,retry,2026-05-29 11:21:23,1,1047.56,251.0,2,0,0,2.0
TXN1009617,reminder,2026-05-29 13:15:23,0,0.0,,1,1,0,1.0
TXN1009617,escalation,2026-05-29 11:08:23,1,1047.56,52.0,1,0,0,15.0
TXN1009619,retry,2026-03-05 04:00:30,1,3860.46,279.0,2,0,0,2.0
TXN1009619,reminder,2026-03-05 04:32:30,0,0.0,,1,1,0,1.0
TXN1009619,escalation,2026-03-05 04:32:30,0,0.0,,1,1,0,15.0
TXN1009620,retry,2026-02-20 16:58:15,0,0.0,,2,1,0,2.0
TXN1009620,reminder,2026-02-20 16:23:15,1,2856.96,313.0,1,0,0,1.0
TXN1009620,escalation,2026-02-20 18:32:15,1,2856.96,286.0,1,0,0,15.0
TXN1009623,retry,2026-05-23 06:02:43,1,3451.82,213.0,2,0,0,2.0
TXN1009623,reminder,2026-05-23 06:49:43,1,3451.82,294.0,1,0,0,1.0
TXN1009623,escalation,2026-05-23 07:58:43,1,3451.82,358.0,1,0,0,15.0
TXN1009626,retry,2026-03-05 20:32:29,1,20837.52,324.0,3,0,0,2.0
TXN1009626,reminder,2026-03-05 19:25:29,0,0.0,,2,1,0,1.0
TXN1009626,escalation,2026-03-05 20:02:29,0,0.0,,2,1,0,15.0
TXN1009628,retry,2026-04-11 07:17:35,1,1036.21,56.0,2,0,0,2.0
TXN1009628,reminder,2026-04-11 09:12:35,1,1036.21,36.0,1,0,0,1.0
TXN1009628,escalation,2026-04-11 07:52:35,0,0.0,,1,1,0,15.0
TXN1009629,retry,2026-03-10 03:21:45,1,19013.12,151.0,2,0,0,2.0
TXN1009629,reminder,2026-03-10 03:21:45,0,0.0,,1,1,0,1.0
TXN1009629,escalation,2026-03-10 04:28:45,0,0.0,,1,1,0,15.0
TXN1009633,retry,2026-06-07 19:50:32,1,8616.01,15.0,3,0,0,2.0
TXN1009633,reminder,2026-06-07 19:53:32,0,0.0,,2,1,0,1.0
TXN1009633,escalation,2026-06-07 20:59:32,1,8616.01,183.0,2,0,0,15.0
TXN1009636,retry,2026-04-26 22:35:34,1,4151.62,286.0,2,0,0,2.0
TXN1009636,reminder,2026-04-26 22:56:34,0,0.0,,1,1,0,1.0
TXN1009636,escalation,2026-04-26 22:08:34,0,0.0,,1,1,0,15.0
TXN1009638,retry,2026-03-20 02:38:23,1,4319.95,255.0,3,0,0,2.0
TXN1009638,reminder,2026-03-20 02:45:23,1,4319.95,3.0,2,0,0,1.0
TXN1009638,escalation,2026-03-20 05:19:23,1,4319.95,270.0,2,0,0,15.0
TXN1009639,retry,2026-06-13 11:07:11,0,0.0,,2,1,0,2.0
TXN1009639,reminder,2026-06-13 10:55:11,1,2137.09,186.0,1,0,0,1.0
TXN1009639,escalation,2026-06-13 11:01:11,1,2137.09,184.0,1,0,0,15.0
TXN1009641,retry,2026-04-14 01:20:44,0,0.0,,2,1,0,2.0
TXN1009641,reminder,2026-04-14 01:23:44,1,3752.74,270.0,1,0,0,1.0
TXN1009641,escalation,2026-04-14 00:32:44,1,3752.74,57.0,1,0,0,15.0
TXN1009645,retry,2026-01-25 22:54:26,1,336.38,280.0,2,0,0,2.0
TXN1009645,reminder,2026-01-25 21:27:26,1,336.38,107.0,1,0,0,1.0
TXN1009645,escalation,2026-01-25 23:21:26,0,0.0,,1,1,1,15.0
TXN1009646,retry,2026-05-16 07:16:40,0,0.0,,4,1,1,2.0
TXN1009646,reminder,2026-05-16 09:16:40,1,1934.07,115.0,3,0,0,1.0
TXN1009646,escalation,2026-05-16 06:54:40,1,1934.07,154.0,3,0,0,15.0
TXN1009647,retry,2026-05-11 20:01:27,1,11750.68,284.0,2,0,0,2.0
TXN1009647,reminder,2026-05-11 19:19:27,1,11750.68,310.0,1,0,0,1.0
TXN1009647,escalation,2026-05-11 18:40:27,0,0.0,,1,1,0,15.0
TXN1009649,retry,2026-04-12 12:39:22,1,3119.89,257.0,2,0,0,2.0
TXN1009649,reminder,2026-04-12 12:01:22,0,0.0,,1,1,0,1.0
TXN1009649,escalation,2026-04-12 11:03:22,1,3119.89,178.0,1,0,0,15.0
TXN1009651,retry,2026-03-02 13:53:22,0,0.0,,2,1,0,2.0
TXN1009651,reminder,2026-03-02 13:36:22,1,5941.52,44.0,1,0,0,1.0
TXN1009651,escalation,2026-03-02 14:30:22,1,5941.52,345.0,1,0,0,15.0
TXN1009658,retry,2026-04-16 15:08:29,1,4378.04,97.0,5,0,1,2.0
TXN1009658,reminder,2026-04-16 12:39:29,0,0.0,,4,1,0,1.0
TXN1009658,escalation,2026-04-16 13:06:29,0,0.0,,4,1,0,15.0
TXN1009659,retry,2026-01-07 09:47:34,0,0.0,,2,1,0,2.0
TXN1009659,reminder,2026-01-07 07:17:34,0,0.0,,1,1,0,1.0
TXN1009659,escalation,2026-01-07 07:30:34,1,7572.86,95.0,1,0,0,15.0
TXN1009660,retry,2026-05-14 22:54:11,1,3655.16,185.0,5,0,1,2.0
TXN1009660,reminder,2026-05-14 20:41:11,0,0.0,,4,1,0,1.0
TXN1009660,escalation,2026-05-14 20:49:11,1,3655.16,318.0,4,0,0,15.0
TXN1009664,retry,2026-04-16 03:12:10,0,0.0,,3,1,0,2.0
TXN1009664,reminder,2026-04-16 01:48:10,1,1667.39,11.0,2,0,0,1.0
TXN1009664,escalation,2026-04-16 01:39:10,0,0.0,,2,1,0,15.0
TXN1009665,retry,2026-04-23 21:26:26,1,6406.94,304.0,2,0,0,2.0
TXN1009665,reminder,2026-04-23 20:02:26,1,6406.94,219.0,1,0,0,1.0
TXN1009665,escalation,2026-04-23 19:07:26,0,0.0,,1,1,0,15.0
TXN1009669,retry,2026-04-21 22:49:11,1,5343.06,5.0,2,0,0,2.0
TXN1009669,reminder,2026-04-22 00:48:11,1,5343.06,212.0,1,0,0,1.0
TXN1009669,escalation,2026-04-21 22:23:11,1,5343.06,222.0,1,0,0,15.0
TXN1009670,retry,2026-05-28 20:23:57,1,3148.28,96.0,2,0,0,2.0
TXN1009670,reminder,2026-05-28 18:57:57,0,0.0,,1,1,0,1.0
TXN1009670,escalation,2026-05-28 18:34:57,0,0.0,,1,1,0,15.0
TXN1009671,retry,2026-05-24 15:54:12,1,10804.84,267.0,2,0,0,2.0
TXN1009671,reminder,2026-05-24 15:13:12,0,0.0,,1,1,0,1.0
TXN1009671,escalation,2026-05-24 15:42:12,1,10804.84,180.0,1,0,0,15.0
TXN1009672,retry,2026-03-22 15:50:59,1,2122.13,187.0,3,0,0,2.0
TXN1009672,reminder,2026-03-22 15:45:59,1,2122.13,315.0,2,0,0,1.0
TXN1009672,escalation,2026-03-22 14:49:59,1,2122.13,308.0,2,0,0,15.0
TXN1009676,retry,2026-01-17 09:33:48,0,0.0,,3,1,0,2.0
TXN1009676,reminder,2026-01-17 07:42:48,0,0.0,,2,1,0,1.0
TXN1009676,escalation,2026-01-17 09:46:48,0,0.0,,2,1,0,15.0
TXN1009677,retry,2026-03-02 11:59:45,0,0.0,,2,1,0,2.0
TXN1009677,reminder,2026-03-02 11:39:45,0,0.0,,1,1,0,1.0
TXN1009677,escalation,2026-03-02 13:48:45,1,1878.81,313.0,1,0,0,15.0
TXN1009683,retry,2026-03-06 04:26:00,1,9106.4,153.0,2,0,0,2.0
TXN1009683,reminder,2026-03-06 02:47:00,1,9106.4,85.0,1,0,0,1.0
TXN1009683,escalation,2026-03-06 03:50:00,1,9106.4,56.0,1,0,0,15.0
TXN1009685,retry,2026-02-25 06:22:27,1,10378.87,25.0,2,0,0,2.0
TXN1009685,reminder,2026-02-25 04:11:27,1,10378.87,51.0,1,0,0,1.0
TXN1009685,escalation,2026-02-25 05:43:27,1,10378.87,70.0,1,0,0,15.0
TXN1009688,retry,2026-03-17 18:45:44,0,0.0,,2,1,0,2.0
TXN1009688,reminder,2026-03-17 19:27:44,0,0.0,,1,1,0,1.0
TXN1009688,escalation,2026-03-17 19:23:44,0,0.0,,1,1,0,15.0
TXN1009690,retry,2026-05-03 18:13:48,1,1457.09,351.0,2,0,0,2.0
TXN1009690,reminder,2026-05-03 15:53:48,1,1457.09,187.0,1,0,0,1.0
TXN1009690,escalation,2026-05-03 16:03:48,0,0.0,,1,1,0,15.0
TXN1009691,retry,2026-01-16 20:41:03,0,0.0,,3,1,0,2.0
TXN1009691,reminder,2026-01-16 18:30:03,0,0.0,,2,1,0,1.0
TXN1009691,escalation,2026-01-16 19:58:03,0,0.0,,2,1,0,15.0
TXN1009693,retry,2026-05-07 00:18:36,0,0.0,,2,1,0,2.0
TXN1009693,reminder,2026-05-07 00:54:36,0,0.0,,1,1,0,1.0
TXN1009693,escalation,2026-05-07 00:57:36,0,0.0,,1,1,0,15.0
TXN1009696,retry,2026-04-02 01:05:57,0,0.0,,2,1,0,2.0
TXN1009696,reminder,2026-04-02 02:10:57,1,1295.2,27.0,1,0,0,1.0
TXN1009696,escalation,2026-04-02 02:11:57,1,1295.2,94.0,1,0,0,15.0
TXN1009698,retry,2026-02-06 00:59:00,1,6011.95,320.0,3,0,0,2.0
TXN1009698,reminder,2026-02-06 01:02:00,0,0.0,,2,1,0,1.0
TXN1009698,escalation,2026-02-06 02:50:00,0,0.0,,2,1,0,15.0
TXN1009700,retry,2026-03-19 09:59:21,1,3172.45,82.0,2,0,0,2.0
TXN1009700,reminder,2026-03-19 11:33:21,1,3172.45,164.0,1,0,0,1.0
TXN1009700,escalation,2026-03-19 12:12:21,0,0.0,,1,1,0,15.0
TXN1009703,retry,2026-03-23 11:26:28,1,8743.68,118.0,3,0,0,2.0
TXN1009703,reminder,2026-03-23 12:03:28,0,0.0,,2,1,0,1.0
TXN1009703,escalation,2026-03-23 11:25:28,1,8743.68,194.0,2,0,0,15.0
TXN1009704,retry,2026-06-01 08:44:03,0,0.0,,3,1,0,2.0
TXN1009704,reminder,2026-06-01 07:48:03,1,1854.88,44.0,2,0,0,1.0
TXN1009704,escalation,2026-06-01 07:28:03,0,0.0,,2,1,0,15.0
TXN1009705,retry,2026-05-22 14:30:18,1,6794.55,36.0,2,0,0,2.0
TXN1009705,reminder,2026-05-22 15:26:18,1,6794.55,73.0,1,0,0,1.0
TXN1009705,escalation,2026-05-22 15:40:18,1,6794.55,145.0,1,0,0,15.0
TXN1009707,retry,2026-02-11 08:14:58,1,2140.09,259.0,3,0,0,2.0
TXN1009707,reminder,2026-02-11 10:45:58,0,0.0,,2,1,0,1.0
TXN1009707,escalation,2026-02-11 09:12:58,1,2140.09,136.0,2,0,0,15.0
TXN1009713,retry,2026-03-05 15:12:55,0,0.0,,2,1,0,2.0
TXN1009713,reminder,2026-03-05 14:23:55,0,0.0,,1,1,0,1.0
TXN1009713,escalation,2026-03-05 13:49:55,0,0.0,,1,1,0,15.0
TXN1009716,retry,2026-02-21 13:18:59,0,0.0,,5,1,1,2.0
TXN1009716,reminder,2026-02-21 13:28:59,1,2276.22,174.0,4,0,0,1.0
TXN1009716,escalation,2026-02-21 14:43:59,0,0.0,,4,1,0,15.0
TXN1009721,retry,2026-06-03 00:05:29,0,0.0,,2,1,0,2.0
TXN1009721,reminder,2026-06-03 00:13:29,1,5845.87,217.0,1,0,0,1.0
TXN1009721,escalation,2026-06-03 00:37:29,0,0.0,,1,1,0,15.0
TXN1009729,retry,2026-06-17 13:01:37,0,0.0,,3,1,0,2.0
TXN1009729,reminder,2026-06-17 12:05:37,1,3390.19,188.0,2,0,0,1.0
TXN1009729,escalation,2026-06-17 11:19:37,1,3390.19,297.0,2,0,0,15.0
TXN1009732,retry,2026-02-27 00:26:51,1,4829.86,255.0,4,0,1,2.0
TXN1009732,reminder,2026-02-26 23:41:51,0,0.0,,3,1,0,1.0
TXN1009732,escalation,2026-02-27 00:06:51,0,0.0,,3,1,0,15.0
TXN1009735,retry,2026-03-16 14:24:00,1,21623.01,318.0,3,0,0,2.0
TXN1009735,reminder,2026-03-16 12:12:00,1,21623.01,3.0,2,0,0,1.0
TXN1009735,escalation,2026-03-16 13:38:00,0,0.0,,2,1,0,15.0
TXN1009737,retry,2026-04-22 10:19:10,0,0.0,,2,1,0,2.0
TXN1009737,reminder,2026-04-22 10:27:10,0,0.0,,1,1,0,1.0
TXN1009737,escalation,2026-04-22 10:04:10,0,0.0,,1,1,0,15.0
TXN1009738,retry,2026-06-18 18:55:21,1,8338.95,104.0,3,0,0,2.0
TXN1009738,reminder,2026-06-18 19:35:21,0,0.0,,2,1,0,1.0
TXN1009738,escalation,2026-06-18 19:07:21,1,8338.95,239.0,2,0,0,15.0
TXN1009744,retry,2026-05-05 14:03:22,1,14077.65,252.0,2,0,0,2.0
TXN1009744,reminder,2026-05-05 13:23:22,0,0.0,,1,1,0,1.0
TXN1009744,escalation,2026-05-05 13:24:22,1,14077.65,334.0,1,0,0,15.0
TXN1009746,retry,2026-05-17 04:50:29,1,958.58,149.0,2,0,0,2.0
TXN1009746,reminder,2026-05-17 05:40:29,1,958.58,235.0,1,0,0,1.0
TXN1009746,escalation,2026-05-17 03:36:29,0,0.0,,1,1,0,15.0
TXN1009748,retry,2026-01-08 04:23:56,1,2997.01,41.0,2,0,0,2.0
TXN1009748,reminder,2026-01-08 05:01:56,1,2997.01,143.0,1,0,0,1.0
TXN1009748,escalation,2026-01-08 04:00:56,0,0.0,,1,1,0,15.0
TXN1009753,retry,2026-04-04 18:27:53,1,2598.96,187.0,3,0,0,2.0
TXN1009753,reminder,2026-04-04 20:40:53,0,0.0,,2,1,0,1.0
TXN1009753,escalation,2026-04-04 21:04:53,1,2598.96,95.0,2,0,0,15.0
TXN1009754,retry,2026-04-04 02:24:05,1,8239.66,147.0,2,0,0,2.0
TXN1009754,reminder,2026-04-04 02:18:05,1,8239.66,286.0,1,0,0,1.0
TXN1009754,escalation,2026-04-04 02:22:05,1,8239.66,112.0,1,0,0,15.0
TXN1009757,retry,2026-04-28 23:46:58,1,3695.77,319.0,2,0,0,2.0
TXN1009757,reminder,2026-04-29 00:08:58,1,3695.77,26.0,1,0,0,1.0
TXN1009757,escalation,2026-04-28 22:51:58,1,3695.77,268.0,1,0,0,15.0
TXN1009759,retry,2026-01-23 03:15:36,1,9024.61,34.0,2,0,0,2.0
TXN1009759,reminder,2026-01-23 02:23:36,1,9024.61,150.0,1,0,0,1.0
TXN1009759,escalation,2026-01-23 01:12:36,1,9024.61,123.0,1,0,0,15.0
TXN1009764,retry,2026-03-03 16:50:53,1,2893.35,64.0,3,0,0,2.0
TXN1009764,reminder,2026-03-03 16:16:53,0,0.0,,2,1,0,1.0
TXN1009764,escalation,2026-03-03 17:04:53,0,0.0,,2,1,0,15.0
TXN1009766,retry,2026-03-25 07:35:23,1,3329.0,177.0,2,0,0,2.0
TXN1009766,reminder,2026-03-25 05:59:23,1,3329.0,114.0,1,0,0,1.0
TXN1009766,escalation,2026-03-25 04:56:23,0,0.0,,1,1,0,15.0
TXN1009768,retry,2026-04-07 12:18:43,1,8128.18,173.0,2,0,0,2.0
TXN1009768,reminder,2026-04-07 10:56:43,0,0.0,,1,1,0,1.0
TXN1009768,escalation,2026-04-07 11:48:43,0,0.0,,1,1,0,15.0
TXN1009769,retry,2026-01-27 10:06:02,1,5513.48,272.0,4,0,1,2.0
TXN1009769,reminder,2026-01-27 09:22:02,0,0.0,,3,1,0,1.0
TXN1009769,escalation,2026-01-27 08:13:02,1,5513.48,241.0,3,0,0,15.0
TXN1009771,retry,2026-02-01 15:11:38,1,1094.1,302.0,2,0,0,2.0
TXN1009771,reminder,2026-02-01 14:27:38,1,1094.1,185.0,1,0,0,1.0
TXN1009771,escalation,2026-02-01 16:07:38,1,1094.1,339.0,1,0,0,15.0
TXN1009778,retry,2026-04-16 06:51:48,0,0.0,,2,1,0,2.0
TXN1009778,reminder,2026-04-16 06:39:48,0,0.0,,1,1,0,1.0
TXN1009778,escalation,2026-04-16 08:09:48,1,3956.98,275.0,1,0,0,15.0
TXN1009779,retry,2026-03-25 10:02:26,1,2281.3,210.0,2,0,0,2.0
TXN1009779,reminder,2026-03-25 10:07:26,0,0.0,,1,1,0,1.0
TXN1009779,escalation,2026-03-25 11:01:26,0,0.0,,1,1,0,15.0
TXN1009780,retry,2026-04-28 16:18:33,1,4105.62,92.0,2,0,0,2.0
TXN1009780,reminder,2026-04-28 16:01:33,0,0.0,,1,1,0,1.0
TXN1009780,escalation,2026-04-28 14:49:33,1,4105.62,344.0,1,0,0,15.0
TXN1009781,retry,2026-05-26 07:00:51,0,0.0,,5,1,1,2.0
TXN1009781,reminder,2026-05-26 05:07:51,0,0.0,,4,1,0,1.0
TXN1009781,escalation,2026-05-26 07:05:51,1,5114.06,24.0,4,0,0,15.0
TXN1009782,retry,2026-04-28 19:33:06,0,0.0,,2,1,0,2.0
TXN1009782,reminder,2026-04-28 19:34:06,0,0.0,,1,1,0,1.0
TXN1009782,escalation,2026-04-28 19:17:06,1,10903.13,323.0,1,0,0,15.0
TXN1009783,retry,2026-01-01 18:26:41,1,1868.71,96.0,2,0,0,2.0
TXN1009783,reminder,2026-01-01 19:08:41,1,1868.71,219.0,1,0,0,1.0
TXN1009783,escalation,2026-01-01 17:49:41,1,1868.71,14.0,1,0,0,15.0
TXN1009785,retry,2026-01-22 02:09:43,1,4037.95,302.0,2,0,0,2.0
TXN1009785,reminder,2026-01-21 23:46:43,1,4037.95,206.0,1,0,0,1.0
TXN1009785,escalation,2026-01-22 00:15:43,0,0.0,,1,1,0,15.0
TXN1009791,retry,2026-01-21 17:40:07,1,574.37,156.0,2,0,0,2.0
TXN1009791,reminder,2026-01-21 18:15:07,1,574.37,63.0,1,0,0,1.0
TXN1009791,escalation,2026-01-21 18:29:07,1,574.37,21.0,1,0,0,15.0
TXN1009794,retry,2026-05-30 09:32:31,0,0.0,,4,1,1,2.0
TXN1009794,reminder,2026-05-30 12:02:31,0,0.0,,3,1,0,1.0
TXN1009794,escalation,2026-05-30 10:21:31,1,1084.55,133.0,3,0,0,15.0
TXN1009795,retry,2026-01-11 16:44:47,1,14929.35,148.0,2,0,0,2.0
TXN1009795,reminder,2026-01-11 17:41:47,0,0.0,,1,1,0,1.0
TXN1009795,escalation,2026-01-11 17:24:47,1,14929.35,193.0,1,0,0,15.0
TXN1009796,retry,2026-03-10 00:22:47,1,12751.54,300.0,2,0,0,2.0
TXN1009796,reminder,2026-03-10 02:08:47,0,0.0,,1,1,0,1.0
TXN1009796,escalation,2026-03-10 00:30:47,0,0.0,,1,1,0,15.0
TXN1009799,retry,2026-05-19 02:02:56,1,2761.32,145.0,2,0,0,2.0
TXN1009799,reminder,2026-05-19 03:39:56,0,0.0,,1,1,0,1.0
TXN1009799,escalation,2026-05-19 02:31:56,1,2761.32,91.0,1,0,0,15.0
TXN1009803,retry,2026-05-15 02:04:32,1,1649.09,31.0,2,0,0,2.0
TXN1009803,reminder,2026-05-15 02:40:32,0,0.0,,1,1,0,1.0
TXN1009803,escalation,2026-05-15 03:45:32,0,0.0,,1,1,0,15.0
TXN1009805,retry,2026-02-21 01:50:00,1,22385.88,243.0,2,0,0,2.0
TXN1009805,reminder,2026-02-21 01:16:00,1,22385.88,283.0,1,0,0,1.0
TXN1009805,escalation,2026-02-21 03:25:00,0,0.0,,1,1,0,15.0
TXN1009806,retry,2026-03-02 15:03:03,1,11147.21,341.0,2,0,0,2.0
TXN1009806,reminder,2026-03-02 15:47:03,0,0.0,,1,1,0,1.0
TXN1009806,escalation,2026-03-02 15:22:03,1,11147.21,60.0,1,0,0,15.0
TXN1009807,retry,2026-05-01 10:08:13,1,4640.61,316.0,2,0,0,2.0
TXN1009807,reminder,2026-05-01 12:13:13,1,4640.61,163.0,1,0,0,1.0
TXN1009807,escalation,2026-05-01 11:44:13,1,4640.61,35.0,1,0,0,15.0
TXN1009810,retry,2026-04-17 11:27:06,1,11532.57,281.0,2,0,0,2.0
TXN1009810,reminder,2026-04-17 10:21:06,1,11532.57,316.0,1,0,0,1.0
TXN1009810,escalation,2026-04-17 11:58:06,1,11532.57,348.0,1,0,0,15.0
TXN1009811,retry,2026-02-05 19:25:13,1,3567.53,74.0,4,0,1,2.0
TXN1009811,reminder,2026-02-05 20:52:13,0,0.0,,3,1,0,1.0
TXN1009811,escalation,2026-02-05 21:11:13,0,0.0,,3,1,0,15.0
TXN1009814,retry,2026-02-23 22:59:42,1,2953.56,109.0,3,0,0,2.0
TXN1009814,reminder,2026-02-23 23:00:42,0,0.0,,2,1,0,1.0
TXN1009814,escalation,2026-02-24 00:17:42,1,2953.56,2.0,2,0,0,15.0
TXN1009815,retry,2026-01-09 05:07:58,1,1576.21,275.0,2,0,0,2.0
TXN1009815,reminder,2026-01-09 05:22:58,0,0.0,,1,1,0,1.0
TXN1009815,escalation,2026-01-09 02:57:58,0,0.0,,1,1,0,15.0
TXN1009821,retry,2026-04-06 00:45:37,1,2036.96,125.0,2,0,0,2.0
TXN1009821,reminder,2026-04-05 23:06:37,1,2036.96,256.0,1,0,0,1.0
TXN1009821,escalation,2026-04-06 01:00:37,1,2036.96,118.0,1,0,0,15.0
TXN1009826,retry,2026-06-12 11:15:49,0,0.0,,4,1,1,2.0
TXN1009826,reminder,2026-06-12 11:36:49,0,0.0,,3,1,0,1.0
TXN1009826,escalation,2026-06-12 10:46:49,0,0.0,,3,1,0,15.0
TXN1009831,retry,2026-06-11 21:36:44,0,0.0,,3,1,0,2.0
TXN1009831,reminder,2026-06-11 22:42:44,1,17245.05,182.0,2,0,0,1.0
TXN1009831,escalation,2026-06-11 22:59:44,0,0.0,,2,1,0,15.0
TXN1009834,retry,2026-02-04 00:20:26,1,7133.14,135.0,2,0,0,2.0
TXN1009834,reminder,2026-02-04 01:33:26,1,7133.14,19.0,1,0,0,1.0
TXN1009834,escalation,2026-02-04 01:13:26,1,7133.14,200.0,1,0,0,15.0
TXN1009839,retry,2026-06-08 23:52:48,0,0.0,,2,1,0,2.0
TXN1009839,reminder,2026-06-08 23:19:48,0,0.0,,1,1,0,1.0
TXN1009839,escalation,2026-06-08 22:35:48,1,1256.45,248.0,1,0,0,15.0
TXN1009840,retry,2026-05-02 19:39:11,0,0.0,,5,1,1,2.0
TXN1009840,reminder,2026-05-02 20:39:11,0,0.0,,4,1,0,1.0
TXN1009840,escalation,2026-05-02 20:16:11,0,0.0,,4,1,0,15.0
TXN1009844,retry,2026-02-15 13:32:07,1,8840.62,69.0,2,0,0,2.0
TXN1009844,reminder,2026-02-15 15:09:07,0,0.0,,1,1,0,1.0
TXN1009844,escalation,2026-02-15 12:38:07,1,8840.62,40.0,1,0,0,15.0
TXN1009847,retry,2026-01-06 23:41:18,1,5599.93,146.0,2,0,0,2.0
TXN1009847,reminder,2026-01-06 22:29:18,1,5599.93,132.0,1,0,0,1.0
TXN1009847,escalation,2026-01-06 22:22:18,1,5599.93,241.0,1,0,0,15.0
TXN1009848,retry,2026-04-28 10:46:26,1,32679.31,129.0,2,0,0,2.0
TXN1009848,reminder,2026-04-28 11:38:26,0,0.0,,1,1,0,1.0
TXN1009848,escalation,2026-04-28 11:41:26,1,32679.31,62.0,1,0,0,15.0
TXN1009849,retry,2026-01-22 03:23:16,1,24295.19,343.0,2,0,0,2.0
TXN1009849,reminder,2026-01-22 04:25:16,1,24295.19,216.0,1,0,0,1.0
TXN1009849,escalation,2026-01-22 03:25:16,0,0.0,,1,1,0,15.0
TXN1009850,retry,2026-01-22 15:53:58,1,1032.45,207.0,2,0,0,2.0
TXN1009850,reminder,2026-01-22 18:28:58,1,1032.45,32.0,1,0,0,1.0
TXN1009850,escalation,2026-01-22 17:41:58,0,0.0,,1,1,0,15.0
TXN1009856,retry,2026-01-29 09:16:28,1,1636.27,146.0,2,0,0,2.0
TXN1009856,reminder,2026-01-29 07:12:28,1,1636.27,309.0,1,0,0,1.0
TXN1009856,escalation,2026-01-29 06:37:28,0,0.0,,1,1,0,15.0
TXN1009857,retry,2026-06-07 07:08:23,0,0.0,,2,1,0,2.0
TXN1009857,reminder,2026-06-07 08:57:23,1,4453.59,49.0,1,0,0,1.0
TXN1009857,escalation,2026-06-07 07:36:23,1,4453.59,275.0,1,0,0,15.0
TXN1009859,retry,2026-04-03 09:49:49,0,0.0,,3,1,0,2.0
TXN1009859,reminder,2026-04-03 07:45:49,0,0.0,,2,1,0,1.0
TXN1009859,escalation,2026-04-03 09:36:49,0,0.0,,2,1,0,15.0
TXN1009863,retry,2026-02-20 12:01:42,1,4250.49,355.0,3,0,0,2.0
TXN1009863,reminder,2026-02-20 12:32:42,0,0.0,,2,1,0,1.0
TXN1009863,escalation,2026-02-20 12:32:42,1,4250.49,342.0,2,0,0,15.0
TXN1009864,retry,2026-05-19 16:53:23,1,6173.81,61.0,4,0,1,2.0
TXN1009864,reminder,2026-05-19 17:04:23,0,0.0,,3,1,0,1.0
TXN1009864,escalation,2026-05-19 19:15:23,0,0.0,,3,1,0,15.0
TXN1009865,retry,2026-04-16 03:48:50,1,8092.78,160.0,2,0,0,2.0
TXN1009865,reminder,2026-04-16 04:40:50,0,0.0,,1,1,0,1.0
TXN1009865,escalation,2026-04-16 03:02:50,1,8092.78,7.0,1,0,0,15.0
TXN1009866,retry,2026-03-07 09:20:41,0,0.0,,2,1,0,2.0
TXN1009866,reminder,2026-03-07 08:43:41,1,2533.71,340.0,1,0,0,1.0
TXN1009866,escalation,2026-03-07 08:00:41,0,0.0,,1,1,0,15.0
TXN1009870,retry,2026-04-01 16:38:14,1,9159.59,319.0,2,0,0,2.0
TXN1009870,reminder,2026-04-01 16:40:14,1,9159.59,287.0,1,0,0,1.0
TXN1009870,escalation,2026-04-01 15:39:14,1,9159.59,204.0,1,0,0,15.0
TXN1009873,retry,2026-04-14 18:47:52,1,11622.36,182.0,3,0,0,2.0
TXN1009873,reminder,2026-04-14 19:15:52,0,0.0,,2,1,0,1.0
TXN1009873,escalation,2026-04-14 18:05:52,0,0.0,,2,1,0,15.0
TXN1009878,retry,2026-02-15 13:31:03,1,3377.41,295.0,2,0,0,2.0
TXN1009878,reminder,2026-02-15 14:20:03,0,0.0,,1,1,0,1.0
TXN1009878,escalation,2026-02-15 15:52:03,0,0.0,,1,1,0,15.0
TXN1009879,retry,2026-01-18 16:47:54,1,16486.85,300.0,2,0,0,2.0
TXN1009879,reminder,2026-01-18 16:50:54,1,16486.85,304.0,1,0,0,1.0
TXN1009879,escalation,2026-01-18 15:57:54,1,16486.85,350.0,1,0,0,15.0
TXN1009881,retry,2026-01-18 03:46:08,1,3840.09,253.0,3,0,0,2.0
TXN1009881,reminder,2026-01-18 02:38:08,0,0.0,,2,1,0,1.0
TXN1009881,escalation,2026-01-18 02:05:08,0,0.0,,2,1,0,15.0
TXN1009883,retry,2026-05-11 16:42:37,0,0.0,,3,1,0,2.0
TXN1009883,reminder,2026-05-11 16:38:37,1,7653.88,183.0,2,0,0,1.0
TXN1009883,escalation,2026-05-11 18:13:37,0,0.0,,2,1,0,15.0
TXN1009887,retry,2026-03-31 11:46:07,1,7353.96,19.0,2,0,0,2.0
TXN1009887,reminder,2026-03-31 11:42:07,1,7353.96,300.0,1,0,0,1.0
TXN1009887,escalation,2026-03-31 13:44:07,1,7353.96,239.0,1,0,0,15.0
TXN1009891,retry,2026-03-12 00:27:16,1,419.13,270.0,2,0,0,2.0
TXN1009891,reminder,2026-03-12 00:11:16,1,419.13,153.0,1,0,0,1.0
TXN1009891,escalation,2026-03-11 23:58:16,0,0.0,,1,1,1,15.0
TXN1009893,retry,2026-03-18 19:44:12,1,14832.42,126.0,2,0,0,2.0
TXN1009893,reminder,2026-03-18 20:22:12,1,14832.42,124.0,1,0,0,1.0
TXN1009893,escalation,2026-03-18 21:49:12,1,14832.42,311.0,1,0,0,15.0
TXN1009902,retry,2026-04-09 14:44:37,0,0.0,,3,1,0,2.0
TXN1009902,reminder,2026-04-09 14:09:37,1,20290.97,331.0,2,0,0,1.0
TXN1009902,escalation,2026-04-09 14:29:37,1,20290.97,169.0,2,0,0,15.0
TXN1009905,retry,2026-04-18 18:03:54,1,2206.83,57.0,2,0,0,2.0
TXN1009905,reminder,2026-04-18 17:34:54,1,2206.83,31.0,1,0,0,1.0
TXN1009905,escalation,2026-04-18 17:10:54,0,0.0,,1,1,0,15.0
TXN1009906,retry,2026-03-13 05:11:53,0,0.0,,2,1,0,2.0
TXN1009906,reminder,2026-03-13 05:09:53,1,10680.49,199.0,1,0,0,1.0
TXN1009906,escalation,2026-03-13 04:51:53,0,0.0,,1,1,0,15.0
TXN1009907,retry,2026-02-24 17:18:08,1,1455.1,249.0,4,0,1,2.0
TXN1009907,reminder,2026-02-24 17:25:08,0,0.0,,3,1,0,1.0
TXN1009907,escalation,2026-02-24 18:27:08,1,1455.1,334.0,3,0,0,15.0
TXN1009909,retry,2026-03-15 00:46:33,1,55351.96,128.0,3,0,0,2.0
TXN1009909,reminder,2026-03-15 00:46:33,0,0.0,,2,1,0,1.0
TXN1009909,escalation,2026-03-15 02:50:33,1,55351.96,295.0,2,0,0,15.0
TXN1009913,retry,2026-03-27 10:38:36,1,4512.03,192.0,2,0,0,2.0
TXN1009913,reminder,2026-03-27 09:47:36,0,0.0,,1,1,0,1.0
TXN1009913,escalation,2026-03-27 08:24:36,1,4512.03,212.0,1,0,0,15.0
TXN1009920,retry,2026-04-07 05:13:17,1,3163.13,356.0,2,0,0,2.0
TXN1009920,reminder,2026-04-07 05:24:17,1,3163.13,302.0,1,0,0,1.0
TXN1009920,escalation,2026-04-07 06:42:17,0,0.0,,1,1,0,15.0
TXN1009930,retry,2026-02-18 16:55:16,1,3221.56,227.0,2,0,0,2.0
TXN1009930,reminder,2026-02-18 14:43:16,1,3221.56,165.0,1,0,0,1.0
TXN1009930,escalation,2026-02-18 14:22:16,1,3221.56,188.0,1,0,0,15.0
TXN1009931,retry,2026-05-10 08:24:08,0,0.0,,2,1,0,2.0
TXN1009931,reminder,2026-05-10 08:45:08,0,0.0,,1,1,0,1.0
TXN1009931,escalation,2026-05-10 09:02:08,0,0.0,,1,1,0,15.0
TXN1009935,retry,2026-04-08 07:42:57,1,7851.75,276.0,4,0,1,2.0
TXN1009935,reminder,2026-04-08 05:42:57,1,7851.75,83.0,3,0,0,1.0
TXN1009935,escalation,2026-04-08 07:05:57,1,7851.75,34.0,3,0,0,15.0
TXN1009939,retry,2026-05-27 14:48:22,0,0.0,,2,1,0,2.0
TXN1009939,reminder,2026-05-27 16:16:22,1,5160.63,328.0,1,0,0,1.0
TXN1009939,escalation,2026-05-27 14:34:22,1,5160.63,51.0,1,0,0,15.0
TXN1009941,retry,2026-03-29 03:59:12,1,9525.19,269.0,3,0,0,2.0
TXN1009941,reminder,2026-03-29 04:10:12,0,0.0,,2,1,0,1.0
TXN1009941,escalation,2026-03-29 04:22:12,0,0.0,,2,1,0,15.0
TXN1009944,retry,2026-02-19 22:57:17,1,2795.13,208.0,3,0,0,2.0
TXN1009944,reminder,2026-02-19 23:37:17,1,2795.13,321.0,2,0,0,1.0
TXN1009944,escalation,2026-02-19 22:36:17,1,2795.13,96.0,2,0,0,15.0
TXN1009945,retry,2026-03-18 03:48:05,1,2632.18,156.0,3,0,0,2.0
TXN1009945,reminder,2026-03-18 03:07:05,0,0.0,,2,1,0,1.0
TXN1009945,escalation,2026-03-18 03:13:05,1,2632.18,236.0,2,0,0,15.0
TXN1009949,retry,2026-01-26 10:08:12,1,5390.11,11.0,2,0,0,2.0
TXN1009949,reminder,2026-01-26 10:50:12,0,0.0,,1,1,0,1.0
TXN1009949,escalation,2026-01-26 08:54:12,0,0.0,,1,1,0,15.0
TXN1009951,retry,2026-06-16 17:10:46,1,6483.55,164.0,2,0,0,2.0
TXN1009951,reminder,2026-06-16 17:16:46,1,6483.55,44.0,1,0,0,1.0
TXN1009951,escalation,2026-06-16 18:32:46,1,6483.55,334.0,1,0,0,15.0
TXN1009952,retry,2026-01-28 05:59:30,1,1709.0,177.0,2,0,0,2.0
TXN1009952,reminder,2026-01-28 06:04:30,1,1709.0,316.0,1,0,0,1.0
TXN1009952,escalation,2026-01-28 05:38:30,1,1709.0,93.0,1,0,0,15.0
TXN1009954,retry,2026-01-21 10:22:21,0,0.0,,2,1,0,2.0
TXN1009954,reminder,2026-01-21 10:03:21,1,14236.95,139.0,1,0,0,1.0
TXN1009954,escalation,2026-01-21 11:19:21,0,0.0,,1,1,0,15.0
TXN1009958,retry,2026-01-23 23:12:35,1,2278.34,86.0,3,0,0,2.0
TXN1009958,reminder,2026-01-24 01:36:35,0,0.0,,2,1,0,1.0
TXN1009958,escalation,2026-01-24 01:04:35,0,0.0,,2,1,0,15.0
TXN1009959,retry,2026-02-15 00:27:23,1,2711.38,31.0,2,0,0,2.0
TXN1009959,reminder,2026-02-15 01:01:23,0,0.0,,1,1,0,1.0
TXN1009959,escalation,2026-02-15 01:30:23,0,0.0,,1,1,0,15.0
TXN1009964,retry,2026-05-02 19:30:27,1,2338.22,350.0,2,0,0,2.0
TXN1009964,reminder,2026-05-02 19:13:27,0,0.0,,1,1,0,1.0
TXN1009964,escalation,2026-05-02 19:37:27,1,2338.22,90.0,1,0,0,15.0
TXN1009966,retry,2026-01-26 23:36:27,1,8211.88,192.0,2,0,0,2.0
TXN1009966,reminder,2026-01-27 00:28:27,0,0.0,,1,1,0,1.0
TXN1009966,escalation,2026-01-26 22:27:27,1,8211.88,295.0,1,0,0,15.0
TXN1009970,retry,2026-05-06 16:38:38,0,0.0,,3,1,0,2.0
TXN1009970,reminder,2026-05-06 17:34:38,0,0.0,,2,1,0,1.0
TXN1009970,escalation,2026-05-06 19:04:38,0,0.0,,2,1,0,15.0
TXN1009971,retry,2026-04-02 04:18:00,1,1712.21,349.0,3,0,0,2.0
TXN1009971,reminder,2026-04-02 02:54:00,0,0.0,,2,1,0,1.0
TXN1009971,escalation,2026-04-02 04:13:00,1,1712.21,268.0,2,0,0,15.0
TXN1009975,retry,2026-06-10 03:28:50,1,13039.67,185.0,2,0,0,2.0
TXN1009975,reminder,2026-06-10 04:33:50,0,0.0,,1,1,0,1.0
TXN1009975,escalation,2026-06-10 04:06:50,1,13039.67,93.0,1,0,0,15.0
TXN1009976,retry,2026-05-18 03:51:50,0,0.0,,2,1,0,2.0
TXN1009976,reminder,2026-05-18 05:51:50,1,7841.69,351.0,1,0,0,1.0
TXN1009976,escalation,2026-05-18 06:10:50,0,0.0,,1,1,0,15.0
TXN1009977,retry,2026-04-19 02:14:38,1,2104.26,177.0,2,0,0,2.0
TXN1009977,reminder,2026-04-19 02:45:38,0,0.0,,1,1,0,1.0
TXN1009977,escalation,2026-04-19 03:40:38,1,2104.26,164.0,1,0,0,15.0
TXN1009987,retry,2026-02-03 13:22:00,1,6384.07,303.0,2,0,0,2.0
TXN1009987,reminder,2026-02-03 14:31:00,0,0.0,,1,1,0,1.0
TXN1009987,escalation,2026-02-03 13:44:00,1,6384.07,356.0,1,0,0,15.0
TXN1009988,retry,2026-04-01 05:10:08,1,3895.87,346.0,4,0,1,2.0
TXN1009988,reminder,2026-04-01 03:22:08,1,3895.87,226.0,3,0,0,1.0
TXN1009988,escalation,2026-04-01 04:08:08,1,3895.87,255.0,3,0,0,15.0
TXN1009990,retry,2026-04-06 08:57:37,1,8661.94,327.0,2,0,0,2.0
TXN1009990,reminder,2026-04-06 07:30:37,1,8661.94,102.0,1,0,0,1.0
TXN1009990,escalation,2026-04-06 07:40:37,1,8661.94,228.0,1,0,0,15.0
TXN1009991,retry,2026-05-28 06:09:01,0,0.0,,2,1,0,2.0
TXN1009991,reminder,2026-05-28 05:08:01,1,826.73,247.0,1,0,0,1.0
TXN1009991,escalation,2026-05-28 06:19:01,1,826.73,140.0,1,0,0,15.0
TXN1009993,retry,2026-05-01 22:12:01,1,2024.29,264.0,3,0,0,2.0
TXN1009993,reminder,2026-05-01 23:00:01,1,2024.29,258.0,2,0,0,1.0
TXN1009993,escalation,2026-05-01 22:07:01,0,0.0,,2,1,0,15.0
TXN1009999,retry,2026-02-05 19:31:23,1,9165.22,293.0,2,0,0,2.0
TXN1009999,reminder,2026-02-05 20:17:23,1,9165.22,130.0,1,0,0,1.0
TXN1009999,escalation,2026-02-05 21:03:23,1,9165.22,39.0,1,0,0,15.0
